brand,product_name,model_number,category,subcategory,technical_specs,short_description,long_description,product_image_url,datasheet_url,type_id,classification_path,source_url
Sika,Sikafloor®-264 SG,264,Flooring And Coating,Industrial Flooring,"{""part a at 23 c"": ""~1.73 kg/l"", ""part b at 23 c"": ""~1.00 kg/l"", ""mixed resin at 23 c"": ""~1.55 kg/l"", ""15 nmm"": ""(BS 1881 Part 207)"", ""short-term max 12 h"": ""+100 °C"", ""30 c"": ""~18 h"", ""substrate temperature"": ""Minimum"", ""10 c"": ""~72 h"", ""20 c"": ""~24 h"", ""temperature"": ""Foot Traffic"", ""coating system"": ""Product"", ""primer"": ""1 - 2 x Sikafloor® -161"", ""levelling optional"": ""Sikafloor® PS or,"", ""roller coating"": ""2 x Sikafloor®-264 SG"", ""textured roller coating"": ""1 - 2 x Sikafloor®-264 SG + Extender T"", ""textured roller coating with improved slip resistance"": ""10 pbw Sikafloor®-264 SG + Extender T + 1 pbw Sikadur®-504"", ""broadcast system"": ""Sikafloor®-264 SG + broadcasting Sikadur®-507 / Sikadur®-509 + Sealcoat Sikafloor®-264 SG"", ""packaging"": ""Please refer to local country price list for available packaging sizes: \n   \n   Part A (container)  4.12 kg  19.80 kg  23.10 kg  Part B (container)  0.88 kg  4.20 kg  4.90 kg  Part A + B (set)  5.00 kg  24.00 kg  28.00 kg"", ""colour"": ""Resin - Part A  Coloured, liquid  Hardener - Part B  Transparent, liquid  \n  Available in various colour shades, please request Sika sales representative for colour chart. Under direct sun light there might be some discolouration and colour variation which have no influence on the function and performance of the coating."", ""composition"": ""Pigmented epoxy resin"", ""shelf_life"": ""12 months from date of production."", ""storage_conditions"": ""Store in a dry area in original sealed packaging at temperatures between +5 °C and +30 °C. Protect from direct sunlight, heat and moisture."", ""density"": ""Part A (at 23 °C)~1.73 kg/lPart B (at 23 °C)~1.00 kg/lMixed resin (at 23 °C)~1.55 kg/l""}","Sikafloor®-264 SG is a two-part, high-build, solvent free, coloured epoxy resin.Suitable for use in hot and tropical climatic conditions.","Sikafloor®-264 SG is a two-part, high-build, solvent free, coloured epoxy resin. Suitable for use in hot and tropical climatic conditions. Please refer to local country price list for available packaging sizes:",,,,,https://gcc.sika.com/en/construction/flooring-and-coating/industrial-flooring/epoxy-flooring/sikafloor-264-sg.html
Sika,Sikafloor®-3240,3240,Flooring And Coating,Industrial Flooring,"{""packaging"": ""Part A  20.25 kg containers  Part B  4.75 kg containers  Part A + B  25.0 kg ready to mix units"", ""colour"": ""Part A  Coloured, liquid  Part B  Transparent, liquid  \n   \n  Sikafloor®-3240 is available in broad range of colours."", ""composition"": ""Polyurethane (PUR)"", ""shelf_life"": ""12 months from date of production"", ""storage_conditions"": ""The product must be stored properly in original, unopened and undamaged sealed packaging, in dry conditions at temperatures between +5 °C and +30 °C."", ""density"": ""Part A  ~1.4 kg/l  Part B  ~1.3 kg/l  Mixed resin (filled 1:0.5)  ~1.6 kg/l  \n   \n  Filling 1:0.5 with quartz sand F34 0.1–0.3 mm. All Density values at +23 °C.""}","Sikafloor®-3240 is a two part solvent free, coloured self-smoothing PUR resin, total solid according to Deutsche Bauchemie, with tough-elastic properties. Sikafloor®-3240 makes use of Sika&#39;s unique i-Cure technology to improve surface aesthetics and reduce sensitivity for ambient humidity during application. Suitable for use in hot and tropical climatic conditions.","Sikafloor®-3240 is a two part solvent free, coloured self-smoothing PUR resin, total solid according to Deutsche Bauchemie, with tough-elastic properties. Sikafloor®-3240 makes use of Sika's unique i-Cure technology to improve surface aesthetics and reduce sensitivity for ambient humidity during application. Suitable for use in hot and tropical climatic conditions.",,,,,https://gcc.sika.com/en/construction/flooring-and-coating/industrial-flooring/polyurethane-flooring/sikafloor-3240.html
Sika,Sikafloor®-305 W,305,Flooring And Coating,Industrial Flooring,"{""part a"": ""~1.33 kg/l"", ""part b"": ""~1.13 kg/l"", ""part a  b"": ""10. kg ready to mix units"", ""mixed resin"": ""~1.18 kg/l"", ""temperatures"": ""Time"", ""10 c"": ""~30 h"", ""20 c"": ""~16 h"", ""30 c"": ""~12 h"", ""temperature"": ""Foot traffic"", ""packaging"": ""Part A8.5 kg containersPart B1.5 kg containersPart A + B10. kg ready to mix units"", ""colour"": ""Sikafloor®-305 W is matt after final curing. Available in various colour shades and as substrates for local tinting."", ""composition"": ""PUR"", ""shelf_life"": ""Part A: 6 months from date of productionPart B: 12 months from date of production"", ""storage_conditions"": ""The packaging must be stored properly in original, unopened and undamaged sealed packaging, in dry conditions at temperatures between +5 °C and +30 °C."", ""density"": ""Part A~1.33 kg/lPart B~1.13 kg/lMixed resin~1.18 kg/l\n  All Density values at +23 °C""}","Sikafloor®-305 W is a two part water based, low VOC, polyurethane, coloured matt seal coat. Suitable for use in hot and tropical climatic conditions.","Sikafloor®-305 W is a two part water based, low VOC, polyurethane, coloured matt seal coat. Suitable for use in hot and tropical climatic conditions.",,,,,https://gcc.sika.com/en/construction/flooring-and-coating/industrial-flooring/polyurethane-flooring/sikafloor-305-w.html
Sika,Sikafloor®-161,161,Flooring And Coating,Industrial Flooring,"{""resin - part a"": ""Brownish-transparent, liquid"", ""hardener - part b"": ""Transparent, liquid"", ""part a"": ""~1.6 kg/l"", ""part b"": ""~1.0 kg/l"", ""mixed resin"": ""~1.4 kg/l"", ""76 7 d  23 c"": ""(DIN 53 505)"", ""15 nmm² failure in concrete"": ""(ISO 4624)"", ""short-term max 12 h"": ""+100 °C"", ""30 c"": ""16 h"", ""priming"": ""1 - 2 x Sikafloor®-161"", ""levelling mortar medium surface roughness up to 2 mm"": ""1 pbw Sikafloor®-161 + 1 - 3 pbw Sikadur®-504"", ""intermediate layer self-smoothing 15 - 3 mm"": ""1 pbw Sikafloor®-161 + 1 - 3 pbw Sikadur®-504"", ""bonding bridge"": ""1 - 2 x Sikafloor®-161"", ""packaging"": ""Please refer to local country price list for available packaging sizes: \n   Part A  3.95 kg containers  Part B  1.05 kg containers  Part A + B  5 kg ready to mix units  \n   \n   Part A  15.8 kg containers  Part B  4.2 kg containers  Part A + B  20 kg ready to mix units  \n   \n   Part A  19.75 kg containers  Part B  5.25 kg containers  Part A + B  25 kg ready to mix units  \n   \n   Part A  3 drums 220 kg  Part B  1 drum 177 kg  Part A + B  3 drums Part A (220 kg) + 1 drum part B (177 kg) = 837 kg"", ""colour"": ""Resin - Part ABrownish-transparent, liquidHardener - Part BTransparent, liquid"", ""composition"": ""Epoxy"", ""shelf_life"": ""24 months from date of production"", ""storage_conditions"": ""The packaging must be stored properly in original, unopened and undamaged sealed packaging, in dry conditions at temperatures between +5 °C and +30 °C."", ""density"": ""Part A~1.6 kg/lPart B~1.0 kg/lMixed Resin~1.4 kg/l\n  All density values at +23 °C""}","Sikafloor®-161 is an economic, two part, low viscosity epoxy resin. Suitable for use in hot and tropical climatic conditions.","Sikafloor®-161 is an economic, two part, low viscosity epoxy resin. Suitable for use in hot and tropical climatic conditions. Please refer to local country price list for available packaging sizes:",,,,,https://gcc.sika.com/en/construction/flooring-and-coating/industrial-flooring/epoxy-flooring/sikafloor-161.html
Sika,Sikafloor®-359 SG,359,Flooring And Coating,Industrial Flooring,"{""short-term max 4 h"": ""+100 °C"", ""10 c"": ""~40 min"", ""20 c"": ""~25 min"", ""30 c"": ""~16 h"", ""packaging"": ""Part A: 16.5 kg containers Part B: 3.5 kg containers Part A + B: 20.0 kg ready to mix units"", ""colour"": ""Resin - Part A: Coloured liquid Hardener - Part B: Transparent liquid Check local standard colour range"", ""composition"": ""Polyurethane"", ""shelf_life"": ""12 months minimum from date of production if stored properly in original, unopened and undamaged sealed packaging"", ""storage_conditions"": ""Store in dry conditions in original sealed packaging and at temperatures between +5 °C and +35 °C."", ""density"": ""Mixed resin: ~1.19 kg/l (25 °C), may vary with colour""}","Sikafloor®-359 SG is a two part tough-elastic, coloured, UV resistant, non-yellowing, polyurethane seal coat for smooth and broadcasted finishes. Suitable for use in hot and tropical climatic conditions.","Sikafloor®-359 SG is a two part tough-elastic, coloured, UV resistant, non-yellowing, polyurethane seal coat for smooth and broadcasted finishes. Suitable for use in hot and tropical climatic conditions.",,,,,https://gcc.sika.com/en/construction/flooring-and-coating/industrial-flooring/polyurethane-flooring/sikafloor-359-sg.html
Sika,Sikafloor® TC 257,257,Flooring And Coating,Industrial Flooring,"{""packaging"": ""22.5 kg (18 L) units (Part A + Part B)"", ""colour"": ""Standard colours: Basalt Grey, Black Grey, May Green, Oxide Red, Brilliant Blue, Light Grey, Traffic Grey, Reseda Green \n  Please request local Sika representative for standard colour chart. \n  Other colors are available on request."", ""composition"": ""Polyurethane resin"", ""shelf_life"": ""12 months from date of production"", ""storage_conditions"": ""Store in a dry area in original sealed packaging at temperatures between +5°C and +30°C. Protect from direct sunlight, heat and moisture."", ""density"": ""Mixed resin: ~1.25 g/l (at 25°C), may vary with colour""}","Sikafloor® TC 257 is a two-component, hardwearing, pigmented, aliphatic polyurethane coating, designed for application in heavily trafficked areas. It provides a UV-resistant, hard-elastic surface resistant to chemicals and abrasion. Suitable for use in hot and tropical climatic conditions.","Sikafloor® TC 257 is a two-component, hardwearing, pigmented, aliphatic polyurethane coating, designed for application in heavily trafficked areas. It provides a UV-resistant, hard-elastic surface resistant to chemicals and abrasion. Suitable for use in hot and tropical climatic conditions. Standard colours: Basalt Grey, Black Grey, May Green, Oxide Red, Brilliant Blue, Light Grey, Traffic Grey, Reseda Green Please request local Sika representative for standard colour chart.",,https://gcc.sika.com/dam/dms/gcc/q/pds-sikafloor-tc257.pdf,,,https://gcc.sika.com/en/construction/flooring-and-coating/industrial-flooring/polyurethane-flooring/sikafloor-tc-257.html
Sika,Sikafloor® SR,,Flooring And Coating,Industrial Flooring,"{""packaging"": ""25 kg triple ply sacks"", ""shelf_life"": ""24 months from date of production"", ""storage_conditions"": ""Store in undamaged, unopened, original sealed packaging in dry conditions at temperatures between +5°C and +35°C. Protect from direct sunlight, heat and moisture.""}","Sikafloor® SR aggregates are used with various resin products to produce industrial floors filled coatings, slip-resistant profiles and creation of mechanical key for subsequent coatings. Available in various gradings: Product name: Aggregate size: Sikafloor® SR 1 0 - 0.3 mm Sikafloor® SR 2 0.3 - 0.7 mm Sikafloor® SR 30.3 -0.9 mmSikafloor® SR 51 - 2 mm","Sikafloor® SR aggregates are used with various resin products to produce industrial floors filled coatings, slip-resistant profiles and creation of mechanical key for subsequent coatings. Available in various gradings: Product name: Aggregate size: Sikafloor® SR 1 0 - 0.3 mm Sikafloor® SR 2 0.3 - 0.7 mm Sikafloor® SR 30.3 -0.9 mmSikafloor® SR 51 - 2 mm Store in undamaged, unopened, original sealed packaging in dry conditions at temperatures between +5°C and +35°C. Protect from direct sunlight, heat and moisture. Refer to applicable Sika® product or system Method Statement.",,https://gcc.sika.com/dam/dms/gcc/w/pds-sikafloor-sr.pdf,,,https://gcc.sika.com/en/construction/flooring-and-coating/industrial-flooring/accessories/sikafloor-sr.html
Sika,Sikalastic® M 811 R ME,811R,Roofing,Liquid Applied Membrane,"{""component a resin"": ""~60–80 °C"", ""component b iso"": ""~60–80 °C"", ""hose"": ""~70 °C"", ""minimum waiting time"": ""Maximum waiting time"", ""immediate"": ""~24 hours"", ""2 hours"": ""~24 hours"", ""packaging"": ""Component A (Resin)200 kg drumComponent B (Iso)200 kg drum"", ""colour"": ""Component A (Resin)liquid / greyComponent B (Iso)liquid / clear (yellowish) \n  Cures to a grey membrane. UV light exposure may lead to yellowing."", ""composition"": ""Polyurea / polyurethane hybrid"", ""shelf_life"": ""Component A (Resin)12 months from date of productionComponent B (Iso)12 months from date of production"", ""storage_conditions"": ""The product must be stored properly in original, unopened and undamaged sealed packaging in dry conditions at temperatures between +5 °C and +30 °C. Higher storage temperatures may reduce shelf life of product. Reference shall also be made to the storage recommendations within the safety data sheet."", ""density"": ""Component A (Resin)1.03 g/cm³Component B (Iso)1.10 g/cm³ \n  Values at +25 °C""}","Sikalastic® M 811 R ME is a two-component polyurea / polyurethane hybrid waterproofing membrane. It is highly reactive with rapid setting time and needs to be applied by special, two-component spray machine. Sikalastic® M 811 R ME cures to form an elastic, crack-bridging, seamless, waterproofing membrane. Suitable for use in hot and tropical climatic conditions.","Sikalastic® M 811 R ME is a two-component polyurea / polyurethane hybrid waterproofing membrane. It is highly reactive with rapid setting time and needs to be applied by special, two-component spray machine. Sikalastic® M 811 R ME cures to form an elastic, crack-bridging, seamless, waterproofing membrane. Suitable for use in hot and tropical climatic conditions. Cures to a grey membrane. UV light exposure may lead to yellowing. The product must be stored properly in original, unopened and undamaged sealed packaging in dry conditions at temperatures between +5 °C and +30 °C. Higher storage temperatures may reduce shelf life of product. Reference shall also be made to the storage recommendations within the safety data sheet.",,https://gcc.sika.com/dam/dms/gcc/i/pds-sikalastic-m811rme.pdf,,,https://gcc.sika.com/en/construction/roofing/liquid-applied-membrane/sikalastic-m-811rme.html
Sika,Sikalastic®-851,851,Waterproofing,Liquid Applied Membrane,"{""85"": ""(DIN 53505)"", ""13 mg"": ""H17 / 1000 g / 1000 cy"", ""480 mg"": ""H22 / 1000 g / 1000 cy"", ""class a5"": ""Static"", ""class b42"": ""Dynamic"", ""cementitious substrates"": ""Sika® Concrete Primer or Sikafloor®-161 lightly broadcast with quartz sand, 0.3 – 0.8 mm, for example Sikadur®-507"", ""permanently submerged area"": ""Sikafloor®-161 lightly broadcast with quartz sand, 0.3 – 0.8 mm, for example Sikadur®-507"", ""packaging"": ""Part A  211 kg drums ~189 L (Isocyanate)  Part B  202 kg drums ~189 L (Polyol/ -amine)"", ""colour"": ""Part A  Clear  Part B  Grey  \n  Grey, approximately RAL 7004"", ""composition"": ""Poyurethane/ Polyurea Hybrid"", ""shelf_life"": ""12 month from date of production"", ""storage_conditions"": ""The packaging must be stored properly in original, unopened and undamaged sealed packaging, in dry conditions at temperatures between +5 °C and +30 °C. Protected from direct sunlight."", ""density"": ""Part A  ~1.08 kg/l  Part B  ~1.04 kg/l  \n  Density values determined at +20 °C"", ""viscosity"": ""Temperature  Part A  Part B +20 °C ~2300 mPas  ~2300 mPas""}","Sikalastic®-851 is a two part, elastic, 100 % solids, very fast curing and coloured Polyurethane/ Polyurea-Hybrid liquid applied membrane with moderate chemical resistance. Suitable for use in hot and tropical climatic conditions.","Sikalastic®-851 is a two part, elastic, 100 % solids, very fast curing and coloured Polyurethane/ Polyurea-Hybrid liquid applied membrane with moderate chemical resistance. Suitable for use in hot and tropical climatic conditions.",,,,,https://gcc.sika.com/en/construction/waterproofing/liquid-applied-membrane/sikalastic-851.html
Sika,Sikafloor®-324,324,Flooring And Coating,Industrial Flooring,"{""container part a"": ""20.25 kg"", ""container part b"": ""4.75 kg"", ""container part a  part b"": ""25.0 kg"", ""packaging"": ""Container Part A20.25 kg Container Part B4.75 kgContainer Part A + Part B25.0 kg \n  Refer to the current price list for available packaging variations."", ""colour"": ""Part A  Coloured  Part B  Brownish  Cured colour  Available in various colours"", ""composition"": ""Solvent-free polyurethane"", ""shelf_life"": ""12 months from date of production"", ""storage_conditions"": ""The Product must be stored in original, unopened and undamaged sealed packaging in dry conditions at temperatures between +5 °C and +30 °C. Always refer to packaging. Protect from direct sunlight, heat and moisture. \n  Refer to the current Safety Data Sheet for information on safe handling and storage."", ""density"": ""Part A  ~1.4 kg/l  Part B  ~1.2 kg/l  Mixed Product  ~1.6 kg/l (filled 1 : 0.5 with quartz sand 0.1–0.3 mm)  \n  All density values at +23 °C.""}","Sikafloor®-324 is a two part solvent free, pigmented, aromatic polyurethane resin, with tough-elastic properties. Sikafloor®-324 makes use of Sika&#39;s unique i-Cure technology to improve surface aesthetics and reduce sensitivity for ambient humidity during application. Suitable for use in hot and tropical climatic conditions.","Sikafloor®-324 is a two part solvent free, pigmented, aromatic polyurethane resin, with tough-elastic properties. Sikafloor®-324 makes use of Sika's unique i-Cure technology to improve surface aesthetics and reduce sensitivity for ambient humidity during application. Suitable for use in hot and tropical climatic conditions.",,,,,https://gcc.sika.com/en/construction/flooring-and-coating/industrial-flooring/polyurethane-flooring/sikafloor-324.html
Sika,Sikafloor®-161 G,161,Flooring And Coating,Industrial Flooring,"{""part a"": ""23.10 kg"", ""resin - part a"": ""Brownish-transparent, liquid"", ""10 c"": ""24 h"", ""20 c"": ""~30 min"", ""30 c"": ""8 h"", ""substrate temperature"": ""Minimum"", ""coating system"": ""Product"", ""priming"": ""1 - 2 x Sikafloor®-161 G"", ""levelling mortar fine surface roughness  1 mm"": ""1 pbw Sikafloor®-161 G + 0.5 pbw quartz sand (0.1 - 0.3 mm)"", ""packaging"": ""Part A23.10 kgPart B 4.90 kg Part A + B 28 kg ready to mix units"", ""colour"": ""Resin - Part ABrownish-transparent, liquid Hardener - Part B Transparent, liquid"", ""composition"": ""Epoxy resin"", ""shelf_life"": ""12 months from date of production"", ""storage_conditions"": ""The packaging must be stored properly in original, unopened and undamaged sealed packaging, in dry conditions at temperatures between +5 °C and +30 °C. Protect from direct sunlight, heat and moisture."", ""density"": ""Part A  ~1.73 kg/l  Part B  ~1.0 kg/l  Mixed Resin  ~1.55 kg/l  \n  All density values at +23 °C""}","Sikafloor®-161 G is an economic, two part, medium viscosity epoxy resin. Suitable for use in hot and tropical climatic conditions.","Sikafloor®-161 G is an economic, two part, medium viscosity epoxy resin. Suitable for use in hot and tropical climatic conditions.",,,,,https://gcc.sika.com/en/construction/flooring-and-coating/industrial-flooring/epoxy-flooring/sikafloor-161-g.html
Sika,Sikafloor®-264,264,Flooring And Coating,Industrial Flooring,"{""resin - part a"": ""Coloured, liquid"", ""hardener - part b"": ""Transparent, liquid"", ""part a"": ""~1.64 kg/l"", ""part b"": ""~1.00 kg/l"", ""mixed resin"": ""~1.40 kg/l"", ""76 7 d  23 c"": ""(DIN 53 505)"", ""41 mg cs 10  1000  1000 8 d  23 c"": ""(DIN 53 505)"", ""resin filled 1  09 with f34 53 nmm"": ""(EN196-1)"", ""resin filled 1  09 with f34 20 nmm"": ""(EN 196-1)"", ""15 nmm² failure in concrete"": ""(ISO 4624)"", ""exposure"": ""Dry heat"", ""permanent"": ""+50 °C"", ""short-term max 7 d"": ""+80 °C"", ""short-term max 12 h"": ""+100 °C"", ""substrate temperature"": ""Minimum"", ""10 c"": ""~72 h"", ""20 c"": ""~24 h"", ""30 c"": ""~18 h"", ""temperature"": ""Foot traffic"", ""packaging"": ""Please refer to local country price list for available packaging sizes: \n   Part A  3.95 kg containers  Part B  1.05 kg containers  Part A + B  5 kg ready to mix units  \n   \n   Part A  15.8 kg containers  Part B  4.2 kg containers  Part A + B  20 kg ready to mix units  \n   \n   Part A  19.75 kg containers  Part B  5.25 kg containers  Part A + B  25 kg ready to mix units  \n   \n   Part A  3 drums 220 kg  Part B  1 drum 177 kg  Part A + B  3 drums Part A (220 kg) + 1 drum part B (177 kg) = 837 kg"", ""colour"": ""Resin - Part AColoured, liquidHardener - Part BTransparent, liquidExtended colour range \n  RAL 1001, 6021, 7030, 7032, 7035, 7037, 7038, 7040, 7042, 9002 Other colours on request.\n  Under direct sun light there may be some discolouration and colour variation; this has no influence on the function and performance of the coating."", ""composition"": ""Epoxy"", ""shelf_life"": ""24 months from date of production"", ""storage_conditions"": ""The product must be stored in original, unopened and undamaged sealed packaging in dry conditions at temperatures between +5 °C and +30 °C."", ""density"": ""Part A~1.64 kg/lPart B~1.00 kg/lMixed resin~1.40 kg/l\n  All Density values at +23 °C.""}",Sikafloor®-264 is a two part coloured epoxy resin. Suitable for use in hot and tropical climatic conditions.,Sikafloor®-264 is a two part coloured epoxy resin. Suitable for use in hot and tropical climatic conditions. Please refer to local country price list for available packaging sizes:,,,,,https://gcc.sika.com/en/construction/flooring-and-coating/industrial-flooring/epoxy-flooring/sikafloor-264.html
Sika,Sikagard®-65 WN BH,65,Flooring And Coating,Industrial Coating,"{""temperature"": ""+20 °C"", ""minimum curing time before transportation of segments"": ""12 hours"", ""fully cured"": ""10 days"", ""single coat application on segments"": ""1 x Sikagard®-65 WN BH"", ""double coat application on segments"": ""1 x Sikagard®-65 WN BH"", ""packaging"": ""20 kg sets (Part A + B)"", ""colour"": ""Grey"", ""composition"": ""Water-dispersed epoxy resin"", ""shelf_life"": ""12 months from date of production."", ""storage_conditions"": ""Store in unopened, undamaged and sealed original packaging in dry conditions at temperatures between +5 °C and +30 °C. Protect from direct sunlight, heat and moisture."", ""density"": ""~1.35 kg/l (at +20°C, mixed A and B)""}","Sikagard®-65 WN BH is a solvent-free, water-dispersed, two part epoxy resin for curing and protection of precast concrete segments immediately after de-moulding. It is designed and formulated to meet high durability demands in aggressive environments. Suitable for use in hot and tropical climatic conditions.","Sikagard®-65 WN BH is a solvent-free, water-dispersed, two part epoxy resin for curing and protection of precast concrete segments immediately after de-moulding. It is designed and formulated to meet high durability demands in aggressive environments. Suitable for use in hot and tropical climatic conditions.",,,,,https://gcc.sika.com/en/construction/flooring-and-coating/industrial-coating/sikagard-65-wn-bh.html
Sika,Sikafloor®-263 SL,263,Flooring And Coating,Industrial Flooring,"{""part a"": ""~1.50 kg/l"", ""30 c"": ""16 h"", ""10c"": ""~ 72 hours"", ""20c"": ""~ 24 hours"", ""30c"": ""~ 18 hours"", ""packaging"": ""Please refer to local country price list for available packaging sizes: \n   Part A  15.8 kg containers  Part B  4.2 kg containers  Part A + B  20 kg ready to mix units  \n   \n   Part A  19.75 kg containers  Part B  5.25 kg containers  Part A + B  25 kg ready to mix units"", ""colour"": ""Resin - Part A  Coloured, liquid  Hardener - Part B  Transparent, liquid  \n  Available in various colour shades, please request Sika sales representative for colour chart. \n  Under direct sun light there may be some discolouration and colour variation; this has no influence on the function and performance of the coating."", ""composition"": ""Pigmented epoxy resin"", ""shelf_life"": ""24 months from date of production"", ""storage_conditions"": ""The product must be stored in original, unopened and undamaged sealed packaging in dry conditions at temperatures between +5 °C and +30 °C."", ""density"": ""Part A~1.50 kg/l Part B  ~1.00 kg/l  Mixed resin ~1.44 kg/l Filled resin in ratio (1:1) with Sikadur®-504 ~1.83 kg/l Filled resin in ratio (1:1.25) with Sikadur®-504 ~1.89 kg/l \n  Note: All Density values at +23 °C.""}","Sikafloor®-263 SL is a two part (filler supplied separately), self-smoothing, pigmented, epoxy resin for flooring application. Suitable for use in hot and tropical climatic conditions.","Sikafloor®-263 SL is a two part (filler supplied separately), self-smoothing, pigmented, epoxy resin for flooring application. Suitable for use in hot and tropical climatic conditions. Please refer to local country price list for available packaging sizes:",,,,,https://gcc.sika.com/en/construction/flooring-and-coating/industrial-flooring/epoxy-flooring/sikafloor-263-sl.html
Sika,Sikafloor®-305 W ESD,305,Flooring And Coating,Industrial Flooring,"{""container part a"": ""8.5 kg"", ""container part b"": ""1.5 kg"", ""container part a  part b"": ""10 kg"", ""part a"": ""6 months from date of production"", ""part b"": ""12 months from date of production"", ""cured appearance"": ""matt finish"", ""15 nmm² failure in concrete"": ""(EN 1542)"", ""body voltage generation"": ""< 100 V"", ""part a  part b by weight"": ""85 : 15"", ""30c"": ""16 hours"", ""packaging"": ""Container Part A8.5 kgContainer Part B1.5 kgContainer Part A + Part B10 kg\n  Refer to the current price list for available packaging variations."", ""colour"": ""Part Acoloured, liquidPart Byellowish, liquidCured appearancematt finish"", ""composition"": ""Water-based polyurethane"", ""shelf_life"": ""Part A6 months from date of productionPart B12 months from date of production"", ""storage_conditions"": ""The Product must be stored in original, unopened and undamaged sealed packaging in dry conditions at temperatures between +5°C and +30°C. Always refer to packaging. \n  Refer to the current Safety Data Sheet for information on safe handling and storage."", ""density"": ""Part A  ~1.40 kg/l  Part B  ~1.16 kg/l  Mixed Product  ~1.36 kg/l""}","Sikafloor®-305 W ESD is a two part water-based, low VOC, polyurethane, coloured, matt ESD seal coat. It is used with the Sikafloor® epoxy and polyurethane flooring systems.","Sikafloor®-305 W ESD is a two part water-based, low VOC, polyurethane, coloured, matt ESD seal coat. It is used with the Sikafloor® epoxy and polyurethane flooring systems.",,,,,https://gcc.sika.com/en/construction/flooring-and-coating/industrial-flooring/polyurethane-flooring/sikafloor-305-wesd.html
Sika,Sika® Permacor®-2330,2330,Flooring And Coating,Industrial Coating,"{""by weight"": ""100 : 15"", ""by volume"": ""5.1 : 1"", ""10 c after"": ""18 h"", ""15 c after"": ""10 h"", ""20 c after"": ""8 h"", ""25 c after"": ""6 h"", ""30 c after"": ""4 h"", ""voc"": ""~36.0 g/m"", ""packaging"": ""Sika® Permacor®-2330  28.75 kg and 11.5 kg net."", ""colour"": ""RAL- and NCS-colour shades, glossyOthers upon request."", ""shelf_life"": ""2 years"", ""storage_conditions"": ""In originally sealed containers in a cool and dry environment."", ""density"": ""~1.3 kg/l""}",Sika® Permacor®-2330 is a 2-pack acrylic polyurethane top coat. Suitable for use in hot and tropical climatic conditions.,Sika® Permacor®-2330 is a 2-pack acrylic polyurethane top coat. Suitable for use in hot and tropical climatic conditions.,,,,,https://gcc.sika.com/en/construction/flooring-and-coating/industrial-coating/sika-permacor-2330.html
Sika,Sikagard®-63 N,63,Flooring And Coating,Industrial Coating,"{""part a"": ""8.70 kg container"", ""part b"": ""1.3 kg container"", ""part a  b"": ""10 kg ready to mix unit"", ""mixed resin 135 kgl"": ""(EN ISO 2811-1)"", ""15 nmm"": ""(EN 24624)"", ""10 nmm"": ""(EN 24624)"", ""exposure"": ""Dry heat"", ""permanent"": ""+40 °C"", ""max 3 days"": ""+60 °C"", ""temperature"": ""Minimum"", ""10 c"": ""9 h"", ""20 c"": ""5 h"", ""30 c"": ""4 h"", ""packaging"": ""Part A8.70 kg containerPart B1.3 kg containerPart A + B10 kg ready to mix unit"", ""colour"": ""RAL 7032 (pebble grey), other on request"", ""composition"": ""Epoxy resin"", ""shelf_life"": ""12 month from date of production"", ""storage_conditions"": ""The packaging must be stored properly in original, unopend and undamaged sealed packaging, in dry conditions at temperatures between +5 °C and +30 °C. Protected from direct sunlight."", ""density"": ""Mixed resin ~1.35 kg/l(EN ISO 2811-1)\n  Density values determined at +23 °C""}","Sikagard®-63 N is a two part, rigid, total solid, coloured epoxy resin based protective coating. Suitable for use in hot and tropical climates.","Sikagard®-63 N is a two part, rigid, total solid, coloured epoxy resin based protective coating.",,,,,https://gcc.sika.com/en/construction/flooring-and-coating/industrial-coating/sikagard-63-n.html
Sika,Sikagard®-62,62,Flooring And Coating,Industrial Coating,"{""part a"": ""3.75 kg drums"", ""part b"": ""1.25 kg drums"", ""80"": ""(DIN 5305)"", ""max 12 h"": ""+100°C"", ""30c"": ""~10 min"", ""packaging"": ""Part A3.75 kg drumsPart B1.25 kg drums"", ""colour"": ""RAL 7032 (pebble grey), other on request"", ""composition"": ""Epoxy resin"", ""shelf_life"": ""Part A: 18 months Part B: 18 months From date of production if stored properly."", ""storage_conditions"": ""The packaging must be stored properly in original, unopened and undamaged sealed packaging, in dry conditions at temperatures between +5°C and +30°C. Protected from direct sunlight."", ""density"": ""Part A  ~1.45 kg/l  Part B  ~1.02 kg/l  \n   \n  Mixed resin ~1.37 kg/l \n  Density values determined at +23°C""}","Sikagard®-62 is a two part, rigid, 100 % solids, coloured high build epoxy resin based protective coating. Suitable for hot and tropical climatic conditions.","Sikagard®-62 is a two part, rigid, 100 % solids, coloured high build epoxy resin based protective coating. Suitable for hot and tropical climatic conditions.",,,,,https://gcc.sika.com/en/construction/flooring-and-coating/industrial-coating/sikagard-62.html
Sika,SikaCor® EG-5,5,Flooring And Coating,Industrial Coating,"{""sikacor eg-5"": ""30 kg and 10 kg net."", ""by weight"": ""90 : 10"", ""by volume"": ""7.1 : 1"", ""10 c"": ""13 h"", ""20 c"": ""5 h"", ""30 c"": ""~4 h"", ""5 c"": ""18 h"", ""40 c"": ""3 h"", ""80 c"": ""45 min"", ""0 c"": ""52 h"", ""dry film thickness"": ""60 μm"", ""wet film thickness"": ""100 μm"", ""consumption"": ""~0.130 kg/m²"", ""voc"": ""~33.2 g/m²"", ""packaging"": ""SikaCor® EG-530 kg and 10 kg net."", ""colour"": ""RAL and NCS colour shades"", ""shelf_life"": ""2 years from date of manufacture"", ""storage_conditions"": ""In originally sealed containers in a cool and dry environment."", ""density"": ""~1.3 kg/l""}",SikaCor® EG-5 is a 2-pack acrylic polyurethane top coat. Suitable for use in hot and tropical climatic conditions.,SikaCor® EG-5 is a 2-pack acrylic polyurethane top coat. Suitable for use in hot and tropical climatic conditions. In originally sealed containers in a cool and dry environment.,,,,,https://gcc.sika.com/en/construction/flooring-and-coating/industrial-coating/sikacor-eg-5.html
Sika,Sika Boom® S,,Sealing Bonding,Expansion Foam,"{""packaging"": ""500 ml can with rubber valve, 12 cans per box 750 ml can with rubber valve, 12 cans per box"", ""colour"": ""Light yellow"", ""composition"": ""1-Component polyurethane"", ""shelf_life"": ""Sika Boom® S has a shelf life of 12 months from the date of production, if stored properly in undamaged, original, sealed packaging, and if the storage conditions are met. Opened cans of Sika Boom® S must be used within 4 weeks."", ""storage_conditions"": ""Sika Boom® S shall be stored in an upright position, in dry conditions, protected from direct sunlight and at temperatures between +5 °C and +25 °C.""}","Sika Boom® S is a 1-component, fast curing polyurethane foam made for easy application.","Sika Boom® S is a 1-component, fast curing polyurethane foam made for easy application.",,,,,https://gcc.sika.com/en/construction/sealing-bonding/expansion-foam/sika-boom-s.html
Sika,Sika Boom®-115 Flame resistant,115,Sealing Bonding,Expansion Foam,"{""packaging"": ""750 ml can with rubber valve, 12 cans per box"", ""colour"": ""Pink"", ""composition"": ""1-Component polyurethane"", ""shelf_life"": ""Sika Boom®-115 Flame resistant has a shelf life of 12 months from the date of production, if stored properly in undamaged, original, sealed packaging, and if the storage conditions are met. Opened cans of Sika Boom®-115 Flame resistant must be used within 2 weeks."", ""storage_conditions"": ""Sika Boom®-115 Flame resistant shall be stored in an upright position, in dry conditions, protected from direct sunlight and at temperatures between +5 °C and +25 °C."", ""density"": ""~14-20 kg/m3""}","Sika Boom®-115 Flame resistant is a Flame Resistant, 1-componant PUR foam. Sika Boom®-115 Flame resistant is designed for application where low flammability or flame retardant rating is required. Suitable for use in hot and tropical climatic conditions.","Sika Boom®-115 Flame resistant is a Flame Resistant, 1-componant PUR foam. Sika Boom®-115 Flame resistant is designed for application where low flammability or flame retardant rating is required. Suitable for use in hot and tropical climatic conditions.",,,,,https://gcc.sika.com/en/construction/sealing-bonding/expansion-foam/sika-boom-115-flameresistant.html
Sika,SikaTop®-550 Seal,550,Waterproofing,Waterproofing Mortar,"{""20c"": ""~6 hours"", ""packaging"": ""Available in 20 kg double pack"", ""colour"": ""Available in three standard colours: \n  Light GreyWhite Dark Grey"", ""composition"": ""Component A: Powder Component B: Liquid"", ""shelf_life"": ""9 months from date of production if stored properly in undamaged and original sealed packaging."", ""storage_conditions"": ""Store in original unopened packaging in cool and dry conditions between +5 °C and +35 °C. Protect from direct sunlight and frost."", ""density"": ""~1.82 kg/l (fresh mortar at +25°C)""}","SikaTop®-550 Seal is a two-component acrylic modified cementitious coating that requires on site mixing to form product to waterproof and resurface concrete, masonry, and most other construction materials. Can be applied by stiff brush, roller, or trowel, it forms a waterproof coating. SikaTop®-550 Seal provides an effective barrier to waterborne salts and atmospheric gases. Fluid applied, SikaTop®-550 Seal provides a hard wearing, seamless, waterproof membrane. SikaTop®-550 Seal is composed of specially selected cements, silica sand and reactive fillers supplied in powder form together with a liquid component of blended acrylic copolymers and wetting agents. Suitable for use in hot and tropical climatic conditions.","SikaTop®-550 Seal is a two-component acrylic modified cementitious coating that requires on site mixing to form product to waterproof and resurface concrete, masonry, and most other construction materials. Can be applied by stiff brush, roller, or trowel, and it forms a waterproof coating. SikaTop®-550 Seal provides an effective barrier to waterborne salts and atmospheric gases. Fluid applied, SikaTop®-550 Seal provides a hard wearing, seamless, waterproof membrane. SikaTop®-550 Seal is composed of specially selected cements, silica sand and reactive fillers supplied in powder form together with a liquid component of blended acrylic copolymers and wetting agents. Suitable for use in hot and tropical climatic conditions.",,https://gcc.sika.com/dam/dms/gcc/r/pds-sikatop-550seal.pdf,,,https://gcc.sika.com/en/construction/waterproofing/waterproofing-mortar/sikatop-550-seal.html
Sika,Sika Waterbar®-940,940,Waterproofing,Joint Waterproofing,"{""standard profile"": ""Width (mm)"", ""iej internal expansion joints"": ""150 , 200 and 250"", ""icj internal construction  contraction joints"": ""150 , 200 and 250"", ""eej external expansion joints"": ""150 , 200 and 250"", ""ecj external construction  contraction joints"": ""150 , 200 and 250"", ""icjx"": ""250"", ""iejx"": ""250"", ""eejx"": ""250"", ""ecjx"": ""250"", ""80- 85"": ""(ASTM D2240)"", ""packaging"": ""Standard Profile:Width (mm) Roll size  IEJ (Internal Expansion Joints)150 , 200 and 250 15 mICJ (Internal Construction / Contraction Joints)150 , 200 and 250 15 mEEJ (External Expansion Joints)150 , 200 and 250 15 m ECJ (External Construction / Contraction Joints)150 , 200 and 250 15 m Special profile with 10 mm thick:ICJ/X 25010 m IEJ/X 25010 m EEJ/X 25010 m ECJ/X 25010 m  \n  320 mm and 350 mm special size available for some profiles, please contact Sika presentative.For detailed shape and illustration of waterbar options, please refer to General Method Statement."", ""colour"": ""Blue or Yellow"", ""composition"": ""PVC-P (plasticized)"", ""shelf_life"": ""Up to 60 months from date of production."", ""storage_conditions"": ""Store in undamaged, unopened, original sealed packaging in dry conditions at temperatures between +5°C and +35°C. Protect from direct sunlight, heat and moisture.""}",Sika Waterbar®-940 is a range of centrally placed and externally placed PVC Waterstops extruded from high grade PVC compound.,"Sika Waterbar®-940 is a range of centrally placed and externally placed PVC Waterstops extruded from high grade PVC compound. Store in undamaged, unopened, original sealed packaging in dry conditions at temperatures between +5°C and +35°C. Protect from direct sunlight, heat and moisture.",,https://gcc.sika.com/dam/dms/gcc/e/pds-sika-waterbar-940.pdf,,,https://gcc.sika.com/en/construction/waterproofing/joint-waterproofing/sika-waterbar-940.html
Sika,Sikacrete®-113 PP SR,113,Refurbishment,Concrete Repair,"{""packaging"": ""25 kg bag"", ""colour"": ""Grey powder"", ""composition"": ""Sulfate resistant cement, selected fillers and aggregates, special additives"", ""shelf_life"": ""12 months minimum from date of production"", ""storage_conditions"": ""Store in undamaged, unopened, original sealed packaging in dry condition at temperatures between +5 °C and +35 °C. Protect from direct sunlight, heat and moisture."", ""fresh_mortar_density"": ""~2.3 kg/l (25 °C)""}","Sikacrete®-113 PP SR is a cementitious, sulfate resistant, pre-bagged, free flowing, one component, non-shrink precision micro-concrete with high early and ultimate strength. Suitable for use in hot and tropical climatic conditions.","Sikacrete®-113 PP SR is a cementitious, sulfate resistant, pre-bagged, free flowing, one component, non-shrink precision micro-concrete with high early and ultimate strength. Suitable for use in hot and tropical climatic conditions. Sulfate resistant cement, selected fillers and aggregates, special additives",,,,,https://gcc.sika.com/en/construction/refurbishment/concrete-repair/sikacrete-113-ppsr.html
Sika,Sika MonoTop®-412 HS,412H,Refurbishment,Concrete Repair,"{""packaging"": ""25 kg paper bags"", ""colour"": ""Grey powder"", ""composition"": ""Polymer containing cementitious mortar with different additives and synthetic fibres"", ""shelf_life"": ""12 months minimum from date of production"", ""storage_conditions"": ""Store in a cool, dry area in original sealed packaging and at temperatures between +5 °C and +35 °C. Protect from direct sunlight, heat and moisture."", ""fresh_mortar_density"": ""~2.20 kg/l""}","Sika MonoTop®-412 HS is a single component cementitious, silica fume containing, synthetic fibre reinforced, structural repair mortar that contains Portland Cement, well graded sands, specially selected fibres and additives to improve the fresh and hardened properties. Suitable for use in hot and tropical climatic conditions.","Sika MonoTop®-412 HS is a single component cementitious, silica fume containing, synthetic fibre reinforced, structural repair mortar that contains Portland Cement, well graded sands, specially selected fibres and additives to improve the fresh and hardened properties. Suitable for use in hot and tropical climatic conditions. Sika MonoTop®-412 HS follows the main requirements of EN 1504-3:2006 class R4",,,,,https://gcc.sika.com/en/construction/refurbishment/concrete-repair/sika-monotop-412hs.html
Sika,SikaEmaco® P 5000 AP,5000A,Refurbishment,Concrete Repair,"{""corrosion protection"": ""pass"", ""shear adhesion of coated steel to concrete in comparison to uncoated steel to concrete"": ""≥ 80 %"", ""packaging"": ""5 kg plastic pail"", ""colour"": ""Light grey powder"", ""shelf_life"": ""12 months from production date"", ""storage_conditions"": ""Store in a cool and dry area in original packaging and at temperatures below +30 °C. Protect from direct sunlight, heat and moisture."", ""fresh_mortar_density"": ""~1.80 g/cm³  (EN 1015-6)""}","SikaEmaco® P 5000 AP is a single component, polymer modified, cementitious bonding and active protective primer used in concrete repair works. SikaEmaco® P 5000 AP reinstates a high pH environment and provides active corrosion inhibition to protect reinforcement steel. It can also be used as an adhesive bonding slurry for subsequent repair mortars. When mixed with water, it forms a slurry that can be applied by brush to the clean exposed reinforcement, or directly on the dampened, prepared concrete substrate when used as a bonding coat.","SikaEmaco® P 5000 AP is a single component, polymer modified, cementitious bonding and active protective primer used in concrete repair works. SikaEmaco® P 5000 AP reinstates a high pH environment and provides active corrosion inhibition to protect reinforcement steel. It can also be used as an adhesive bonding slurry for subsequent repair mortars. When mixed with water, it forms a slurry that can be applied by brush to the clean exposed reinforcement, or directly on the dampened, prepared concrete substrate when used as a bonding coat. Store in a cool and dry area in original packaging and at temperatures below +30 °C. Protect from direct sunlight, heat and moisture.",,https://gcc.sika.com/dam/dms/gcc/n/pds-sikaemaco-p-5000ap.pdf,,,https://gcc.sika.com/en/construction/refurbishment/concrete-repair/sikaemaco-p-5000ap.html
Sika,SikaLatex®,,Refurbishment,Concrete Repair,"{""25 mm"": ""0.1 - 5.0 mm"", ""packaging"": ""20 L cans and 200 L drums"", ""colour"": ""White liquid"", ""composition"": ""Styrene butadiene emulsion"", ""shelf_life"": ""12 months"", ""storage_conditions"": ""Store properly in undamaged original sealed packaging, in dry cool conditions at temperatures between 5 °C and 30 °C. Protect from direct sunlight, contamination and moisture."", ""density"": ""~1.0 kg/l"", ""total_chloride_ion_content"": ""≤ 0.1 %""}",SikaLatex® is a synthetic rubber emulsion that is used as admixture for cementitious bonding bridges and high quality site-mix mortars. Suitable for use in hot and tropical climatic conditions.,"SikaLatex® is a synthetic rubber emulsion that is used as admixture for cementitious bonding bridges and high quality site-mix mortars. Suitable for use in hot and tropical climatic conditions. SikaLatex® is certified according ""Low Emitting Materials as per Al Sa'fat - Dubai Green Building Evaluation System"" by Dubai Central Laboratory (DCL) certificate No. CL17020432",,,,,https://gcc.sika.com/en/construction/refurbishment/concrete-repair/sikalatex.html
Sika,SikaBond® DV,,Refurbishment,Concrete Repair,"{""nil"": ""(EN 934-2)"", ""5 - 15  mm"": ""0 - 3.0 mm"", ""15 mm"": ""0 - 7.0 mm"", ""packaging"": ""20 L pails, 25 L pails and 200 L drums"", ""colour"": ""White liquid"", ""composition"": ""Styrene Butadiene Rubber"", ""shelf_life"": ""12 months minimum from production date"", ""storage_conditions"": ""Store in a dry area in original packaging and at temperatures between +5°C and +35°C. Protect from direct sunlight, heat and moisture."", ""density"": ""~1.00 kg/l (+25°C)"", ""total_chloride_ion_content"": ""Nil(EN 934-2)""}",SikaBond® DV is a synthetic rubber emulsion that is used as admixture for cementitious bonding bridges and high quality site-mix mortars. Suitable for use in hot and tropical climatic conditions.,"SikaBond® DV is a synthetic rubber emulsion that is used as admixture for cementitious bonding bridges and high quality site-mix mortars. Suitable for use in hot and tropical climatic conditions. SikaBond® DV follows the requirements of ASTM C1059 for Type II for bonding fresh to hardened concrete, when applied as a bonding slurry.",,,,,https://gcc.sika.com/en/construction/refurbishment/concrete-repair/sikabond-dv.html
Sika,SikaEmaco® N 307,307,Refurbishment,Concrete Repair,"{""packaging"": ""20 kg bags"", ""colour"": ""Light Grey"", ""shelf_life"": ""12 months from date of production"", ""storage_conditions"": ""Store in original unopened packaging in cool and dry condition between +5 °C and +35 °C. Protect from direct sunlight, heat and moisture."", ""density"": ""~1.7 kg/l (25°C)""}","SikaEmaco® N 307 is a single component acrylic polymer modified repair mortar for use as a &#34;fairing coat&#34; or cosmetic mortar. When mixed with water, as directed, a fine grey trowellable mortar results which can readily be applied to fill in pores, blowholes and blemishes on a concrete surface. SikaEmaco® N 307 can be used as a &#39;skim&#39; coat prior to the application of protective coatings. SikaEmaco® N 307 is specially formulated to produce a shrinkage compensating mortar with no cracking when applied in a thin section. Suitable for use in hot and tropical climatic conditions.","SikaEmaco® N 307 is a single component acrylic polymer modified repair mortar for use as a ""fairing coat"" or cosmetic mortar. When mixed with water, as directed, a fine grey trowellable mortar results which can readily be applied to fill in pores, blowholes and blemishes on a concrete surface. SikaEmaco® N 307 can be used as a 'skim' coat prior to the application of protective coatings. SikaEmaco® N 307 is specially formulated to produce a shrinkage compensating mortar with no cracking when applied in a thin section. Suitable for use in hot and tropical climatic conditions.",,https://gcc.sika.com/dam/dms/gcc/1/pds-sikaemaco-n-307.pdf,,,https://gcc.sika.com/en/construction/refurbishment/concrete-repair/sikaemaco-n-307.html
Sika,SikaRep® SA,,Refurbishment,Concrete Repair,"{""packaging"": ""25 kg bag"", ""colour"": ""Grey Powder"", ""composition"": ""Polymer containing cementitious mortar with different additives"", ""shelf_life"": ""12 months minimum from production date"", ""storage_conditions"": ""Store in a dry area in original sealed packaging at temperatures between +5 °C and +35 °C. Protect from direct sunlight, heat and moisture."", ""fresh_mortar_density"": ""~2.05 kg/l (25 °C)""}","SikaRep® SA is a cementitious, silica fume and polymer containing, one-component repair mortar. Suitable for use in hot and tropical climatic conditions.","SikaRep® SA is a cementitious, silica fume and polymer containing, one-component repair mortar. Suitable for use in hot and tropical climatic conditions. Polymer containing cementitious mortar with different additives",,,,,https://gcc.sika.com/en/construction/refurbishment/concrete-repair/sikarep-sa.html
Sika,SikaRep® Fine,,Refurbishment,Concrete Repair,"{""packaging"": ""25 kg bag"", ""colour"": ""Grey Powder"", ""composition"": ""Polymer containing cementitious mortar with different additives."", ""shelf_life"": ""12 months minimum from production date."", ""storage_conditions"": ""Store in undamaged, unopened, original sealed packaging in dry conditions at temperatures between 5 °C and 35 °C. Protect from direct sunlight, heat and moisture."", ""fresh_mortar_density"": ""~1.90 kg/l""}","SikaRep® Fine is a cementitious, silica fume containing, polymer modified one component pore sealer and finishing mortar. Suitable for use in hot and tropical climatic conditions.","SikaRep® Fine is a cementitious, silica fume containing, polymer modified one component pore sealer and finishing mortar. Suitable for use in hot and tropical climatic conditions. Polymer containing cementitious mortar with different additives.",,,,,https://gcc.sika.com/en/construction/refurbishment/concrete-repair/sikarep-fine.html
Sika,SikaRep® Fine PC,,Refurbishment,Concrete Repair,"{""packaging"": ""25 kg bag"", ""colour"": ""Grey powder"", ""composition"": ""Polymer containing cementitious mortar with different additives"", ""shelf_life"": ""12 months minimum from production date"", ""storage_conditions"": ""Store in undamaged, unopened, original sealed packaging in dry conditions at temperatures between +5 °C and +35 °C. Protect from direct sunlight, heat and moisture."", ""fresh_mortar_density"": ""~1.90 kg/l""}","SikaRep® Fine PC is a cementitious, silica fume containing polymer modified one component pore sealer and finishing mortar. Suitable for use in hot and tropical climatic conditions.","SikaRep® Fine PC is a cementitious, silica fume containing polymer modified one component pore sealer and finishing mortar. Suitable for use in hot and tropical climatic conditions. Polymer containing cementitious mortar with different additives",,,,,https://gcc.sika.com/en/construction/refurbishment/concrete-repair/sikarep-fine-pc.html
Sika,Sikacrete®-105 Gunit HSF,105,Refurbishment,Concrete Repair,"{""packaging"": ""25 kg and 40 kg bag"", ""colour"": ""Grey"", ""composition"": ""Cementitious mortar with different additives"", ""shelf_life"": ""12 months minimum from production date"", ""storage_conditions"": ""Store in dry area in unopened original packaging at temperatures between +5 °C and +35 °C. Protect from direct sunlight, heat and moisture."", ""density"": ""~2.2 kg/l (+20 °C) (fresh mortar)""}","Sikacrete®-105 Gunit HSF is a one component, un-accelerated, cementitious, silica fume based dry spray mortar with fibers and high ultimate strength. Suitable for use in hot and tropical climatic conditions.","Sikacrete®-105 Gunit HSF is a one component, un-accelerated, cementitious, silica fume based dry spray mortar with fibers and high ultimate strength. Suitable for use in hot and tropical climatic conditions.",,,,,https://gcc.sika.com/en/construction/refurbishment/concrete-repair/sikacrete-105-gunithsf.html
Sika,SikaRep® NF,,Refurbishment,Concrete Repair,"{""50 nmm"": ""(ASTM C109)"", ""15 nmm"": ""(BS 1881 Part 208)"", ""packaging"": ""25 kg bag"", ""colour"": ""Grey powder"", ""composition"": ""Polymer containing cementitious mortar with different additives"", ""shelf_life"": ""12 months minimum from production"", ""storage_conditions"": ""Store in a dry area in original sealed packaging at temperatures between +5 °C and +35 °C. Protect from direct sunlight, heat and moisture."", ""fresh_mortar_density"": ""~2.25 kg/l (25 °C)""}","SikaRep® NF is a cementitious, synthetic fibre reinforced, silica fume and polymer containing, one-component repair mortar. Suitable for use in hot and tropical climatic conditions.","SikaRep® NF is a cementitious, synthetic fibre reinforced, silica fume and polymer containing, one-component repair mortar. Suitable for use in hot and tropical climatic conditions. Polymer containing cementitious mortar with different additives",,,,,https://gcc.sika.com/en/construction/refurbishment/concrete-repair/sikarep-nf.html
Sika,SikaRep® N,,Refurbishment,Concrete Repair,"{""50 nmm"": ""(ASTM C109)"", ""15 nmm"": ""(BS 1881 Part 208)"", ""packaging"": ""25 kg bag"", ""colour"": ""Grey powder"", ""composition"": ""Polymer containing cementitious mortar with different additives"", ""shelf_life"": ""12 months minimum from production"", ""storage_conditions"": ""Store in a dry area in original sealed packaging at temperatures between +5 °C and +35 °C. Protect from direct sunlight, heat and moisture."", ""fresh_mortar_density"": ""~2.25 kg/l (25 °C)""}","SikaRep® N is a cementitious, silica fume and polymer containing, one-component repair mortar. Suitable for use in hot and tropical climatic conditions","SikaRep® N is a cementitious, silica fume and polymer containing, one-component repair mortar. Suitable for use in hot and tropical climatic conditions Polymer containing cementitious mortar with different additives",,,,,https://gcc.sika.com/en/construction/refurbishment/concrete-repair/sikarep-n.html
Sika,Sika MonoTop®-610,610,Refurbishment,Concrete Repair,"{""packaging"": ""25 kg bags"", ""colour"": ""Pink / grey powder"", ""composition"": ""Portland cement, silica fume, re-dispersible polymer powder, selected aggregates and additives"", ""shelf_life"": ""12 months from date of production."", ""storage_conditions"": ""Store properly in undamaged original sealed packaging, in dry cool conditiones between +5 °C and +35 °C. Protect from direct sunlight, heat and moisture."", ""fresh_mortar_density"": ""~2.0 kg/l""}","Sika MonoTop®-610 is a cementitious, polymer modified one-component coating material containing silica fume used as bonding primer and reinforcement corrosion protection. Suitable for use in hot and tropical climatic conditions.","Sika MonoTop®-610 is a cementitious, polymer modified one-component coating material containing silica fume used as bonding primer and reinforcement corrosion protection. Suitable for use in hot and tropical climatic conditions. Portland cement, silica fume, re-dispersible polymer powder, selected aggregates and additives",,,,,https://gcc.sika.com/en/construction/refurbishment/concrete-repair/sika-monotop-610.html
Sika,SikaRep® Fine SA,,Refurbishment,Concrete Repair,"{""packaging"": ""25 kg bag"", ""colour"": ""Grey Powder"", ""composition"": ""Polymer containing cementitious mortar with different additives."", ""shelf_life"": ""12 months minimum from production date"", ""storage_conditions"": ""Store in undamaged, unopened, original sealed packaging in dry conditions at temperatures between +5 °C and +35 °C. Protect from direct sunlight, heat and moisture."", ""fresh_mortar_density"": ""~1.65 kg/l (25 °C)""}","SikaRep® Fine SA is a cementitious, silica fume containing, polymer modified one component pore sealer and finishing mortar. Suitable for use in hot and tropical climatic conditions.","SikaRep® Fine SA is a cementitious, silica fume containing, polymer modified one component pore sealer and finishing mortar. Suitable for use in hot and tropical climatic conditions. Polymer containing cementitious mortar with different additives.",,,,,https://gcc.sika.com/en/construction/refurbishment/concrete-repair/sikarep-fine-sa.html
Sika,SikaEmaco® S 488 PM,488,Refurbishment,Concrete Repair,"{""packaging"": ""25 kg bags"", ""colour"": ""Grey powder"", ""composition"": ""Polymer containing cementitious mortar with different additives and synthetic fibres"", ""shelf_life"": ""12 months from date of production"", ""storage_conditions"": ""Store in a cool, dry area in original sealed packaging and at temperatures between +5 °C and +35 °C. Protect from direct sunlight, heat and moisture."", ""fresh_mortar_density"": ""~2.19 kg/l (+25 °C)""}","SikaEmaco® S 488 PM is a polymer modified, single component, cementitious, synthetic fibre reinforced, structural repair mortar that contains Portland Cement, well graded sands, specially selected fibres and additives to improve the fresh and hardened properties. Suitable for use in hot and tropical climatic conditions.","SikaEmaco® S 488 PM is a polymer modified, single component, cementitious, synthetic fibre reinforced, structural repair mortar that contains Portland Cement, well graded sands, specially selected fibres and additives to improve the fresh and hardened properties. Suitable for use in hot and tropical climatic conditions. Polymer containing cementitious mortar with different additives and synthetic fibres",,https://gcc.sika.com/dam/dms/gcc/e/pds-sikaemaco-s-488pm.pdf,,,https://gcc.sika.com/en/construction/refurbishment/concrete-repair/sikaemaco-s-488-pm.html
Sika,SikaRep® Fine N,,Refurbishment,Concrete Repair,"{""packaging"": ""25 kg bag"", ""colour"": ""Grey Powder"", ""composition"": ""Polymer containing cementitious mortar with different additives"", ""shelf_life"": ""12 months from production date."", ""storage_conditions"": ""Store in undamaged, unopened, original sealed packaging in dry conditions at temperatures between 5 °C and 35 °C. Protect from direct sunlight, heat and moisture."", ""fresh_mortar_density"": ""~1.90 kg/l""}","SikaRep® Fine N is a cementitious, silica fume containing, polymer modified one component pore sealer and finishing mortar. Suitable for use in hot and tropical climatic conditions.","SikaRep® Fine N is a cementitious, silica fume containing, polymer modified one component pore sealer and finishing mortar. Suitable for use in hot and tropical climatic conditions. Polymer containing cementitious mortar with different additives",,,,,https://gcc.sika.com/en/construction/refurbishment/concrete-repair/sikarep-fine-n.html
Sika,Sika MonoTop®-615 HSF SA,615H,Refurbishment,Concrete Repair,"{""packaging"": ""25 kg bag"", ""colour"": ""Grey powder"", ""composition"": ""Polymer containing cementitious mortar with different additives and synthetic fibres"", ""shelf_life"": ""12 months minimum from production"", ""storage_conditions"": ""Store in dry area in original sealed packaging at temperatures between +5 °C and +35 °C. Protect from direct sunlight, heat, and moisture."", ""fresh_mortar_density"": ""~2.20 kg/l (+25 °C)""}","Sika MonoTop®-615 HSF SA is a cementitious, synthetic fibre reinforced, silica fume and polymer containing, one-component repair mortar. Suitable for use in hot and tropical climatic conditions.","Sika MonoTop®-615 HSF SA is a cementitious, synthetic fibre reinforced, silica fume and polymer containing, one-component repair mortar. Suitable for use in hot and tropical climatic conditions. Polymer containing cementitious mortar with different additives and synthetic fibres",,,,,https://gcc.sika.com/en/construction/refurbishment/concrete-repair/sika-monotop-615hsfsa.html
Sika,SikaRep® MC-80,80,Refurbishment,Concrete Repair,"{""packaging"": ""25 kg bag"", ""colour"": ""Grey powder"", ""composition"": ""Portland cement, selected fillers and aggregates, special additives"", ""shelf_life"": ""12 months minimum from date of production"", ""storage_conditions"": ""Store in original unopened packaging in a cool and dry condition between +5 °C and +35 °C. Protect from direct sunlight, heat and moisture."", ""fresh_mortar_density"": ""~2.4 kg/l (+25 °C)""}","SikaRep® MC-80 is a cementitious, pre-bagged, free flowing, one component, non-shrink precision grout with high early and ultimate strength. Suitable for use in hot and tropical climatic conditions.","SikaRep® MC-80 is a cementitious, pre-bagged, free flowing, one component, non-shrink precision grout with high early and ultimate strength. Suitable for use in hot and tropical climatic conditions. Portland cement, selected fillers and aggregates, special additives",,,,,https://gcc.sika.com/en/construction/refurbishment/concrete-repair/sikarep-mc-80.html
Sika,Sikacrete® UW-10,10,Refurbishment,Concrete Repair,"{""packaging"": ""40 kg bag"", ""colour"": ""Grey powder"", ""composition"": ""Portland cement, selected fillers and aggregates, special additives."", ""shelf_life"": ""12 months minimum from date of production."", ""storage_conditions"": ""Store in original unopened packaging in cool and dry condition between 5 °C and 35 °C. Protect from direct sunlight, heat and moisture."", ""fresh_mortar_density"": ""~2.4 kg/l""}","Sikacrete® UW-10 is a ready to use, cementitious microconcrete that can be used for applications under water. The microconcrete, when properly mixed, will have no significant &#39;wash out&#39; of the cement phase. Sikacrete® UW-10 is a blend of portland cement, carefully selected and graded aggregates, and Sika admixtures, enabling it to achieve excellent flow, non washout characteristics and high compressive strength. Suitable for use in hot and tropical climatic conditions.","Sikacrete® UW-10 is a ready to use, cementitious microconcrete that can be used for applications under water. The microconcrete, when properly mixed, will have no significant 'wash out' of the cement phase. Sikacrete® UW-10 is a blend of portland cement, carefully selected and graded aggregates, and Sika admixtures, enabling it to achieve excellent flow, non washout characteristics and high compressive strength. Suitable for use in hot and tropical climatic conditions. Portland cement, selected fillers and aggregates, special additives.",,,,,https://gcc.sika.com/en/construction/refurbishment/concrete-repair/sikacrete-uw-10.html
Sika,SikaEmaco® N 202,202,Refurbishment,Concrete Repair,"{""packaging"": ""25 kg bag"", ""colour"": ""Concrete grey"", ""composition"": ""Polymer containing cementitious mortar with different additives"", ""shelf_life"": ""12 months from production date."", ""storage_conditions"": ""Store in undamaged, unopened, original sealed packaging in dry conditions at temperatures between +5°C and +35°C. Protect from direct sunlight, heat and moisture."", ""fresh_mortar_density"": ""~1.85 kg/l (25°C)""}","SikaEmaco® N 202 is a cementitious, polymer modified one component blowhole filler and finishing mortar. Suitable for use in hot and tropical climatic conditions.","SikaEmaco® N 202 is a cementitious, polymer modified one component blowhole filler and finishing mortar. Suitable for use in hot and tropical climatic conditions. Polymer containing cementitious mortar with different additives",,https://gcc.sika.com/dam/dms/gcc/b/pds-sikaemaco-n-202.pdf,,,https://gcc.sika.com/en/construction/refurbishment/concrete-repair/sikaemaco-n-202.html
Sika,Sika® Intraplast® CFG,,Refurbishment,Concrete Repair,"{""036"": ""≥ 27 N/mm"", ""packaging"": ""5 and 10 kg bags"", ""colour"": ""Light grey powder"", ""composition"": ""Blend of organic and inorganic chemicals"", ""shelf_life"": ""12 months"", ""storage_conditions"": ""Store in cool and dry conditions in unopened, undamaged and sealed original packaging at temperatures between +5 °C and +35 °C. Protect from direct sunlight, heat and moisture."", ""density"": ""~2.06 kg/l (20 °C, w/p =0.34) (fresh mixed grout)"", ""bulk_density"": ""~0.66 kg/l (20 °C)"", ""total_chloride_ion_content"": ""Nil (EN 934)""}",Sika® Intraplast® CFG is a cable grout admixture in powder form. It introduces micro bubbles into the mix thereby promoting wet volume expansion and improves flow of the mixed grout without segregation. Suitable for use in tropical and hot climatic conditions.,"Sika® Intraplast® CFG is a cable grout admixture in powder form. It introduces micro bubbles into the mix thereby promoting wet volume expansion and improves flow of the mixed grout without segregation. Suitable for use in tropical and hot climatic conditions. Follows the requirements of ASTM C 938, ASTM C 940 and BS EN 445.",,,,,https://gcc.sika.com/en/construction/refurbishment/concrete-repair/sika-intraplast-cfg.html
Sika,SikaTop® Armatec®-110 EpoCem®,110E,Refurbishment,Concrete Repair,"{""mixed components"": ""Dark grey"", ""bonding primer  reinforcement corrosion protection"": ""SikaTop® Armatec®-110 EpoCem®"", ""light weight repair mortar"": ""Sika MonoTop®, SikaRep® series"", ""structural repair mortar"": ""Sika MonoTop®, SikaRep®, Sikadur® series"", ""pore sealer and levelling mortar"": ""Sika MonoTop®, SikaRep®, Sikagard® series"", ""5 c"": ""+10 °C"", ""packaging"": ""20 kg: A (1.14 kg) + B (2.86 kg) + C (16 kg)"", ""colour"": ""Component A:  White liquid  Component B:  Yellowish liquid  Component C:  Grey powder Mixed components:Dark grey"", ""composition"": ""Portland cement, epoxy resin, selected aggregates and additives"", ""shelf_life"": ""12 months"", ""storage_conditions"": ""Store properly in undamaged original sealed packaging, in dry cool conditions between +5 °C and +25 °C."", ""fresh_mortar_density"": ""A + B + C mixed: ~2.0 kg/l (23 °C)""}","SikaTop® Armatec®-110 EpoCem® is a cementitious, epoxy resin compensated 3-component coating material with corrosion inhibitor, used as bonding primer and reinforcement corrosion protection. SikaTop® Armatec®-110 EpoCem® meets the requirement of EN 1504-7. Suitable for use in hot and tropical climatic conditions.","SikaTop® Armatec®-110 EpoCem® is a cementitious, epoxy resin compensated 3-component coating material with corrosion inhibitor, used as bonding primer and reinforcement corrosion protection. SikaTop® Armatec®-110 EpoCem® meets the requirement of EN 1504-7. Suitable for use in hot and tropical climatic conditions.",,,,,https://gcc.sika.com/en/construction/refurbishment/concrete-repair/sikatop-armatec-110epocem.html
Sika,SikaEmaco® N 301,301,Refurbishment,Concrete Repair,"{""packaging"": ""20 kg bags"", ""colour"": ""Light Grey"", ""shelf_life"": ""12 months from date of production"", ""storage_conditions"": ""Store in original unopened packaging in cool and dry condition between +5 °C and +35 °C. Protect from direct sunlight, heat and moisture"", ""density"": ""~1.7 kg/l (mixed at 25°C)""}","SikaEmaco® N 301 is a single component acrylic polymer modified repair mortar for use as a &#34;fairing coat&#34; or cosmetic mortar. When mixed with water, as directed, a fine grey trowellable mortar results which can readily be applied to fill in pores, blowholes and blemishes on a concrete and masonry surface. SikaEmaco® N 301 is specially formulated to produce a shrinkage compensating mortar with no cracking when applied in a thin section up to 3 mm thickness. SikaEmaco® N 301 is suitable for use in hot and tropical climatic conditions.","SikaEmaco® N 301 is a single component acrylic polymer modified repair mortar for use as a ""fairing coat"" or cosmetic mortar. When mixed with water, as directed, a fine grey trowellable mortar results which can readily be applied to fill in pores, blowholes and blemishes on a concrete and masonry surface. SikaEmaco® N 301 is specially formulated to produce a shrinkage compensating mortar with no cracking when applied in a thin section up to 3 mm thickness. SikaEmaco® N 301 is suitable for use in hot and tropical climatic conditions. Store in original unopened packaging in cool and dry condition between +5 °C and +35 °C. Protect from direct sunlight, heat and moisture",,https://gcc.sika.com/dam/dms/gcc/6/pds-sikaemaco-n-301.pdf,,,https://gcc.sika.com/en/construction/refurbishment/concrete-repair/sikaemaco-n-301.html
Sika,Sika MonoTop®-620 AE,620A,Refurbishment,Concrete Repair,"{""packaging"": ""25 kg bag"", ""colour"": ""Grey powder"", ""composition"": ""Polymer containing cementitious mortar with different additives"", ""shelf_life"": ""12 months minimum from date of production if stored properly in original sealed packaging."", ""storage_conditions"": ""Store in cool and dry conditions in unopened, undamaged and sealed original packaging at temperatures between +10 °C and +40 °C. Protect from direct sunlight, heat and moisture."", ""fresh_mortar_density"": ""~2.00 kg/l""}",Sika MonoTop®-620 AE is a polymer modified cementitious mortar containing silica fume for use as a finishing and protective top coat for concrete repair patches. Suitable for use in hot and tropical climatic conditions.,Sika MonoTop®-620 AE is a polymer modified cementitious mortar containing silica fume for use as a finishing and protective top coat for concrete repair patches. Suitable for use in hot and tropical climatic conditions. Polymer containing cementitious mortar with different additives 12 months minimum from date of production if stored properly in original sealed packaging.,,,,,https://gcc.sika.com/en/construction/refurbishment/concrete-repair/sika-monotop-620ae.html
Sika,Sikacrete®-103 Gunit AE,103,Refurbishment,Concrete Repair,"{""packaging"": ""25 kg and 40 kg bag"", ""colour"": ""Grey"", ""composition"": ""Cementitious mortar with different additives"", ""shelf_life"": ""12 months minimum from production date"", ""storage_conditions"": ""Store in dry area in unopened original packaging at temperatures between +5 °C and +35 °C. Protect from direct sunlight, heat and moisture."", ""density"": ""~2.2 kg/l (+20 °C) (fresh mixed)""}","Sikacrete®-103 Gunit AE is a one component, un-accelerated, cementitious silica fume based dry spray mortar. Suitable for use in hot and tropical climatic conditions.","Sikacrete®-103 Gunit AE is a one component, un-accelerated, cementitious silica fume based dry spray mortar. Suitable for use in hot and tropical climatic conditions.",,,,,https://gcc.sika.com/en/construction/refurbishment/concrete-repair/sikacrete-103-gunitae.html
Sika,SikaEmaco® N 907,907,Refurbishment,Concrete Repair,"{""packaging"": ""Part A - powder component   16.66 kg bag  Part B - liquid component   5 kg jerry can  Total A+B  21.66 kg"", ""colour"": ""Light grey"", ""composition"": ""Blend of portland cement, selected aggregates and liquid acrylic"", ""shelf_life"": ""Part A (powder component)  12 months from production date   Part B (liquid component)  9 months from production date"", ""storage_conditions"": ""Store in a cool, dry area in original sealed packaging and at temperatures between +5 °C and +35 °C. Protect from direct sunlight, heat and moisture."", ""fresh_mortar_density"": ""~1.63 kg/l (25 °C)""}",SikaEmaco® N 907 is a two-component acrylic polymer modified blow hole filler and reprofiling mortar for cement based substrates. Suitable for use in hot and tropical climatic conditions.,SikaEmaco® N 907 is a two-component acrylic polymer modified blow hole filler and reprofiling mortar for cement based substrates. Suitable for use in hot and tropical climatic conditions.,,https://gcc.sika.com/dam/dms/gcc/d/pds-sikaemaco-n-907.pdf,,,https://gcc.sika.com/en/construction/refurbishment/concrete-repair/sikaemaco-n-907.html
Sika,Sikagard®-720 EpoCem®,720,Refurbishment,Concrete Repair,"{""part c - filler"": ""Aggregate powder"", ""finish colour"": ""Matt grey"", ""part a"": ""~1.09 kg/l"", ""mixed a  b  c"": ""~2.08 kg/l"", ""top coating"": ""can be left un-coated or suitable product from the Sikafloor"", ""30 c"": ""~4 d"", ""packaging"": ""Pre-dosed 21 kg sets. \n   Part A  1.14 kg plastic container  Part B  2.86 kg plastic container  Part C  17 kg bag"", ""colour"": ""Part A - Resin  White liquid Part B - Hardener Transparent yellow liquid Part C - FillerAggregate powderFinish ColourMatt grey"", ""composition"": ""Epoxy modified cementitious mortar."", ""shelf_life"": ""Part A, Part B  12 months Part C 9 months"", ""storage_conditions"": ""The product must be stored in original, unopened and undamaged sealed packaging, in dry conditions at temperatures between +5 °C and +30 °C. Protect from direct sunlight, heat and moisture."", ""density"": ""Part A~1.09 kg/l Part B  ~1.02 kg/l  Mixed resin ~1.40 kg/lMixed A + B + C:~2.08 kg/l \n  all density values at +25 °C""}","Sikagard®-720 EpoCem® is a three part, epoxy modified cementitious, thixotropic, fine textured mortar for levelling and finishing of concrete, mortar or stone surfaces. Suitable for use in hot and tropical climatic conditions.","Sikagard®-720 EpoCem® is a three part, epoxy modified cementitious, thixotropic, fine textured mortar for levelling and finishing of concrete, mortar or stone surfaces. Suitable for use in hot and tropical climatic conditions.",,,,,https://gcc.sika.com/en/construction/refurbishment/concrete-repair/sikagard-720-epocem.html
Sika,SikaEmaco® N 105,105,Refurbishment,Concrete Repair,"{""packaging"": ""25 kg bag"", ""colour"": ""Grey Powder"", ""composition"": ""Polymer containing cementitious mortar with different additives"", ""shelf_life"": ""12 months from production date"", ""storage_conditions"": ""Store in undamaged, unopened, original sealed packaging in dry conditions at temperatures between +5°C and +35°C. Protect from direct sunlight, heat and moisture."", ""fresh_mortar_density"": ""~1.85 kg/l (25°C)""}","SikaEmaco® N 105 is a cementitious, polymer modified one component fairing coat. Cosmetic mortar for concrete surfaces. Suitable for use in hot and tropical climatic conditions.","SikaEmaco® N 105 is a cementitious, polymer modified one component fairing coat. Cosmetic mortar for concrete surfaces. Suitable for use in hot and tropical climatic conditions. Polymer containing cementitious mortar with different additives",,https://gcc.sika.com/dam/dms/gcc/z/pds-sikaemaco-n-105.pdf,,,https://gcc.sika.com/en/construction/refurbishment/concrete-repair/sikaemaco-n-105.html
Sika,Sika MonoTop® HSF,,Refurbishment,Concrete Repair,"{""packaging"": ""25 kg paper bags"", ""colour"": ""Grey powder"", ""composition"": ""Polymer containing cementitious mortar with different additives and synthetic fibres"", ""shelf_life"": ""12 months minimum from date of production"", ""storage_conditions"": ""Store in a cool, dry area in original sealed packaging and at temperatures between +5 °C and +35 °C. Protect from direct sunlight, heat and moisture."", ""fresh_mortar_density"": ""~2.15 kg/l (+25 °C)""}","Sika MonoTop® HSF is a single component cementitious, silica fume containing, synthetic fibre reinforced, structural repair mortar that contains Portland Cement, well graded sands, specially selected fibres and additives to improve the fresh and hardened properties. Suitable for use in hot and tropical climatic conditions.","Sika MonoTop® HSF is a single component cementitious, silica fume containing, synthetic fibre reinforced, structural repair mortar that contains Portland Cement, well graded sands, specially selected fibres and additives to improve the fresh and hardened properties. Suitable for use in hot and tropical climatic conditions. Polymer containing cementitious mortar with different additives and synthetic fibres",,,,,https://gcc.sika.com/en/construction/refurbishment/concrete-repair/sika-monotop-hsf.html
Sika,Sikacrete®-213 F,213,Refurbishment,Concrete Repair,"{""packaging"": ""12 kg bags"", ""colour"": ""Grey powder"", ""composition"": ""Cementitious material containing phyllosilicate aggregates"", ""shelf_life"": ""12 months from date of production"", ""storage_conditions"": ""Store in a cool, dry area in original sealed packaging and temperatures between +5°C and +30°C. Protect from direct sunlight, heat and moisture."", ""density"": ""Powder: ~0.37 kg/l Fresh mixed: ~1.18 kg/l 28 days after application: ~0.61 kg/l (sprayed)""}","Cement based pre-bagged, dry mix fire protection mortar for wet sprayed application especially for concrete structures in tunnel construction. Suitable for use in hot and tropical climatic conditions.","Cement based pre-bagged, dry mix fire protection mortar for wet sprayed application especially for concrete structures in tunnel construction. Suitable for use in hot and tropical climatic conditions. Cementitious material containing phyllosilicate aggregates",,,,,https://gcc.sika.com/en/construction/refurbishment/concrete-repair/sikacrete-213-f.html
Sika,SikaEmaco® S 422,422,Refurbishment,Concrete Repair,"{""packaging"": ""25 kg bags"", ""colour"": ""Grey powder"", ""composition"": ""Polymer containing cementitious mortar with different additives and synthetic fibres"", ""shelf_life"": ""12 months from date of production"", ""storage_conditions"": ""Store in a cool, dry area in original sealed packaging and at temperatures between +5 °C and +35 °C. Protect from direct sunlight, heat and moisture."", ""fresh_mortar_density"": ""~2.21 kg/l (+25 °C)""}","SikaEmaco® S 422 is a single component, cementitious, synthetic fibre reinforced, structural repair mortar that contains Portland Cement, well graded sands, specially selected fibres and additives to improve the fresh and hardened properties. Suitable for use in hot and tropical climatic conditions.","SikaEmaco® S 422 is a single component, cementitious, synthetic fibre reinforced, structural repair mortar that contains Portland Cement, well graded sands, specially selected fibres and additives to improve the fresh and hardened properties. Suitable for use in hot and tropical climatic conditions. Polymer containing cementitious mortar with different additives and synthetic fibres",,https://gcc.sika.com/dam/dms/gcc/7/pds-sikaemaco-s-422.pdf,,,https://gcc.sika.com/en/construction/refurbishment/concrete-repair/sikaemaco-s-422.html
Sika,Sikacrete®-114 AE,114,Refurbishment,Concrete Repair,"{""packaging"": ""40 kg bag"", ""colour"": ""Grey mix of powder and aggregates"", ""composition"": ""Portland cement, selected fillers and aggregates, special additives"", ""shelf_life"": ""12 months from the date of production"", ""storage_conditions"": ""Store in original unopened packaging in cool and dry condition between 5 °C and 35 °C. Protect from direct sunlight, heat and moisture."", ""density"": ""~2.4 kg/l  (25 °C) (fresh mortar)""}","Sikacrete®-114 AE is a one component, free-flowing, high strength, shrinkage compensated, cement based micro-concrete with a maximum aggregate size of 10 millimeter. Suitable for use in hot and tropical climatic conditions.","Sikacrete®-114 AE is a one component, free-flowing, high strength, shrinkage compensated, cement based micro-concrete with a maximum aggregate size of 10 millimeter. Suitable for use in hot and tropical climatic conditions. Portland cement, selected fillers and aggregates, special additives",,,,,https://gcc.sika.com/en/construction/refurbishment/concrete-repair/sikacrete-114-ae.html
Sika,Sikadur-Combiflex® SG-10 P,10P,Waterproofing,Joint Waterproofing,"{""12 nmm"": ""(EN 12311-2)"", ""50 nmm"": ""(EN12310-2)"", ""packaging"": ""1 roll of 25 m length \n  Refer to current price list for packaging variations"", ""colour"": ""Flexible light grey membrane"", ""composition"": ""Modified flexible Polyolefin (FPO)"", ""shelf_life"": ""36 months from date of production"", ""storage_conditions"": ""The product must be stored in original, unopened and undamaged sealed packaging in dry conditions. Opened and unprotected rolls must be used within 2 months. Always refer to packaging.""}","Sikadur-Combiflex® SG-10 P is a flexible waterproofing tape based on modified flexible Polyolefin (FPO) with advanced adhesion properties. Thickness 1,0 mm. The product is part of the Sikadur Combiflex® SG System.","Sikadur-Combiflex® SG-10 P is a flexible waterproofing tape based on modified flexible Polyolefin (FPO) with advanced adhesion properties. Thickness 1,0 mm. The product is part of the Sikadur Combiflex® SG System. Refer to current price list for packaging variations",,,,,https://gcc.sika.com/en/construction/waterproofing/joint-waterproofing/sikadur-combiflexsg-10p.html
Sika,SikaSwell® S-2,2,Waterproofing,Joint Waterproofing,"{""sealant"": ""SikaSwell® S-2"", ""adhesive"": ""SikaSwell® S-2"", ""swelling profile"": ""SikaSwell® A or SikaSwell® P"", ""3050 unswollen 7 d  23 c  50  rh"": ""(EN ISO 868)"", ""time"": ""Demineralised water"", ""1 day"": ""~25 %"", ""7 days"": ""~100 %"", ""30 days"": ""~200 %"", ""minimum"": ""+5 °C"", ""maximum"": ""+35 °C"", ""2 mm 23 c  50  rh"": ""(ISO 7390)"", ""1 day 23 c  50  rh"": ""~2.0 mm"", ""10 days 23 c  50  rh"": ""~10.0 mm"", ""60 minutes 23 c  50  rh"": ""(EN 15651-1)"", ""packaging"": ""300 ml cartridges  12 cartridges / box  600 ml unipacks  20 unipacks / box  \n  Refer to current price list for packaging variations"", ""colour"": ""Oxide red"", ""composition"": ""1-part polyurethane, moisture curing"", ""shelf_life"": ""9 months from the date of production"", ""storage_conditions"": ""The product must be stored in original, unopened and undamaged packaging in dry conditions at temperatures between +5 °C and +25 °C. Always refer to packaging."", ""density"": ""1.24 kg/l (at +23 °C) (ISO 2811)""}",SikaSwell® S-2 is a 1-part polyurethane hydrophilic sealant which swells in contact with water to seal all types of construction joints and penetrations in concrete structures. It is used to adhere the SikaSwell® A and SikaSwell® P profiles to the structure. Suitable for use in hot and tropical climatic conditions.,SikaSwell® S-2 is a 1-part polyurethane hydrophilic sealant which swells in contact with water to seal all types of construction joints and penetrations in concrete structures. It is used to adhere the SikaSwell® A and SikaSwell® P profiles to the structure. Suitable for use in hot and tropical climatic conditions.,,,,,https://gcc.sika.com/en/construction/waterproofing/joint-waterproofing/sikaswell-s-2.html
Sika,SikaSwell® A (AE),,Waterproofing,Joint Waterproofing,"{""type"": ""Width"", ""sikaswell a ae 2005"": ""20 mm (±10 %)"", ""sikaswell a ae 2010"": ""20 mm (±10 %)"", ""maximum"": ""+35°C"", ""minimum"": ""-20°C"", ""time"": ""Demineralised water"", ""3 day"": ""~50 %"", ""30 days"": ""~150 %"", ""packaging"": ""Single rolls packed in foil. Multiple single rolls packed in cardboard boxes. Refer to current price list for packaging variations."", ""composition"": ""Acrylic polymer"", ""shelf_life"": ""12 months from the date of production"", ""storage_conditions"": ""The product must be stored in original, unopened and undamaged packaging in dry conditions at temperatures between +5°C and +35°C. Always refer to packaging."", ""density"": ""~1.50 kg/l (at +23°C)""}",SikaSwell® A (AE) is a rectangular acrylic sealing profile. It swells in contact with water to seal all types of construction joints and penetrations in concrete structures.,"SikaSwell® A (AE) is a rectangular acrylic sealing profile. It swells in contact with water to seal all types of construction joints and penetrations in concrete structures. Single rolls packed in foil. Multiple single rolls packed in cardboard boxes. Refer to current price list for packaging variations. The product must be stored in original, unopened and undamaged packaging in dry conditions at temperatures between +5°C and +35°C. Always refer to packaging.",,https://gcc.sika.com/dam/dms/gcc/d/pds-sikaswell-a-ae.pdf,,,https://gcc.sika.com/en/construction/waterproofing/joint-waterproofing/sikaswell-a-ae.html
Sika,Sikadur-Combiflex® SG-20 P,20P,Waterproofing,Joint Waterproofing,"{""16 nmm"": ""(EN 12311-2)"", ""pass method b 24 h 60 kpa"": ""(EN 1928)"", ""pass method b 24h  60 kpa"": ""(EN 1928)"", ""packaging"": ""1 roll of 25 m length \n  Refer to current price list for packaging variations"", ""colour"": ""Flexible light grey membrane"", ""composition"": ""Modified flexible Polyolefin (FPO)"", ""shelf_life"": ""36 months from date of production"", ""storage_conditions"": ""The product must be stored in original, unopened and undamaged sealed packaging in dry conditions. Opened and unprotected rolls must be used within 2 months. Always refer to packaging.""}","Sikadur-Combiflex® SG-20 P is a flexible waterproofing tape based on modified flexible Polyolefin (FPO) with advanced adhesion properties.Thickness 2,0 mm. The product is part of the Sikadur Combiflex® SG System.","Sikadur-Combiflex® SG-20 P is a flexible waterproofing tape based on modified flexible Polyolefin (FPO) with advanced adhesion properties.Thickness 2,0 mm. The product is part of the Sikadur Combiflex® SG System. Refer to current price list for packaging variations",,,,,https://gcc.sika.com/en/construction/waterproofing/joint-waterproofing/sikadur-combiflexsg-20p.html
Sika,SikaSwell® A,,Waterproofing,Joint Waterproofing,"{""150 kgl at 23 c"": ""(EN ISO 2811-1)"", ""type"": ""Width"", ""sikaswell a 2005"": ""20 mm"", ""sikaswell a 2010"": ""20 mm"", ""sikaswell a 2015"": ""20 mm"", ""sikaswell a 2025"": ""20 mm"", ""adhesive"": ""SikaSwell® S-2"", ""swelling profile"": ""SikaSwell® A"", ""10  5"": ""(DIN 53505)"", ""time"": ""Demineralised water"", ""1 day"": ""~50 %"", ""7 days"": ""~130 %"", ""30 days"": ""~150 %"", ""maximum"": ""+35 °C"", ""minimum"": ""+5 °C"", ""packaging"": ""Single rolls packed in vacuum foil. Multiple single rolls packed in cardboard boxes. Refer to current price list for packaging variations."", ""colour"": ""Profile after swelling (left) and before swelling (right)"", ""composition"": ""Acrylic polymer"", ""shelf_life"": ""36 months from the date of production"", ""storage_conditions"": ""The product must be stored in original, unopened and undamaged packaging in dry conditions at temperatures between +5 °C and +35 °C. Always refer to packaging."", ""density"": ""1.50 kg/l (at +23 °C)(EN ISO 2811-1)""}",SikaSwell® A is a rectangular acrylic sealing profile. It swells in contact with water to seal all types of construction joints and penetrations in concrete structures.,"SikaSwell® A is a rectangular acrylic sealing profile. It swells in contact with water to seal all types of construction joints and penetrations in concrete structures. Single rolls packed in vacuum foil. Multiple single rolls packed in cardboard boxes. Refer to current price list for packaging variations. Profile after swelling (left) and before swelling (right) Conforms with LEED v4 MR credit: Building product disclosure and optimization — Material ingredients (option 2) Resistance to water pressure and durability SikaSwell® A2010, SikaSwell® S-2, BBA, Certificate No.13/4994",,,,,https://gcc.sika.com/en/construction/waterproofing/joint-waterproofing/sikaswell-a.html
Sika,Sikalastic®-245,245,Waterproofing,Waterproofing Mortar,"{""27 mpa"": ""(EN ISO 527-3; ISO 527-1)"", ""class a5 minimum 25 mm at 20ºc"": ""(EN 1062-7)"", ""05 mpa at 28 days"": ""(EN 1542)"", ""144"": ""(EN ISO 527-3; ISO 527-1)"", ""zero penetration 28 days at 5 bar"": ""(EN 12390-8)"", ""packaging"": ""15 kg / 20 kg bag (adapt with local packaging)"", ""colour"": ""Beige powder"", ""composition"": ""EVA polymer and cement"", ""shelf_life"": ""12 months from date of production if stored properly in undamaged and unopened original sealed packaging in dry and cool conditions"", ""storage_conditions"": ""Store properly in undamaged and unopened original packaging in cool and dry conditions between +5 °C to +40 °C. The product must be kept out of direct sunlight. The storage area must be kept dry."", ""bulk_density"": ""590 g/l ± 100 g/l (20 ºC)""}","Sikalastic®-245 is a spray applied waterproofing membrane based on a flexible EVA copolymer. It is designed for application on cementitious substrates such as spray concrete primary linings. After application, by dry sprayed process, the membrane cures quickly to form a tough and yet flexible film with a tenacious bond to the substrate. Once the Sikalastic®-245 has cured a secondary lining of sprayed concrete or cast in situ concrete is installed against it creating a fully bonded composite lining.","Sikalastic®-245 is a spray applied waterproofing membrane based on a flexible EVA copolymer. It is designed for application on cementitious substrates such as spray concrete primary linings. After application, by dry sprayed process, the membrane cures quickly to form a tough and yet flexible film with a tenacious bond to the substrate. Once the Sikalastic®-245 has cured a secondary lining of sprayed concrete or cast in situ concrete is installed against it creating a fully bonded composite lining. Test for use in contact with water intended for human consumption, according to SS 375:2001 and BS 6920:2000, (subject to local regulation)",,https://gcc.sika.com/dam/dms/gcc/5/pds-sikalastic-245.pdf,,,https://gcc.sika.com/en/construction/waterproofing/waterproofing-mortar/sikalastic-245.html
Sika,Sikalastic®-152 SA,152,Waterproofing,Waterproofing Mortar,"{""coating by emulsion coat"": ""~2 days"", ""immersion in water"": ""~2 days"", ""packaging"": ""Ready batched 33 kg units:Comp. A (liquid): 8 kg Comp. B (powder): 25 kg"", ""colour"": ""Grey"", ""composition"": ""Cement modified with polymers, selected alkali-resistant aggregates, microsilica and fibres."", ""shelf_life"": ""12 months from the date of production, if stored properly in undamaged original sealed packaging."", ""storage_conditions"": ""In dry and cool conditions."", ""fresh_mortar_density"": ""~1.55 kg/l""}","Sikalastic®-152 SA is a 2-component, crack-bridging, fibre-reinforced cementitious mortar, with low elastic modulus with special additives for waterproofing and protection of concrete subgrades subject to flexural strain. Suitable for use in hot and tropical climates.","Sikalastic®-152 SA is a 2-component, crack-bridging, fibre-reinforced cementitious mortar, with low elastic modulus with special additives for waterproofing and protection of concrete subgrades subject to flexural strain. Suitable for use in hot and tropical climates. Cement modified with polymers, selected alkali-resistant aggregates, microsilica and fibres.",,,,,https://gcc.sika.com/en/construction/waterproofing/waterproofing-mortar/sikalastic-152-sa.html
Sika,SikaSeal®-105,105,Waterproofing,Waterproofing Mortar,"{""30 nmm"": ""(EN 196)"", ""96 nmm"": ""(EN 196)"", ""15 nmm"": ""(ASTM D 4541)"", ""used as slurry a  b"": ""1 : 4 by weight"", ""used as mortar a  b"": ""1 : 4.5 by weight"", ""25 c"": ""+40 °C"", ""60 min"": ""~30 min."", ""packaging"": ""25 kg units (5 kg pails of component A and 20 kg bags of component B)"", ""colour"": ""Component A: White liquidComponent B: Grey powder"", ""composition"": ""Cement, selected graded aggregates and polymer dispersion."", ""shelf_life"": ""12 months minimum from production date if stored properly in original unopened packaging."", ""storage_conditions"": ""Store in a dry area in original sealed packaging between 5 °C and 35 °C. Protect from direct sunlight."", ""density"": ""~2.00 kg/l at 23 °C (fresh mortar)""}","SikaSeal®-105 is a cement based, polymer modified, 2-component, multipurpose waterproofing slurry. SikaSeal®-105 combines a crystallization action and pore blocking effect with the excellent waterproofing ability of special polymers, fillers, and properly graded aggregates. Suitable for use in tropical and hot climatic conditions.","SikaSeal®-105 is a cement based, polymer modified, 2-component, multipurpose waterproofing slurry. SikaSeal®-105 combines a crystallization action and pore blocking effect with the excellent waterproofing ability of special polymers, fillers, and properly graded aggregates. Suitable for use in tropical and hot climatic conditions. 25 kg units (5 kg pails of component A and 20 kg bags of component B) Cement, selected graded aggregates and polymer dispersion.",,,,,https://gcc.sika.com/en/construction/waterproofing/waterproofing-mortar/sikaseal-105.html
Sika,SikaTop®-570 Seal,570,Waterproofing,Waterproofing Mortar,"{""static crack bridging"": ""> 2.5 mm"", ""packaging"": ""Supplied in 23 kg unit"", ""colour"": ""Natural Cement Grey colour"", ""composition"": ""SikaTop®-570 Seal is composed of specially selected cements, silica sand and reactive fillers supplied in powder form together with a liquid component of blended acrylic copolymers and wetting agents."", ""shelf_life"": ""12 months from date of production if stored properly in undamaged and original sealed packaging."", ""storage_conditions"": ""Store in original unopened packaging in a cool and dry condition between +5 °C and +35 °C. Protect from direct sunlight, heat and moisture.Avoid excessive compaction. Do not stack pallets."", ""density"": ""~1.89 kg/l (fresh mortar at +25°C)""}","SikaTop®-570 Seal is a two-component elastomeric acrylic modified cementitious coating that requires only on site mixing to form the ideal product to waterproof and resurface concrete, masonry, and most other construction materials. Simply applied by stiff brush, roller, or trowel, it forms a waterproof, flexible coating. Suitable for use in hot and tropical climatic conditions.","SikaTop®-570 Seal is a two-component elastomeric acrylic modified cementitious coating that requires only on site mixing to form the ideal product to waterproof and resurface concrete, masonry, and most other construction materials. Simply applied by stiff brush, roller, or trowel, it forms a waterproof, flexible coating. Suitable for use in hot and tropical climatic conditions. SikaTop®-570 Seal is composed of specially selected cements, silica sand and reactive fillers supplied in powder form together with a liquid component of blended acrylic copolymers and wetting agents.",,https://gcc.sika.com/dam/dms/gcc/d/pds-sikatop-570seal.pdf,,,https://gcc.sika.com/en/construction/waterproofing/waterproofing-mortar/sikatop-570-seal.html
Sika,Sika MonoTop®-108 Water Plug AE,108W,Waterproofing,Waterproofing Mortar,"{""30 c"": ""~60 seconds"", ""packaging"": ""6 kg plastic bag"", ""colour"": ""Grey powder"", ""composition"": ""Rapid-setting cement powder"", ""shelf_life"": ""6 months"", ""storage_conditions"": ""Store properly in undamaged original sealed packaging, in dry cool conditions."", ""fresh_mortar_density"": ""~2.13 kg/l (+23 °C)""}",Sika MonoTop®-108 Water Plug AE is a rapid-setting cement mortar for plugging water leaks in concrete and masonry walls. Suitable for use in hot and tropical climatic conditions.,Sika MonoTop®-108 Water Plug AE is a rapid-setting cement mortar for plugging water leaks in concrete and masonry walls. Suitable for use in hot and tropical climatic conditions.,,,,,https://gcc.sika.com/en/construction/waterproofing/waterproofing-mortar/sika-monotop-108waterplugae.html
Sika,Sikalastic®-1K,1K,Waterproofing,Waterproofing Mortar,"{""application method"": ""Water dosage"", ""contact with drinkable water"": ""~15 days"", ""packaging"": ""18 kg bags"", ""colour"": ""Light grey"", ""composition"": ""Cement modified with alkali resistant polymers, selected aggregates, fine fillers admixtures, additives and fibres."", ""shelf_life"": ""12 months from date of production"", ""storage_conditions"": ""Store properly in the original packaging, in cool and dry conditions. Protect from water."", ""fresh_mortar_density"": ""~1,5 kg/l""}","Sikalastic®-1K is a one-component, crack-bridging, fibre-reinforced mortar, based on cement modified with special alkali-resistant polymers. Sikalastic®-1K is suitable for application by brush or trowel. Suitable for use in tropical and hot climatic conditions.","Sikalastic®-1K is a one-component, crack-bridging, fibre-reinforced mortar, based on cement modified with special alkali-resistant polymers. Sikalastic®-1K is suitable for application by brush or trowel. Suitable for use in tropical and hot climatic conditions. Cement modified with alkali resistant polymers, selected aggregates, fine fillers admixtures, additives and fibres.",,,,,https://gcc.sika.com/en/construction/waterproofing/waterproofing-mortar/sikalastic-1k.html
Sika,SikaTop®-578 Seal,578,Waterproofing,Waterproofing Mortar,"{""comp a - powder"": ""20 kg"", ""comp b - liquid"": ""10 kg"", ""at 23c"": ""> 1 mm"", ""initial adhesion strength"": ""~1 N/mm"", ""adhesion after application of heat source"": ""~1.3 N/mm"", ""adhesion after freeze-thaw cycles"": ""~0.7 N/mm"", ""adhesion after immersion in basic water"": ""~0.7 N/mm"", ""packaging"": ""Supplied in 30 kg unit   \n  Comp. A - Powder20 kgComp. B - Liquid10 kg"", ""colour"": ""Grey"", ""shelf_life"": ""12 months from date of production"", ""storage_conditions"": ""Store in original unopened packaging in a cool and dry condition between +5°C and +35°C. Protect from direct sunlight, heat and moisture. Avoid excessive compaction. Do not stack pallets."", ""density"": ""~1.6 kg/l (fresh mortar at +20°C)""}","SikaTop®-578 Seal is a two-component, cement based, flexible coating for waterproofing and protection of concrete and masonry structures. Component A is a powder blend of Portland cements, selected silica sands and modifying agents. When mixed to a slurry consistency with Component B, liquid, an acrylic polymer emulsion, it can be easily applied by brush or roller. Suitable for use in hot and tropical climatic conditions.","SikaTop®-578 Seal is a two-component, cement based, flexible coating for waterproofing and protection of concrete and masonry structures. Component A is a powder blend of Portland cements, selected silica sands and modifying agents. When mixed to a slurry consistency with Component B, liquid, an acrylic polymer emulsion, it can be easily applied by brush or roller. Suitable for use in hot and tropical climatic conditions. SikaTop®-578 Seal meets the requirements defined by EN 1504-9 and EN 1504-2.",,https://gcc.sika.com/dam/dms/gcc/3/pds-sikatop-578seal.pdf,,,https://gcc.sika.com/en/construction/waterproofing/waterproofing-mortar/sikatop-578-seal.html
Sika,SikaSeal®-250 Migrating,250,Waterproofing,Waterproofing Mortar,"{""packaging"": ""25 kg bags"", ""colour"": ""Grey powder"", ""composition"": ""Cement based, selected aggregates and active chemicals"", ""shelf_life"": ""12 months from date of production"", ""storage_conditions"": ""Product must be stored in original, unopened and undamaged sealed packaging in dry conditions at temperatures between +5 °C and +35 °C."", ""fresh_mortar_density"": ""~2.0 kg/l""}","SikaSeal®-250 Migrating is a 1-part, cementitious waterproofing slurry modified with selected aggregates and active chemicals. The active components migrate within the concrete pore and capillary network and react with the available moisture and free lime to form a non-soluble crystalline structure within the network. The slurry can be applied by brush or spray and provides a waterproof layer to prevent the penetration of water to all types of concrete structures. Suitable for use in hot and tropical climatic conditions.","SikaSeal®-250 Migrating is a 1-part, cementitious waterproofing slurry modified with selected aggregates and active chemicals. The active components migrate within the concrete pore and capillary network and react with the available moisture and free lime to form a non-soluble crystalline structure within the network. The slurry can be applied by brush or spray and provides a waterproof layer to prevent the penetration of water to all types of concrete structures. Suitable for use in hot and tropical climatic conditions. Cement based, selected aggregates and active chemicals",,,,,https://gcc.sika.com/en/construction/waterproofing/waterproofing-mortar/sikaseal-250-migrating.html
Sika,Sikalastic®-152 AE,152,Waterproofing,Waterproofing Mortar,"{""after heat ageing"": ""~1.0 N/mm"", ""temporary immersion for watertightness testing"": ""~48 hours"", ""permanent immersion in water  fully cured"": ""~7 days"", ""packaging"": ""Ready batched 33 kg units (A+B): \n   Comp. A (liquid) : 8 kg  Comp. B (powder) : 25 kg"", ""colour"": ""Grey"", ""composition"": ""Cement modified with polymers, selected alkali-resistant aggregates, microsilica and fibres."", ""shelf_life"": ""12 months from date of production"", ""storage_conditions"": ""Store properly in the original packaging, in cool and dry conditions."", ""fresh_mortar_density"": ""~1.7 kg/l""}","Sikalastic®-152 AE is a two-component, fibre-reinforced cementitious coating with special additives, offering crack bridging, low elastic modulus, waterproofing and protection for concrete subgrades subject to flexural strain. Suitable for use in hot and tropical climatic conditions.","Sikalastic®-152 AE is a two-component, fibre-reinforced cementitious coating with special additives, offering crack bridging, low elastic modulus, waterproofing and protection for concrete subgrades subject to flexural strain. Suitable for use in hot and tropical climatic conditions.",,,,,https://gcc.sika.com/en/construction/waterproofing/waterproofing-mortar/sikalastic-152-ae.html
Sika,SikaTop®-588 Seal,588,Waterproofing,Waterproofing Mortar,"{""comp a - powder"": ""25 kg"", ""comp b - liquid"": ""10 kg"", ""300 µm"": ""(ASTM E 2651-10)"", ""air cured 28 days"": ""~37 %"", ""water cured 28 days"": ""~30 %"", ""static crack bridging"": ""> 1.5 mm"", ""dynamic crack bridging ability"": ""> 1 mm @ 20,000 cycles"", ""7 bar"": ""(DIN 1048)"", ""class c1"": ""(BS EN 1062-1)"", ""no failure"": ""(ISO DIN 4846.2 / EN 13687-1)"", ""15"": ""(ASTM C642-15)"", ""class w3"": ""(BS EN 1062-3:2008)"", ""packaging"": ""Supplied in 35 kg unit: \n  Comp. A - Powder25 kgComp. B - Liquid10 kg"", ""colour"": ""Available in Grey and White."", ""composition"": ""Blend of Portland cements, selected silica sands and modifying agents."", ""shelf_life"": ""12 months from date of production if stored properly in undamaged and original sealed packaging."", ""storage_conditions"": ""Store in original unopened packaging in a cool and dry condition between +5 °C and +35 °C. Protect from direct sunlight, heat and moisture.Avoid excessive compaction. Do not stack pallets."", ""density"": ""~ 1.66 kg/l (fresh mortar at +25°C)""}","SikaTop®-588 Seal is a two-component, crack-bridging, cementitious mortar, with special additives for waterproofing and protection of concrete. Component A is a powder blend of Portland cements, selected silica sands and modifying agents. When mixed to a slurry consistency with Component B, liquid, an acrylic polymer emulsion, it can be easily applied by brush or roller. It cures to give an elastomeric flexible membrane. Suitable for use in hot and tropical climatic conditions.","SikaTop®-588 Seal is a two-component, crack-bridging, cementitious mortar, with special additives for waterproofing and protection of concrete. Component A is a powder blend of Portland cements, selected silica sands and modifying agents. When mixed to a slurry consistency with Component B, liquid, an acrylic polymer emulsion, it can be easily applied by brush or roller. It cures to give an elastomeric flexible membrane. Suitable for use in hot and tropical climatic conditions. Blend of Portland cements, selected silica sands and modifying agents.",,https://gcc.sika.com/dam/dms/gcc/3/pds-sikatop-588seal.pdf,,,https://gcc.sika.com/en/construction/waterproofing/waterproofing-mortar/sikatop-588-seal.html
Sika,Sika Boom®-193,193,Sealing Bonding,Expansion Foam,"{""optimum"": ""Minimum"", ""20 c"": ""+5 °C"", ""packaging"": ""750 ml canisters \n  12 canisters per box"", ""colour"": ""Light yellow"", ""composition"": ""Polyurethane foam"", ""shelf_life"": ""18 months from the date of production, if stored properly in undamaged, original, sealed packaging, and if the storage conditions are met."", ""storage_conditions"": ""The Product must be stored in original, unopened and undamaged sealed packaging in dry conditions at temperatures between +5 °C and +25 °C."", ""density"": ""31.2 kg/m3 (Cured)  (FEICA TM 1019)""}","Sika Boom®-193 is a polyurethane, 1-part, self-expanding foam made for easy application for general purposes.","Sika Boom®-193 is a polyurethane, 1-part, self-expanding foam made for easy application for general purposes.",,https://gcc.sika.com/dam/dms/gcc/q/pds-sika-boom-193.pdf,,,https://gcc.sika.com/en/construction/sealing-bonding/expansion-foam/sika-boom-193.html
Sika,Sika Boom®-101 Flame Retardant,101,Sealing Bonding,Expansion Foam,"{""packaging"": ""750 ml can, 12 cans per box"", ""composition"": ""1-Component polyurethane"", ""shelf_life"": ""Sika Boom®-101 Flame Retardant has a shelf life of 12 months from the date of production, if stored properly in undamaged, original, sealed packaging, and if the storage conditions are met. Opened cans of Sika Boom®-101 Flame Retardant must be used within 4 weeks."", ""storage_conditions"": ""Sika Boom®-101 Flame Retardant shall be stored in an upright position, in dry conditions, protected from direct sunlight and at temperatures between +5 °C and +25 °C."", ""density"": ""~16 kg/m3""}","Sika Boom®-101 Flame Retardant is a 1-component, flame retarding polyurethane foam. Suitable for use in hot and tropical climatic conditions.","Sika Boom®-101 Flame Retardant is a 1-component, flame retarding polyurethane foam. Suitable for use in hot and tropical climatic conditions. Sika Boom®-101 Flame Retardant has a shelf life of 12 months from the date of production, if stored properly in undamaged, original, sealed packaging, and if the storage conditions are met. Opened cans of Sika Boom®-101 Flame Retardant must be used within 4 weeks. Sika Boom®-101 Flame Retardant shall be stored in an upright position, in dry conditions, protected from direct sunlight and at temperatures between +5 °C and +25 °C.",,,,,https://gcc.sika.com/en/construction/sealing-bonding/expansion-foam/sika-boom-101-flameretardant.html
Sika,Sikalastic®-810,810,Waterproofing,Liquid Applied Membrane,"{""part a poly"": ""9.0 kg"", ""part b iso"": ""4.5 kg"", ""part a  b"": ""~1.38 kg/l (+23 °C)"", ""part a"": ""6250 mPas"", ""part b"": ""125 mPas"", ""temperature"": ""Minimum"", ""10 c"": ""~3 hours"", ""20 c"": ""~2 hours"", ""30 c"": ""~15 minutes"", ""40 c"": ""~40 minutes"", ""packaging"": ""Part A (Poly):9.0 kgPart B (Iso):4.5 kgPart A + B:13.5 kg ready to mix unit"", ""colour"": ""Part A:Yellowish-brownish liquidPart B:Dark brown liquid"", ""composition"": ""Polyurethane"", ""shelf_life"": ""12 month from date of production"", ""storage_conditions"": ""The packaging must be stored properly in original, unopend and undamaged sealed packaging, in dry conditions at temperatures between +5°C and +30°C. Protected from direct sunlight."", ""density"": ""Part A:~1.48 kg/l  (+23 °C)Part B:~1.23 kg/l  (+23 °C)Part A + B:~1.38 kg/l  (+23 °C)"", ""viscosity"": ""+20 °CPart A:6250 mPasPart B:125 mPas""}",Sikalastic®-810 is a two part adhesion promoting primer based on polyurethane resin for several Sikalastic®-systems. Used if the max. waiting time is exceeded. Suitable for use in hot and tropical climatic conditions.,"Sikalastic®-810 is a two part adhesion promoting primer based on polyurethane resin for several Sikalastic®-systems. Used if the max. waiting time is exceeded. Suitable for use in hot and tropical climatic conditions. Polymer Institute Dr. Stenner, test report No. P1700, 1999, Bridgedeck Waterproofing on concrete decks according TL/ TL-BEL-B and ZTV-BEL-B, part 3 The packaging must be stored properly in original, unopend and undamaged sealed packaging, in dry conditions at temperatures between +5°C and +30°C. Protected from direct sunlight.",,,,,https://gcc.sika.com/en/construction/waterproofing/liquid-applied-membrane/sikalastic-810.html
Sika,Sika® Igolflex®-611,611,Waterproofing,Liquid Applied Membrane,"{""packaging"": ""200 L drums"", ""colour"": ""Dark brown"", ""shelf_life"": ""12 months from production date when stored properly"", ""storage_conditions"": ""Store in undamaged, unopened, original sealed packaging in dry conditions at temperatures between +5°C and +35°C. Protect from direct sunlight, heat and moisture."", ""density"": ""~1.00 kg/l (at 25°C)""}","Sika® Igolflex®-611 is a brown rubber/bitumen liquid emulsion with excellent adhesion which dries to a tough black seamless, flexible protective coating which also acts as a curing compound and vapourproof membrane. Suitable for use in tropical and hot climatic conditions.","Sika® Igolflex®-611 is a brown rubber/bitumen liquid emulsion with excellent adhesion which dries to a tough black seamless, flexible protective coating which also acts as a curing compound and vapourproof membrane. Suitable for use in tropical and hot climatic conditions. 12 months from production date when stored properly",,https://gcc.sika.com/dam/dms/gcc/l/pds-sika-igolflex-611.pdf,,,https://gcc.sika.com/en/construction/waterproofing/liquid-applied-membrane/sika-igolflex-611.html
Sika,Sikalastic® WR,,Waterproofing,Liquid Applied Membrane,"{""131 kgl"": ""(EN ISO 2811-1)"", ""build-up"": ""Sikalastic® WR (applied in minimum of 2 coats)"", ""substrates"": ""Concrete, Cement mortars and screeds"", ""primer"": ""Please refer to Substrate Pre-treatment"", ""dry film thickness dft"": ""min. 0.5 mm"", ""total consumption"": ""min. 1.4 kg/m"", ""free film 15 nmm"": ""(DIN 53504)"", ""nil penetration"": ""(BS EN 12390 Part 8)"", ""substrate"": ""Primer"", ""cementitious substrates"": ""Sikalastic® WR diluted with 10 % water."", ""brick and stone"": ""Sikalastic® WR diluted with 10 % water."", ""bituminous felt"": ""Sikalastic® Metal Primer or Sikalastic® WR diluted with 10 % water. Please consult with our Technical Department prior to use."", ""metals ferrous or galvanised metals lead copper aluminium brass or stainless steel"": ""Sikalastic® Metal Primer or Sikalastic® WR diluted with 10 % water. Please consult with our Technical Department prior to use."", ""paints"": ""Sikalastic® WR diluted with 10 % water subject to adhesion"", ""stubstrate temperature"": ""Relative humidity"", ""10 c"": ""50 %"", ""20 c"": ""50 %"", ""30 c"": ""50 %"", ""substrate temperature"": ""Relative humidity"", ""packaging"": ""20 kg plastic pails"", ""colour"": ""White, liquid form \n  Grey on request"", ""composition"": ""Polyurethane modified Acrylic Dispersion"", ""shelf_life"": ""12 months minimum from date of production if stored properly in original, unopened and undamaged sealed packaging."", ""storage_conditions"": ""Store in dry conditions in original packaging at temperatures between +5 °C and +30 °C. Protect from direct sunlight and frost."", ""density"": ""~1.31 kg/l(EN ISO 2811-1)""}","Sikalastic® WR is a cold-applied, highly elastic, one-compont waterborne liquid applied waterproofing membrane. Suitable for the use in hot and tropical climatic conditions.","Sikalastic® WR is a cold-applied, highly elastic, one-compont waterborne liquid applied waterproofing membrane. Suitable for the use in hot and tropical climatic conditions.",,,,,https://gcc.sika.com/en/construction/waterproofing/liquid-applied-membrane/sikalastic-wr.html
Sika,Sikalastic® M 689 AE,689A,Waterproofing,Liquid Applied Membrane,"{""20 nm"": ""(EN ISO 6272/2)"", ""concrete"": ""≥ 3 N/mm"", ""metal"": ""≥ 3 N/mm"", ""32 mm"": ""(ASTM C1305)"", ""packaging"": ""Part A (Polyamine):~200 kg in 200 L drums \n  Part B (Isocyanate):~225 kg in 200 L drums"", ""colour"": ""Light grey"", ""composition"": ""~100 % polyurea"", ""shelf_life"": ""Part A: 12 months from date of production Part B: 9 months from date of production"", ""storage_conditions"": ""Store in a dry area in original sealed packaging at temperatures between +15 °C and +25 °C. Protect from direct sunlight, heat and moisture."", ""density"": ""Values at +25°C \n   Part A ~1.00 kg/l Part B ~1.12 kg/l""}","Sikalastic® M 689 AE is a 2- part, solvent-free, pure polyurea, hot spray applied, elastic, very fast curing, waterproofing and protection membrane. The fast curing allows an immediate return-to-service time and the spray application allows fast coverage of the substrate. Suitable for use in hot and tropical climatic conditions.","Sikalastic® M 689 AE is a 2- part, solvent-free, pure polyurea, hot spray applied, elastic, very fast curing, waterproofing and protection membrane. The fast curing allows an immediate return-to-service time and the spray application allows fast coverage of the substrate. Suitable for use in hot and tropical climatic conditions.",,https://gcc.sika.com/dam/dms/gcc/r/pds-sikalastic-m689ae.pdf,,,https://gcc.sika.com/en/construction/waterproofing/liquid-applied-membrane/sikalastic-m-689ae.html
Sika,Sika® Igolflex® AE,,Waterproofing,Liquid Applied Membrane,"{""100 kgl"": ""(ASTM D 70)"", ""55"": ""(ASTM D 2369)"", ""no sign of flowing or dripping"": ""(ASTM D 1227)"", ""packaging"": ""200 L drums"", ""colour"": ""Dark Brown / Black when dry"", ""composition"": ""Pasty Liquid"", ""shelf_life"": ""12 months from date of production if stored properly."", ""storage_conditions"": ""Store in original sealed packaging, in cool and dry conditions under shade between +5 °C and +35 °C. Protect from direct sunlight and frost."", ""density"": ""~1.00 kg/l(ASTM D 70)"", ""ph-value"": ""~11"", ""viscosity"": ""Thixotropic (~1600 cps) The viscosity can be adjusted by adding up to maximum 5 % of clean water. Stir well prior use.""}","Sika® Igolflex® AE is a one part, water based, flexible, thixotropic, high build rubberized bitumen emulsion coating.Suitable for tropical and hot climatic conditions.","Sika® Igolflex® AE is a one part, water based, flexible, thixotropic, high build rubberized bitumen emulsion coating.",,,,,https://gcc.sika.com/en/construction/waterproofing/liquid-applied-membrane/sika-igolflex-ae.html
Sika,Sikalastic®-827 HT,827,Waterproofing,Liquid Applied Membrane,"{""packaging"": ""25 kg bags \n  Refer to current price list for packaging variations"", ""composition"": ""Modified Ethyl-Vinyl-Acetate-Copolymer"", ""shelf_life"": ""24 months from date of production"", ""storage_conditions"": ""Product must be stored in original, unopened and undamaged packaging in dry conditions at temperatures between +5 °C and +30 °C. Always refer to packaging."", ""density"": ""~20 kg/l, bulk density  (EN ISO 2811-1)  \n  Values at +23 °C""}","Sikalastic®-827 HT is a modified, expanding copolymer, hot-melt pellet adhesive. It bonds mastic asphalt, stone mastic asphalt and asphalt concrete to Sika bridge deck waterproofing systems. Suitable for use in hot and tropical climatic conditions.","Sikalastic®-827 HT is a modified, expanding copolymer, hot-melt pellet adhesive. It bonds mastic asphalt, stone mastic asphalt and asphalt concrete to Sika bridge deck waterproofing systems. Suitable for use in hot and tropical climatic conditions. Refer to current price list for packaging variations",,,,,https://gcc.sika.com/en/construction/waterproofing/liquid-applied-membrane/sikalastic-827-ht.html
Sika,Sikalastic®-311 (AE),311,Waterproofing,Liquid Applied Membrane,"{""packaging"": ""20 L Pail (~22 kg)"", ""colour"": ""Dark Black"", ""composition"": ""Pitch Modified Polyurethane Resin"", ""shelf_life"": ""12 months minimum from date of production if stored properly in original, unopened and undamaged sealed packaging."", ""storage_conditions"": ""Store in dry conditions in original packaging at temperatures between +5 °C and +35 °C. Protect from direct sunlight and frost."", ""density"": ""~1.1  (ASTM D6937 - 08)""}",Sikalastic®-311 (AE) is a cold applied Single component Pitch Modified Hydrophilic polyurethane waterproofing membrane. Suitable for use in hot and tropical climatic conditions.,"Sikalastic®-311 (AE) is a cold applied Single component Pitch Modified Hydrophilic polyurethane waterproofing membrane. Suitable for use in hot and tropical climatic conditions. 12 months minimum from date of production if stored properly in original, unopened and undamaged sealed packaging.",,,,,https://gcc.sika.com/en/construction/waterproofing/liquid-applied-membrane/sikalastic-311-ae.html
Sika,Sikalastic® WP 668,668,Waterproofing,Liquid Applied Membrane,"{""packaging"": ""25 kg plastic pail"", ""colour"": ""Red and Grey"", ""composition"": ""Solvent-free synthetic resin dispersion"", ""shelf_life"": ""6 months from date of production"", ""storage_conditions"": ""Store in undamaged, unopened, original sealed packaging in dry conditions at temperatures between +5°C and +35°C. Protect from direct sunlight, heat and moisture."", ""density"": ""~1.5 g/l (at 25°C)""}","Sikalastic® WP 668 is a single part acrylic resin based waterproofing, that provides a flexible protective coating, beneath ceramic tile and natural stone installations in wet areas.","Sikalastic® WP 668 is a single part acrylic resin based waterproofing, that provides a flexible protective coating, beneath ceramic tile and natural stone installations in wet areas.",,https://gcc.sika.com/dam/dms/gcc/5/pds-sikalastic-wp668.pdf,,,https://gcc.sika.com/en/construction/waterproofing/liquid-applied-membrane/sikalastic-wp-668.html
Sika,Sikalastic®-8800,8800,Waterproofing,Liquid Applied Membrane,"{""part a"": ""~1.12 kg/l"", ""part b"": ""~1.01 kg/l"", ""temperature"": ""Part A"", ""20 c"": ""900 - 1300 mPas"", ""25 c"": ""~750 mPas"", ""50"": ""(DIN 53505)"", ""0 mg"": ""CS17 / 1000 g / 1000 cy"", ""class a5"": ""Static"", ""class b42"": ""Dynamic"", ""cementitious substrates"": ""Sikafloor®-161 lightly broadcast with quartz sand, 0.3 – 0.8 mm, for example Sikadur®-507"", ""packaging"": ""Part A (Isocyanate)  212 kg drums ~189 L  Part B (Polyamine)  191 kg drums ~189 L"", ""colour"": ""Part AClearPart BGrey\n  Standard colour approximately RAL 7012, basalt grey.\n  Grey, approximately RAL 7004 on request."", ""composition"": ""Pure Polyurea"", ""shelf_life"": ""Part A12 monthsPart B12 months"", ""storage_conditions"": ""From date of production if stored properly in closed, sealed and undamaged packaging in dry conditions at temperatures between +5 °C and +30 °C. Protect from direct sunlight."", ""density"": ""Part A~1.12 kg/lPart B~1.01 kg/l\n  Density values determined at +20 °C"", ""viscosity"": ""TemperaturePart APart B+20 °C900 - 1300 mPas600 - 850 mPas+25 °C~750 mPas~500 mPas""}","Sikalastic®-8800 is a two part, elastic, 100 % solids, very fast curing and coloured pure polyurea liquid applied membrane with good chemical resistance. Suitable for use in hot and tropical climatic conditions.","Sikalastic®-8800 is a two part, elastic, 100 % solids, very fast curing and coloured pure polyurea liquid applied membrane with good chemical resistance. Suitable for use in hot and tropical climatic conditions.",,,,,https://gcc.sika.com/en/construction/waterproofing/liquid-applied-membrane/sikalastic-8800.html
Sika,Sika® Igasol® Emulsion BA-6510,6510,Waterproofing,Liquid Applied Membrane,"{""no blistering no loss of adhesion no sign of re-emulsification"": ""(ASTM D2939)"", ""packaging"": ""200 L drums"", ""colour"": ""Dark brown (liquid) Black (dry)"", ""composition"": ""Blend of bitumen and rubber"", ""shelf_life"": ""12 months from production date when stored properly in original unopened containers."", ""storage_conditions"": ""Store in in original, unopened and undamaged sealed containers in a cool, dry area under shade temperatures between +5 °C and +35 °C."", ""density"": ""~1.05 kg/l (+25 °C)"", ""ph-value"": ""~11""}","Sika® Igasol® Emulsion BA-6510 is a rubberized bituminous liquid emulsion with excellent adhesion, which dries to a tough, seamless, highly flexible, waterproof and vapour proof membrane for concrete structures. Suitable for tropical and hot climatic conditions.","Sika® Igasol® Emulsion BA-6510 is a rubberized bituminous liquid emulsion with excellent adhesion, which dries to a tough, seamless, highly flexible, waterproof and vapour proof membrane for concrete structures.",,,,,https://gcc.sika.com/en/construction/waterproofing/liquid-applied-membrane/sika-igasol-emulsionba-6510.html
Sika,Sika® Igolflex®-365 GCC,365G,Waterproofing,Liquid Applied Membrane,"{""packaging"": ""200 L drums"", ""colour"": ""Dark brown (liquid) Black (dry)"", ""composition"": ""Blend of bitumen and rubber"", ""shelf_life"": ""12 months from production date when stored properly in original unopened containers."", ""storage_conditions"": ""Store in in original, unopened and undamaged sealed containers in a cool, dry area under shade temperatures between +5 °C and +35 °C."", ""density"": ""~1.01 kg/l (+25 °C)"", ""ph-value"": ""10 - 11""}","Sika® Igolflex®-365 GCC is a rubberized bitumen liquid emulsion with excellent adhesion, which dries to a tough, seamless, highly flexible, water and vapour proof membrane for concrete structures. Suitable for tropical and hot climatic conditions.","Sika® Igolflex®-365 GCC is a rubberized bitumen liquid emulsion with excellent adhesion, which dries to a tough, seamless, highly flexible, water and vapour proof membrane for concrete structures.",,https://gcc.sika.com/dam/dms/gcc/6/pds-sika-igolflex-365gcc.pdf,,,https://gcc.sika.com/en/construction/waterproofing/liquid-applied-membrane/sika-igolflex-365gcc.html
Sika,Sikalastic®-8850,8850,Waterproofing,Liquid Applied Membrane,"{""class b 31 dynamic"": ""(EN 1062-7)"", ""cementitious substrates"": ""Sikafloor®-161 lightly broadcast with quartz sand, 0.3 – 0.8 mm, for example Sikadur®-507"", ""packaging"": ""Component A (ISO)  200 L drum (225 kg)  Component B (Resin)  200 L drum (205 kg)"", ""colour"": ""Grey"", ""composition"": ""Pure Polyurea"", ""shelf_life"": ""Component A (ISO)  12 months from date of production  Component B (Resin)  12 months from date of production"", ""storage_conditions"": ""Product must be stored in original, unopened and undamaged sealed packaging in dry conditions at temperatures between +5 °C and +30 °C. Always refer to packaging."", ""density"": ""Component A (ISO)  ~1.00  Component B (Resin)  ~1.15""}","Sikalastic®-8850 is a 2-part, pure polyurea, hot spray applied, elastic, very fast curing, waterproofing membrane. Provides a seamless, abrasion and chemical resistant finish for liquid retaining structures. Suitable for use in hot and tropical climatic conditions.","Sikalastic®-8850 is a 2-part, pure polyurea, hot spray applied, elastic, very fast curing, waterproofing membrane. Provides a seamless, abrasion and chemical resistant finish for liquid retaining structures. Suitable for use in hot and tropical climatic conditions.",,,,,https://gcc.sika.com/en/construction/waterproofing/liquid-applied-membrane/sikalastic-8850.html
Sika,Sikalastic®-844 XT,844,Waterproofing,Liquid Applied Membrane,"{""10 nmm²"": ""(DIN 53504)"", ""class a4"": ""Static"", ""class b31"": ""Dynamic"", ""30 c"": ""~1 minute"", ""cementitious substrates"": ""Sikafloor®-161 lightly broadcast with quartz sand, 0.3 - 0.8. Example SikaDur®-507"", ""packaging"": ""Part A (Isocyanate)  209.8 kg drums ~189 L  Part B (Amine)  181.4 kg drums ~189 L"", ""colour"": ""Part A  Clear  Part B  Grey  \n  Grey, approximately RAL 7005"", ""composition"": ""Pure polyurea"", ""shelf_life"": ""Part A: 12 monthPart B: 12 month"", ""storage_conditions"": ""The packaging must be stored properly in original, unopened and undamaged sealed packaging, in dry conditions at temperatures between +5 °C and +30 °C. Protected from direct sunlight."", ""density"": ""Part A  ~1.11 kg/l  Part B  ~0.96 kg/l  \n  Density values determined at +23 °C"", ""viscosity"": ""Temperature  Part A  Part B +20 °C ~1700 mPas  ~1700 mPas""}","Sikalastic®-844 XT is a two part, elastic, 100 % solids, very fast curing and coloured pure polyurea, liquid applied membrane with excellent chemical resistance. Suitable for use in hot and tropical climatic conditions.","Sikalastic®-844 XT is a two part, elastic, 100 % solids, very fast curing and coloured pure polyurea, liquid applied membrane with excellent chemical resistance. Suitable for use in hot and tropical climatic conditions.",,,,,https://gcc.sika.com/en/construction/waterproofing/liquid-applied-membrane/sikalastic-844-xt.html
Sika,Sika® Igolflex®-620,620,Waterproofing,Liquid Applied Membrane,"{""packaging"": ""200 L drums"", ""colour"": ""Dark brown"", ""composition"": ""Bitumen emulsion with added rubber latex"", ""shelf_life"": ""12 months minimum from production date when stored properly"", ""storage_conditions"": ""Store in undamaged, unopened, original sealed packaging in dry conditions at temperatures between  +5 °C and  +35 °C. Protect from direct sunlight, heat and moisture."", ""density"": ""~1 kg/l (at 23 °C)""}","Sika® Igolflex®-620 is a dark brown, thixotropic rubberized bitumen emulsion that dries to form a tough, black, seamless, and flexible membrane. It provides damp-proofing and vapour-proofing with excellent adhesion to various substrates. Suitable for use in hot and tropical climates.","Sika® Igolflex®-620 is a dark brown, thixotropic rubberized bitumen emulsion that dries to form a tough, black, seamless, and flexible membrane. It provides damp-proofing and vapour-proofing with excellent adhesion to various substrates. Suitable for use in hot and tropical climates. 12 months minimum from production date when stored properly",,https://gcc.sika.com/dam/dms/gcc/3/pds-sika-igolflex-620.pdf,,,https://gcc.sika.com/en/construction/waterproofing/liquid-applied-membrane/sika-igolflex-620.html
Sika,Sika® Igolflex®-609,609,Waterproofing,Liquid Applied Membrane,"{""packaging"": ""20 L and 200 L drums"", ""colour"": ""Dark black / brown colour. \n  Cures to a hard tack free finish."", ""shelf_life"": ""12 months minimum from production date when stored properly in original, unopened, sealed containers."", ""storage_conditions"": ""Store in undamaged, unopened, original sealed packaging in dry conditions at temperatures between +5 °C and +35 °C. Protect from direct sunlight, heat and moisture."", ""density"": ""~1.1 kg/l (at 23 °C)""}","Sika® Igolflex®-609 is a brown-black bitumen liquid emulsion with excellent adhesion, which dries to a tough, seamless, waterproof and protective coating for concrete structures and steel elements. Suitable for use in tropical and hot climatic conditions.","Sika® Igolflex®-609 is a brown-black bitumen liquid emulsion with excellent adhesion, which dries to a tough, seamless, waterproof and protective coating for concrete structures and steel elements. Suitable for use in tropical and hot climatic conditions.",,https://gcc.sika.com/dam/dms/gcc/v/pds-sikaa-igolflexa-609.pdf,,,https://gcc.sika.com/en/construction/waterproofing/liquid-applied-membrane/sika-igolflex-609.html
Sika,Sika® Igasol® Emulsion BA-10,10,Waterproofing,Liquid Applied Membrane,"{""packaging"": ""200 L drums"", ""colour"": ""Dark brown (liquid) \n  Black (dry)"", ""composition"": ""Blend of bitumen and rubber"", ""shelf_life"": ""Minimum 12 months from production date when stored properly."", ""storage_conditions"": ""Store in in original, unopened and undamaged sealed containers in a cool, dry area under shade temperatures between +5 °C and +35 °C."", ""density"": ""~1.05 kg/l (+25 °C)"", ""ph-value"": ""~11""}","Sika® Igasol® Emulsion BA-10 is a rubberized bituminous liquid emulsion with excellent adhesion, which dries to a tough, seamless, flexible, waterproof and vapour-proof membrane for concrete structures. Suitable for tropical and hot climatic conditions.","Sika® Igasol® Emulsion BA-10 is a rubberized bituminous liquid emulsion with excellent adhesion, which dries to a tough, seamless, flexible, waterproof and vapour-proof membrane for concrete structures.",,,,,https://gcc.sika.com/en/construction/waterproofing/liquid-applied-membrane/sika-igasol-emulsionba-10.html
Sika,Sikalastic® M 266,266,Waterproofing,Liquid Applied Membrane,"{""packaging"": ""A-component: 8 kg \n  B-component: 20 kg"", ""shelf_life"": ""12 months from date of production"", ""storage_conditions"": ""Store in undamaged, unopened, original sealed packaging in dry conditions at temperatures between +5°C and +35°C. Protect from direct sunlight, heat and moisture.""}","Sikalastic® M 266 is a two-component, polyurethane, liquid applied, waterproof coating. The resulting membrane is an elastomeric waterproofing.","Sikalastic® M 266 is a two-component, polyurethane, liquid applied, waterproof coating. The resulting membrane is an elastomeric waterproofing. Sikalastic® M 266 meets the requirements of ASTM C836",,https://gcc.sika.com/dam/dms/gcc/v/pds-sikalastic-m266.pdf,,,https://gcc.sika.com/en/construction/waterproofing/liquid-applied-membrane/sikalastic-m-266.html
Sika,Sikalastic® M 262,262,Waterproofing,Liquid Applied Membrane,"{""tensile strength"": ""~1.5 N/mm"", ""elongation at break"": ""~700 %"", ""nil"": ""(BS EN 12390-Part 8)"", ""packaging"": ""25 kg unit"", ""shelf_life"": ""12 months from date of production"", ""storage_conditions"": ""Store in undamaged, unopened, original sealed packaging in dry conditions at temperatures between +5 °C and +35 °C. Protect from direct sunlight, heat and moisture."", ""density"": ""~1.5 kg/l (25 °C)""}","Sikalastic® M 262 is a one component unmodified pure polyurethane fluid which cures with the humidity in the atmosphere. It produces a highly elastic, hydrophobic membrane and has been designed to offer excellent long-term waterproofing of wet rooms, substructures and any application not exposed to UV. The rheology of the material is such that it allows easy application even on vertical substrates. Suitable for use in hot and tropical climatic conditions.","Sikalastic® M 262 is a one component unmodified pure polyurethane fluid which cures with the humidity in the atmosphere. It produces a highly elastic, hydrophobic membrane and has been designed to offer excellent long-term waterproofing of wet rooms, substructures and any application not exposed to UV. The rheology of the material is such that it allows easy application even on vertical substrates. Suitable for use in hot and tropical climatic conditions. Store in undamaged, unopened, original sealed packaging in dry conditions at temperatures between +5 °C and +35 °C. Protect from direct sunlight, heat and moisture.",,https://gcc.sika.com/dam/dms/gcc/5/pds-sikalastic-m262.pdf,,,https://gcc.sika.com/en/construction/waterproofing/liquid-applied-membrane/sikalastic-m-262.html
Sika,Sika® Igolflex®-619,619,Waterproofing,Liquid Applied Membrane,"{""packaging"": ""20 L and 200 L drums"", ""colour"": ""Dark black/brown"", ""composition"": ""Bitumen emulsion coating with 10 % rubber content."", ""shelf_life"": ""12 months minimum from production date when stored properly in original, unopened, sealed containers."", ""storage_conditions"": ""Store in undamaged, unopened, original sealed packaging in dry conditions at temperatures between +5°C and +35°C. Protect from direct sunlight, heat and moisture."", ""density"": ""~1.1 kg/l (at 25°C)""}","Sika® Igolflex®-619 is a brown rubber/bitumen liquid emulsion with excellent adhesion which dries to a tough black seamless, flexible dampproof and vapourproof membrane. Suitable for tropical and hot climatic conditions.","Sika® Igolflex®-619 is a brown rubber/bitumen liquid emulsion with excellent adhesion which dries to a tough black seamless, flexible dampproof and vapourproof membrane.",,https://gcc.sika.com/dam/dms/gcc/f/pds-sika-igolflex-619.pdf,,,https://gcc.sika.com/en/construction/waterproofing/liquid-applied-membrane/sika-igolflex-619.html
Sika,Sikalastic®-841 ST,841,Waterproofing,Liquid Applied Membrane,"{""230 mg"": ""H22 / 1000 g / 1000 cy"", ""100 mg"": ""H17 / 1000 g / 1000 cy"", ""packaging"": ""Part A (Isocyanate)  212 kg drums ~189 L  Part B (Amine)  191 kg drums ~189 L"", ""colour"": ""Part A  Clear  Part B  Grey  \n  Grey, approximately RAL 7005"", ""composition"": ""Pure Polyurea"", ""shelf_life"": ""12 month from date of production"", ""storage_conditions"": ""The packaging must be stored properly in original, unopend and undamaged sealed packaging, in dry conditions at temperatures between +5 °C and +30 °C. Protected from direct sunlight."", ""density"": ""Part A  ~1.12 kg/l  Part B  ~1.01 kg/l  \n  Density values determined at +20 °C"", ""viscosity"": ""Temperature  Part A  Part B  +20 °C  ~1200 mPas  ~800 mPas  +25 °C  ~750 mPas  ~500 mPas""}","Sikalastic®-841 ST is a two part, elastic, 100 % solids, very fast curing and coloured pure polyurea liquid applied membrane with good chemical resistance. Suitable for use in hot and tropical climatic conditions.","Sikalastic®-841 ST is a two part, elastic, 100 % solids, very fast curing and coloured pure polyurea liquid applied membrane with good chemical resistance. Suitable for use in hot and tropical climatic conditions.",,,,,https://gcc.sika.com/en/construction/waterproofing/liquid-applied-membrane/sikalastic-841-st.html
Sika,Sikalastic®-822,822,Waterproofing,Liquid Applied Membrane,"{""44 nmm²"": ""DIN 53504"", ""temperature"": ""Minumum"", ""10 c"": ""16 h"", ""20 c"": ""12 h"", ""30 c"": ""10 h"", ""40 c"": ""8 h"", ""packaging"": ""Part A: 21 kg drumPart B. 14 kg drum"", ""colour"": ""Grey, approximately RAL 7005"", ""composition"": ""2-component polyurethane resin"", ""shelf_life"": ""6 month from date of production"", ""storage_conditions"": ""Store properly in original, unopened and undamaged sealed packging in dry conditions at temperatures from +5 °C to +25 °C. Protect from direct sunlight and frost."", ""density"": ""Part A: ~1.69 kg/lPart B: ~1.05 kg/l\n  Mixed resin: ~1.33 kg/l"", ""viscosity"": ""Part A: ~14500 mPasPart B: ~9300 mPas""}","Sikalastic®-822 is a 2-part elastic, crack bridging, hand applied polyurethane membrane. Suitable for use in hot and tropical climatic conditions.","Sikalastic®-822 is a 2-part elastic, crack bridging, hand applied polyurethane membrane. Suitable for use in hot and tropical climatic conditions.",,,,,https://gcc.sika.com/en/construction/waterproofing/liquid-applied-membrane/sikalastic-822.html
Sika,Sika® Igolflex®-618,618,Waterproofing,Liquid Applied Membrane,"{""packaging"": ""20 L and 200 L drums"", ""colour"": ""Dark brown"", ""composition"": ""Bitumen emulsion coating with 5 % rubber content."", ""shelf_life"": ""12 months minimum from production date when stored properly in original, unopened, sealed containers."", ""storage_conditions"": ""Store in undamaged, unopened, original sealed packaging in dry conditions at temperatures between +5°C and +35°C. Protect from direct sunlight, heat and moisture."", ""density"": ""~1.1 kg/l (at 25°C)""}","Sika® Igolflex®-618 is a brown-black bitumen liquid emulsion with excellent adhesion, which dries to a tough, seamless, waterproof and protective coating for concrete structures and steel elements. Suitable for use in tropical and hot climatic conditions.","Sika® Igolflex®-618 is a brown-black bitumen liquid emulsion with excellent adhesion, which dries to a tough, seamless, waterproof and protective coating for concrete structures and steel elements. Suitable for use in tropical and hot climatic conditions.",,https://gcc.sika.com/dam/dms/gcc/n/pds-sika-igolflex-618.pdf,,,https://gcc.sika.com/en/construction/waterproofing/liquid-applied-membrane/sika-igolflex-618.html
Sika,Sikalastic®-8902,8902,Waterproofing,Liquid Applied Membrane,"{""packaging"": ""Part A  20.25 kg  Part B  4.75 kg  \n   \n  Refer to current price list for packaging variations"", ""colour"": ""transparent"", ""composition"": ""Polyurethane"", ""shelf_life"": ""12 months from date of production"", ""storage_conditions"": ""The product must be stored in original, unopened and undamaged sealed packaging in dry conditions at temperatures between +5 °C and +30 °C. Always refer to packaging."", ""density"": ""~1.39 kg/l (mixed resin at +23 °C)""}","Sikalastic®-8902 is a 2-part, polyurethane, transparent tack coat for Sikalastic®-827 HT hot melt pellets. Suitable for use in hot and tropical climatic conditions.","Sikalastic®-8902 is a 2-part, polyurethane, transparent tack coat for Sikalastic®-827 HT hot melt pellets. Suitable for use in hot and tropical climatic conditions.",,,,,https://gcc.sika.com/en/construction/waterproofing/liquid-applied-membrane/sikalastic-8902.html
Sika,Sika® CarboDur® BC,,Refurbishment,Structural Strengthening,"{""type"": ""Diameter"", ""sika carbodur bc6"": ""≤ 0.12 kg/m"", ""sika carbodur bc8"": ""≤ 0.18 kg/m"", ""sika carbodur bc10"": ""≤ 0.24 kg/m"", ""sika carbodur bc12"": ""≤ 0.32 kg/m"", ""mean value"": ""148 000 N/mm"", ""5  fractile value"": ""2 900 N/mm"", ""minimum value"": ""> 1.70 %"", ""100 c"": ""(EN 61006)"", ""packaging"": ""Supplied in rolls of 100 m (BC 6) in non-returnable cardboard boxes, or cut to 12 m long bars (BC 8, BC 10, BC 12)."", ""colour"": ""Carbon fibre reinforced polymer with an epoxy matrix, black."", ""shelf_life"": ""Unlimited, provided the storage conditions are met."", ""storage_conditions"": ""Store in original, unopened, sealed and undamaged packaging in dry conditions at temperatures of maximum +50 °C. Protect from direct sunlight.\n  Transportation: only in the original packaging, or otherwise adequately protected against any mechanical damage"", ""density"": ""1.60 g/cm3""}","Sika® CarboDur® BC rods are pultruded carbon fibre reinforced polymer (CFRP) laminates with a circular cross section, designed for strengthening concrete, timber and masonry.Sika® CarboDur® BC rods are bonded into slots as near surface mounted reinforcement using Sika AnchorFix®-3&#43;, Sikadur®-330 or Sikadur®-30 epoxy resin based adhesives for normal application temperatures, or Sikadur®-30 LP epoxy resin based adhesive for elevated temperatures during application. Sikadur®-300 epoxy resin based adhesive is used for horizontal applications.Sika® CarboDur® BC rods can also be used for anchoring SikaWrap® fabrics where positive attachment to concrete or masonry is required.Please refer to the relevant Product Data Sheet for more detailed information about each of the adhesives. Suitable for use in hot and tropical climatic conditions.","Sika® CarboDur® BC rods are pultruded carbon fibre reinforced polymer (CFRP) laminates with a circular cross section, designed for strengthening concrete, timber and masonry. Sika® CarboDur® BC rods are bonded into slots as near surface mounted reinforcement using Sika AnchorFix®-3+, Sikadur®-330 or Sikadur®-30 epoxy resin based adhesives for normal application temperatures, or Sikadur®-30 LP epoxy resin based adhesive for elevated temperatures during application. Sikadur®-300 epoxy resin based adhesive is used for horizontal applications. Sika® CarboDur® BC rods can also be used for anchoring SikaWrap® fabrics where positive attachment to concrete or masonry is required. Please refer to the relevant Product Data Sheet for more detailed information about each of the adhesives. Suitable for use in hot and tropical climatic conditions. Supplied in rolls of 100 m (BC 6) in non-returnable cardboard boxes, or cut to 12 m long bars (BC 8, BC 10, BC 12).",,,,,https://gcc.sika.com/en/construction/refurbishment/structural-strengthening/sika-carbodur-bc.html
Sika,SikaWrap® FX-50 C,50,Refurbishment,Structural Strengthening,"{""roll length"": ""25 m roll on a plastic reel dispenser"", ""fibre orientation"": ""0° (longitudinal, unidirectional) in a plastic sleeve"", ""warp longitudinal"": ""Black carbon fibre"", ""dry fibre"": ""~50 g/m"", ""4000 nmm²"": ""(ISO 10618)"", ""240 knmm²"": ""(ISO 10618)"", ""160"": ""(ISO 10618)"", ""impregnating or laminating resin options"": ""Sikadur®-300"", ""anchorage resin options"": ""Sikadur®-330"", ""structural strengthening fabric"": ""SikaWrap® carbon or glass fibre fabric"", ""mean"": ""230 kN/mm²"", ""resin for impregnation"": ""110–150 g/m"", ""packaging"": ""Roll length25 m roll on a plastic reel dispenser \n  Refer to the current price list for available packaging variations."", ""shelf_life"": ""5 years from date of production"", ""storage_conditions"": ""The Product must be stored in original, unopened and undamaged sealed packaging in dry conditions at temperatures between +5 °C and +35 °C. Protect the Product from direct sunlight. Always refer to packaging."", ""dry_fibre_density"": ""1.82 g/cm³""}",SikaWrap® FX-50 C is a unidirectional structural carbon fibre cord encased in a plastic sleeve. It is used to anchor or connect SikaWrap carbon and glass fibre structural fabrics. The Product is also used to provide flexible near surface mounted strengthening and cantilever anchoring. Suitable for use in hot and tropical climatic conditions.,SikaWrap® FX-50 C is a unidirectional structural carbon fibre cord encased in a plastic sleeve. It is used to anchor or connect SikaWrap carbon and glass fibre structural fabrics. The Product is also used to provide flexible near surface mounted strengthening and cantilever anchoring. Suitable for use in hot and tropical climatic conditions. Refer to the current price list for available packaging variations. Contributes towards satisfying Materials and Resources (MR) Credit: Building Product Disclosure and Optimization — Material Ingredients under LEED® v4,,,,,https://gcc.sika.com/en/construction/refurbishment/structural-strengthening/sikawrap-fx-50-c.html
Sika,Sikadur®-300,300,Refurbishment,Structural Strengthening,"{""part a"": ""amber / liquid"", ""part b"": ""pale yellow / liquid"", ""parts a  b mixed"": ""light-yellow / liquid"", ""temperature"": ""Pot life"", ""15 c"": ""~3 hours"", ""23 c"": ""~700 mPa·s"", ""40 c"": ""~60 minutes"", ""2800 nmm"": ""(DIN EN 1465)"", ""45 nmm"": ""(EN ISO 527-2)"", ""concrete fracture  4 nmm"": ""(EN ISO 4624)"", ""curing time"": ""Curing temperature"", ""30 days"": ""+30 °C"", ""maximum"": ""+40 °C"", ""minimum"": ""+15 °C"", ""packaging"": ""Please refer to local country price list for available packaging sizes: \n  Part A7.44 kg pre-batched unit14.88 kg pre-batched unit22.305 kg pre-batched unitPart B2.56 kg pre-batched unit5.12 kg pre-batched unit7.695 kg pre-batched unit Part A+B 10 kg20 kg30 kg"", ""colour"": ""Part Aamber / liquidPart Bpale yellow / liquidParts A + B mixedlight-yellow / liquid"", ""composition"": ""Epoxy resin"", ""shelf_life"": ""24 months from date of production"", ""storage_conditions"": ""The product must be stored in original, unopened and undamaged packaging in dry conditions at temperatures between +5 °C and +30 °C. Always refer to packaging."", ""density"": ""Mixed resin ~1.16 kg/l \n  Value at +23 °C."", ""viscosity"": ""Shear rate: 50 /s\n  TemperatureViscosity+15 °C~2000 mPa·s+23 °C~700 mPa·s+40 °C~200 mPa·s""}","Sikadur®-300 is a 2-part, epoxy-based impregnating / laminating resin for SikaWrap® structural strengthening fabrics. Suitable to use in hot and tropical climatic conditions.","Sikadur®-300 is a 2-part, epoxy-based impregnating / laminating resin for SikaWrap® structural strengthening fabrics. Suitable to use in hot and tropical climatic conditions. Please refer to local country price list for available packaging sizes:",,,,,https://gcc.sika.com/en/construction/refurbishment/structural-strengthening/sikadur-300.html
Sika,Sika® CarboDur® S NSM,,Refurbishment,Structural Strengthening,"{""type sika carbodur s nsm"": ""Width"", ""1030"": ""10 mm"", ""1525"": ""15 mm"", ""2025"": ""20 mm"", ""mean value"": ""1.80 %"", ""5  fractile-value"": ""2 900 N/mm"", ""5  fractile-value"": ""165 000 N/mm"", ""100 c"": ""(EN 61006)"", ""all carbodur plates"": ""≤ 0.12 kg/m*"", ""packaging"": ""Supplied in rolls of 250 m in nonreturnable cardboard boxes."", ""colour"": ""Carbon fibre reinforced polymer with an epoxy matrix, black."", ""shelf_life"": ""Unlimited, provided the storage conditions are met."", ""storage_conditions"": ""Store in original, unopened, sealed and undamaged packaging in dry conditions at temperatures of maximum +50 °C. Protect from direct sunlight.\n  Transportation: only in the original packaging, or otherwise adequately protected against any mechanical damage"", ""density"": ""1.60 g/cm3""}","Sika® CarboDur® plates are pultruded carbon fibre reinforced polymer (CFRP) laminates, designed for strengthening concrete, timber and masonry Sika® CarboDur® plates are bonded into slots as near surface mounted reinforcement using Sika AnchorFix®-3&#43;, Sikadur®-330 or Sikadur®-30 epoxy resin based adhesives for normal application temperatures, or Sikadur®-30 LP epoxy resin based adhesive for elevated temperatures during application. Sikadur®-300 epoxy resin based adhesive is used for horizontal applications.Please refer to the relevant Product Data Sheet for more detailed information about each of these adhesives. Suitable for use in hot and tropical climatic conditions.","Sika® CarboDur® plates are pultruded carbon fibre reinforced polymer (CFRP) laminates, designed for strengthening concrete, timber and masonry Sika® CarboDur® plates are bonded into slots as near surface mounted reinforcement using Sika AnchorFix®-3+, Sikadur®-330 or Sikadur®-30 epoxy resin based adhesives for normal application temperatures, or Sikadur®-30 LP epoxy resin based adhesive for elevated temperatures during application. Sikadur®-300 epoxy resin based adhesive is used for horizontal applications. Please refer to the relevant Product Data Sheet for more detailed information about each of these adhesives. Suitable for use in hot and tropical climatic conditions. Supplied in rolls of 250 m in nonreturnable cardboard boxes. Carbon fibre reinforced polymer with an epoxy matrix, black.",,,,,https://gcc.sika.com/en/construction/refurbishment/structural-strengthening/sika-carbodur-s-nsm.html
Sika,Sikadur®-330,330,Refurbishment,Structural Strengthening,"{""part a"": ""white paste"", ""part b"": ""grey paste"", ""parts ab mixed"": ""light grey paste"", ""temperature"": ""Pot life"", ""10 c"": ""~90 minutes (5 kg)"", ""23 c"": ""~60 minutes (5 kg)"", ""35 c"": ""~30 minutes (5 kg)"", ""cured for 7 days at 23 c"": ""3 800 N/mm"", ""cured for 7 days at 23 c"": ""~30 N/mm"", ""concrete fracture  4 nmm"": ""(EN ISO 4624)"", ""linear expansion between -10 c and 40 c"": ""~4.5 × 10"", ""maximum"": ""+35 °C"", ""minimum"": ""+10 °C"", ""curing time"": ""Curing temperature"", ""30 days"": ""+30 °C"", ""packaging"": ""Part A+B  5 kg pre-batched container  \n  Refer to the current price list for available packaging variations."", ""colour"": ""Part Awhite pastePart Bgrey pasteParts A+B mixedlight grey paste"", ""composition"": ""Epoxy resin"", ""shelf_life"": ""24 months from date of production"", ""storage_conditions"": ""The product must be stored in original, unopened and undamaged packaging in dry conditions at temperatures between +5 °C and +30 °C. Always refer to packaging.\n  Refer to the current Safety Data Sheet for information on safe handling and storage."", ""density"": ""Mixed resin ~1.30 kg/l \n  Value at +23 °C"", ""viscosity"": ""Shear rate: 50/s\n  TemperatureViscosity+10 °C~10 000 mPa·s+23 °C~6 000 mPa·s+35 °C~5 000 mPa·s""}","Sikadur®-330 is a two-part , thixotropic, epoxy-based impregnating and laminating resin for SikaWrap® structural strengthening fabrics. Suitable for use in hot and tropical climatic conditions.","Sikadur®-330 is a two-part , thixotropic, epoxy-based impregnating and laminating resin for SikaWrap® structural strengthening fabrics. Suitable for use in hot and tropical climatic conditions. Refer to the current price list for available packaging variations.",,,,,https://gcc.sika.com/en/construction/refurbishment/structural-strengthening/sikadur-330.html
Sika,SikaWrap®-600 C WV,600,Refurbishment,Structural Strengthening,"{""4 000 nmm"": ""(ISO 10618)"", ""230 000 nmm"": ""(ISO 10618)"", ""21"": ""(ISO 10618)"", ""average"": ""Characteristic"", ""3 500 nmm"": ""3 200 N/mm"", ""235 knmm"": ""200 kN/mm"", ""packaging"": ""Fabric length per roll  Fabric width  1 roll in a carboard box  ≥ 50 m  500 mm"", ""shelf_life"": ""24 months from date of production"", ""storage_conditions"": ""Store in undamaged, original sealed packaging, in dry conditions at temperatures between +5 °C and +35 °C. Protect from direct sunlight, heat and moisture."", ""dry_fibre_density"": ""1.81 g/cm3"", ""area_density"": ""600 g/m2 ± 20 g/m2 (carbon fibres only)""}","SikaWrap®-600 C WV is a unidirectional woven heavy carbon fibre fabric with mid-range strength, designed for installation using the wet application process. Suitable for use in hot and tropical climatic conditions.","SikaWrap®-600 C WV is a unidirectional woven heavy carbon fibre fabric with mid-range strength, designed for installation using the wet application process. Suitable for use in hot and tropical climatic conditions.",,,,,https://gcc.sika.com/en/construction/refurbishment/structural-strengthening/sikawrap-600-c-wv.html
Sika,Sikadur®-30 LP,30,Refurbishment,Structural Strengthening,"{""6 kg a  b"": ""Pre-batched unit"", ""12 kg a  b"": ""Pre-batched unit"", ""curing time"": ""Curing temperature"", ""1 d"": ""> 75 N/mm"", ""3 d"": ""Steel"", ""10 000 nmm"": ""(ASTM D 695)"", ""7 d"": ""+23 °C"", ""004"": ""(FIP: Fédération Internationale de la Précontrainte)"", ""3 d  1 d"": ""+23°C / +50 °C"", ""30 d"": ""+30 °C"", ""2 h"": ""+80 °C"", ""5 500 mm"": ""(FIP: Fédération Internationale de la Précontrainte)"", ""temperature"": ""Potlife"", ""25 c"": ""~60 min"", ""55 c"": ""~30 min"", ""packaging"": ""6 kg (A + B)Pre-batched unit12 kg (A + B)Pre-batched unit"", ""colour"": ""Component A: white \n  Component B: black \n  Component A + B: light grey"", ""composition"": ""Epoxy resin"", ""shelf_life"": ""24 months from date of production"", ""storage_conditions"": ""Store in original, unopened, sealed and undamaged packaging in dry conditions at temperatures between +5 °C and +30 °C. Protect from direct sunlight."", ""density"": ""~1.8 kg/l (+23 °C) (components A + B)""}","Sikadur®-30 LP is a thixotropic, structural 2-component adhesive, based on a combination of epoxy resins and especially designed for use at higher temperatures between &#43;25 °C and &#43;55 °C. Suitable for use in hot and tropical climatic conditions.","Sikadur®-30 LP is a thixotropic, structural 2-component adhesive, based on a combination of epoxy resins and especially designed for use at higher temperatures between +25 °C and +55 °C. Suitable for use in hot and tropical climatic conditions. Sikadur®-30 LP is certified according ""Low Emitting Materials as per Al Sa'fat - Dubai Green Building Evaluation System"" by Dubai Central Laboratory (DCL) certificate No. CL17020432",,,,,https://gcc.sika.com/en/construction/refurbishment/structural-strengthening/sikadur-30-lp.html
Sika,SikaWrap®-230 C,230,Refurbishment,Structural Strengthening,"{""fibre orientation"": ""0° (unidirectional)"", ""warp"": ""Black carbon fibres 99 %"", ""weft"": ""White thermoplastic heat-set fibres 1 %"", ""4 000 nmm"": ""(ISO 10618)"", ""230 000 nmm"": ""(ISO 10618)"", ""17"": ""(ISO 10618)"", ""average"": ""Characteristic"", ""3 500 nmm"": ""3 200 N/mm"", ""159"": ""(ASTM D 3039)"", ""452 knm"": ""413 kN/m"", ""packaging"": ""Fabric length per roll  Fabric width  ≥ 100 m  500 mm"", ""shelf_life"": ""24 months from date of production"", ""storage_conditions"": ""Store in undamaged, original sealed packaging, in dry conditions at temperatures between +5 °C and +35 °C. Protect from direct sunlight."", ""dry_fibre_density"": ""1.82 g/cm3"", ""area_density"": ""235 g/m2 ± 10 g/m2 (carbon fibres only)""}","SikaWrap®-230 C is a unidirectional woven carbon fibre fabric with mid-range strength, designed for installation using the dry or wet application process. Suitable for use in hot and tropical climatic conditions.","SikaWrap®-230 C is a unidirectional woven carbon fibre fabric with mid-range strength, designed for installation using the dry or wet application process. Suitable for use in hot and tropical climatic conditions.",,,,,https://gcc.sika.com/en/construction/refurbishment/structural-strengthening/sikawrap-230-c.html
Sika,SikaWrap®-530 C,530,Refurbishment,Structural Strengthening,"{""4 000 nmm"": ""(ISO 10618)"", ""230 000 nmm"": ""(ISO 10618)"", ""17"": ""(ISO 10618)"", ""average"": ""Characteristic"", ""3 500 nmm"": ""3 200 N/mm"", ""225 knmm"": ""220 kN/mm"", ""220 knmm"": ""210 kN/mm"", ""156"": ""(EN 2561)"", ""159"": ""(ASTM D 3039)"", ""1 015 nmm"": ""928 N/mm"", ""653 mnm"": ""63.8 MN/m"", ""653 knm per  elongation"": ""63.8 kN/m per ‰ elongation"", ""638 mnm"": ""60.9 MN/m"", ""638 knm per  elongation"": ""60.9 kN/m per ‰ elongation"", ""first layer including primer layer"": ""1.4 − 2.0 kg/m"", ""following layers"": ""0.7 kg/m"", ""packaging"": ""Fabric length per roll  Fabric width  ≥ 50 m  500 mm"", ""shelf_life"": ""24 months from date of production"", ""storage_conditions"": ""Store in undamaged, original sealed packaging, in dry conditions at temperatures between +5 °C and +35 °C.Protect from direct sunlight."", ""dry_fibre_density"": ""1.82 g/cm3"", ""area_density"": ""528 g/m2 + 25 g/m2 (carbon fibres only)""}","SikaWrap®-530 C is a unidirectional woven carbon fibre fabric with mid-range strengths, designed for installation using the wet application process. Suitable for use in hot and tropical climatic conditions.","SikaWrap®-530 C is a unidirectional woven carbon fibre fabric with mid-range strengths, designed for installation using the wet application process. Suitable for use in hot and tropical climatic conditions.",,,,,https://gcc.sika.com/en/construction/refurbishment/structural-strengthening/sikawrap-530-c.html
Sika,SikaWrap®-300 C,300,Refurbishment,Structural Strengthening,"{""warp"": ""Black carbon fibres 99 %"", ""weft"": ""White thermoplastic heat-set fibres 1 %"", ""4 000 nmm"": ""(ISO 10618)"", ""230 000 nmm"": ""(ISO 10618)"", ""17"": ""(ISO 10618)"", ""average"": ""Characterstic"", ""225 knmm"": ""220 kN/mm"", ""220 knmm"": ""210 kN/mm"", ""156"": ""(EN 2561)"", ""159"": ""(ASTM D 3039)"", ""585 nmm"": ""534 N/mm"", ""packaging"": ""Fabric length per roll  Fabric width  ≥ 100 m  500 mm"", ""shelf_life"": ""24 months from date of production"", ""storage_conditions"": ""Store in undamaged, original sealed packaging, in dry conditions at temperatures between +5 °C and +35 °C.Protect from direct sunlight."", ""dry_fibre_density"": ""1.82 g/cm3""}","SikaWrap®-300 C is a unidirectional woven carbon fibre fabric with mid-range strengths, designed for installation using the dry or wet application process. Suitable for use in hot and tropical climatic conditions.","SikaWrap®-300 C is a unidirectional woven carbon fibre fabric with mid-range strengths, designed for installation using the dry or wet application process. Suitable for use in hot and tropical climatic conditions.",,,,,https://gcc.sika.com/en/construction/refurbishment/structural-strengthening/sikawrap-300-c.html
Sika,Sika® CarboDur® S,,Refurbishment,Structural Strengthening,"{""type sika carbodur s"": ""Width"", ""512"": ""50 mm"", ""514"": ""50 mm"", ""614"": ""60 mm"", ""626"": ""60 mm"", ""812"": ""80 mm"", ""814"": ""80 mm"", ""914"": ""90 mm"", ""1012"": ""100 mm"", ""1014"": ""100 mm"", ""1214"": ""120 mm"", ""1512"": ""150 mm"", ""mean value"": ""1.80 %"", ""5  fractile-value"": ""165 000 N/mm"", ""100 c"": ""(EN 61006)"", ""width of sika carbodur s plate"": ""Typical consumption of"", ""50 mm"": ""0.20 − 0.28 kg/m"", ""60 mm"": ""0.24 − 0.32 kg/m"", ""80 mm"": ""0.32 − 0.44 kg/m"", ""90 mm"": ""0.40 − 0.56 kg/m"", ""100 mm"": ""0.44 − 0.64 kg/m"", ""120 mm"": ""0.45 − 0.80 kg/m"", ""150 mm"": ""0.68 − 1.00 kg/m"", ""packaging"": ""Cut to size as follows in non-returnable cardboard packaging. Supplied in rolls of 100 m in nonreturnable cardboard boxes."", ""colour"": ""Carbon fibre reinforced polymer with an epoxy matrix, black."", ""shelf_life"": ""Unlimited, provided the storage conditions are met."", ""storage_conditions"": ""Store in original, unopened, sealed and undamaged packaging in dry conditions at temperatures of maximum +50 °C. Protect from direct sunlight.\n  Transportation: only in the original packaging, or otherwise adequately protected against any mechanical damage"", ""density"": ""1.60 g/cm3""}","Sika® CarboDur® plates are pultruded carbon fibre reinforced polymer (CFRP) laminates, designed for strengthening concrete, timber, masonry, steel and fibre reinforced polymer structures. Sika® CarboDur® plates are bonded onto the structure as externally bonded reinforcement using Sikadur®-30 epoxy resin based adhesive for normal, or Sikadur®-30 LP epoxy resin based adhesive for elevated temperatures during application and / or service. Please refer to the relevant Product Data Sheet for more detailed information about each of these adhesives. Suitable for use in hot and tropical climatc conditions.","Sika® CarboDur® plates are pultruded carbon fibre reinforced polymer (CFRP) laminates, designed for strengthening concrete, timber, masonry, steel and fibre reinforced polymer structures. Sika® CarboDur® plates are bonded onto the structure as externally bonded reinforcement using Sikadur®-30 epoxy resin based adhesive for normal, or Sikadur®-30 LP epoxy resin based adhesive for elevated temperatures during application and / or service. Please refer to the relevant Product Data Sheet for more detailed information about each of these adhesives. Suitable for use in hot and tropical climatc conditions. Cut to size as follows in non-returnable cardboard packaging. Supplied in rolls of 100 m in nonreturnable cardboard boxes.",,,,,https://gcc.sika.com/en/construction/refurbishment/structural-strengthening/sika-carbodur-s.html
Sika,Sika® Antisol® WB,,Concrete,Concrete Admixture,"{""packaging"": ""20 L cans \n  200 L drums"", ""colour"": ""White milky liquid"", ""composition"": ""Aqueous solution of acrylic copolymer dispersion"", ""shelf_life"": ""12 months from date of production if stored properly"", ""storage_conditions"": ""Store in undamaged, unopened, original sealed packaging in dry conditions at temperatures between +5 °C and +45 °C. Protect from direct sunlight, heat, moisture and frost"", ""density"": ""~1.00 kg/l (+25 °C)""}","Sika® Antisol® WB is a ready to use, solvent free, water based liquid curing compound for preventing the evaporation of mixing water in concrete. It is ready for use and simple to apply. Suitable for use in hot and tropical climatic conditions.","Sika® Antisol® WB is a ready to use, solvent free, water based liquid curing compound for preventing the evaporation of mixing water in concrete. It is ready for use and simple to apply. Suitable for use in hot and tropical climatic conditions. Sika® Antisol® WB follows the requirements of ASTM C 309; Type 1; Class A",,,,,https://gcc.sika.com/en/construction/concrete/concrete-admixture/sika-antisol-wb.html
Sika,SikaRapid®-1,1,Concrete,Concrete Admixture,"{""packaging"": ""200 L drum, 1000 L flowbin"", ""colour"": ""Red liquid"", ""composition"": ""Mixture of organic and inorganic complex agents."", ""shelf_life"": ""12 months shelf life from date of production if stored properly in undamaged, unopened, original sealed packaging."", ""storage_conditions"": ""Store at temperatures between +5 °C and +45 °C. \n  Protect from direct sun-light, frost and contamination."", ""density"": ""~1.17 kg/l (at +23 °C)"", ""ph-value"": ""~9.0"", ""viscosity"": ""&lt; 10 mPa.s (at +23 °C)"", ""total_chloride_ion_content"": ""&lt; 0.01 M % (chloride-free)""}",SikaRapid®-1 is a liquid hardening accelerator for concrete and mortar. It meets the requirements for hardening accelerators according to EN 934-2. SikaRapid®-1 promotes early strength development without negatively influencing final strengths. Suitable for use in tropical and hot climatic conditions.,SikaRapid®-1 is a liquid hardening accelerator for concrete and mortar. It meets the requirements for hardening accelerators according to EN 934-2. SikaRapid®-1 promotes early strength development without negatively influencing final strengths. Suitable for use in tropical and hot climatic conditions.,,,,,https://gcc.sika.com/en/construction/concrete/concrete-admixture/sikarapid-1.html
Sika,Sika® Plastiment® SD-6 BH,6B,Concrete,Concrete Admixture,"{""packaging"": ""200 L drum, 1000 L flowbin"", ""colour"": ""Opaque whitish liquid"", ""composition"": ""Blend of synthetic and refined natural materials"", ""shelf_life"": ""12 months from date of production if stored properly"", ""storage_conditions"": ""Store in undamaged, unopened, original sealed packaging in dry conditions at temperatures between +5 °C and +45 °C. Protect from direct sunlight and frost."", ""density"": ""~1.005 kg/l (+25 °C)"", ""total_chloride_ion_content"": ""Nil  (EN 934-2)""}","Sika® Plastiment® SD-6 BH is a liquid admixture, based on a blend of synthetic and refined natural materials, which improves compaction and hydration of semi-dry concrete mixtures. Suitable for use in tropical and hot climatic conditions.","Sika® Plastiment® SD-6 BH is a liquid admixture, based on a blend of synthetic and refined natural materials, which improves compaction and hydration of semi-dry concrete mixtures. Suitable for use in tropical and hot climatic conditions.",,,,,https://gcc.sika.com/en/construction/concrete/concrete-admixture/sika-plastiment-sd-6bh.html
Sika,SikaCem®-100 MP,100,Concrete,Concrete Admixture,"{""packaging"": ""20 L pail, 200 L drum"", ""colour"": ""Brown liquid"", ""composition"": ""Blend of organic compounds"", ""shelf_life"": ""12 months from date of production if stored properly"", ""storage_conditions"": ""Store in undamaged, unopened, original sealed packaging in dry conditions at temperatures between +5 °C and +45 °C. Protect from direct sunlight and frost."", ""density"": ""~1.01 kg/l (+25 °C)"", ""total_chloride_ion_content"": ""Nil  (EN 934-2)""}",SikaCem®-100 MP is a liquid admixture designed to provide improved plasticity and yield to cement based mortars and renders. Suitable for use in hot and tropical climatic conditions.,SikaCem®-100 MP is a liquid admixture designed to provide improved plasticity and yield to cement based mortars and renders. Suitable for use in hot and tropical climatic conditions. SikaCem®-100 MP follows the requirements of BS EN 934-3; Admixtures for masonry mortar as an air entraining/plasticizing admixture,,,,,https://gcc.sika.com/en/construction/concrete/concrete-admixture/sikacem-100-mp.html
Sika,Sika® Plastiment® SD-6,6,Concrete,Concrete Admixture,"{""packaging"": ""200 L drum, 1000 L flowbin"", ""colour"": ""Opaque whitish liquid"", ""composition"": ""Blend of synthetic and refined natural materials"", ""shelf_life"": ""12 months from date of production if stored properly"", ""storage_conditions"": ""Store in undamaged, unopened, original sealed packaging in dry conditions at temperatures between +5 °C and +45 °C. Protect from direct sunlight and frost."", ""density"": ""~1.005 kg/l (+25 °C)"", ""total_chloride_ion_content"": ""Nil  (EN 934-2)""}","Sika® Plastiment® SD-6 is a liquid admixture, based on a blend of synthetic and refined natural materials, which improves compaction and hydration of semi-dry concrete mixtures. Suitable for use in tropical and hot climatic conditions.","Sika® Plastiment® SD-6 is a liquid admixture, based on a blend of synthetic and refined natural materials, which improves compaction and hydration of semi-dry concrete mixtures. Suitable for use in tropical and hot climatic conditions. Sika® Plastiment® SD-6 is manufactured under a management system certified to conform to the requirements of: ISO 9001, ISO 14001 and OHSAS 18001.",,,,,https://gcc.sika.com/en/construction/concrete/concrete-admixture/sika-plastiment-sd-6.html
Sika,Sika® Retarder-22,22,Concrete,Concrete Admixture,"{""packaging"": ""200 L drum, 1000 L flowbin"", ""colour"": ""Light brown liquid"", ""composition"": ""Selected phosphates"", ""shelf_life"": ""12 months from date of production if stored properly"", ""storage_conditions"": ""Store in undamaged, unopened, original sealed packaging in dry conditions at temperatures between +5 °C and +45 °C. Protect from direct sunlight and frost."", ""density"": ""~1.07 kg/l (+25 °C)"", ""total_chloride_ion_content"": ""Nil  (EN 934-2)""}","Sika® Retarder-22 is a phosphate based liquid admixture that slows the cement hydration; delaying the initial set in direct proportion to the dosage used. After the planned delay in initial set, hardening develops at an accelerated rate. Suitable for use in tropical and hot climatic conditions.","Sika® Retarder-22 is a phosphate based liquid admixture that slows the cement hydration; delaying the initial set in direct proportion to the dosage used. After the planned delay in initial set, hardening develops at an accelerated rate. Suitable for use in tropical and hot climatic conditions. Sika® Retarder-22 follows the requirements of ASTM C494; Type B and EN 934-2",,,,,https://gcc.sika.com/en/construction/concrete/concrete-admixture/sika-retarder-22.html
Sika,Sika® Antisol®-90,90,Concrete,Concrete Admixture,"{""packaging"": ""200 L drum"", ""colour"": ""Yellowish to light brown liquid"", ""shelf_life"": ""12 months from the date of production if stored properly"", ""storage_conditions"": ""Store properly in original, unopened and undamaged sealed packaging in dry conditions at temperatures between +5 °C and +45 °C. Protect from direct sunlight and frost."", ""density"": ""~0.87 kg/l (+25 °C)""}","Sika® Antisol®-90 is a resin based, solvent containing liquid curing compound for the prevention of premature water loss in concrete. Suitable for use in hot and tropical climatic conditions.","Sika® Antisol®-90 is a resin based, solvent containing liquid curing compound for the prevention of premature water loss in concrete. Suitable for use in hot and tropical climatic conditions. Sika® Antisol®-90 follows the requirements of ASTM C 309; Type 1; Class B",,,,,https://gcc.sika.com/en/construction/concrete/concrete-admixture/sika-antisol-90.html
Sika,Sika® WT-10,10,Concrete,Concrete Admixture,"{""water  binder ratio"": ""< 0.45"", ""packaging"": ""200 L drum, 1000 L flow bin Bulk supply in tanker trucks possible on request"", ""colour"": ""White liquid"", ""composition"": ""Specially selected chemical composition"", ""shelf_life"": ""12 months from date of production if stored properly"", ""storage_conditions"": ""Store in undamaged, unopened, original sealed packaging in dry conditions at temperatures between +5 °C and +45 °C. Protect from direct sunlight and frost."", ""density"": ""~1.06 (+25 °C)"", ""total_chloride_ion_content"": ""Nil  (EN 934-2)""}","Sika® WT-10 is an integral admixture which greatly reduces the water absorption of concrete through its pore blocking and hydrophobic actions. The incorporation of Sika® WT-10 in the concrete mix ensures its beneficial effects are distributed throughout the matrix, thus enhancing durability. Suitable for use in hot and tropical climatic conditions.","Sika® WT-10 is an integral admixture which greatly reduces the water absorption of concrete through its pore blocking and hydrophobic actions. The incorporation of Sika® WT-10 in the concrete mix ensures its beneficial effects are distributed throughout the matrix, thus enhancing durability. Suitable for use in hot and tropical climatic conditions. Sika® WT-10 follows the requirements of EN 934-2 as a Water Resisting Admixture.",,,,,https://gcc.sika.com/en/construction/concrete/concrete-admixture/sika-wt-10.html
Sika,Sika® Stabilizer-312 MBF,312M,Concrete,Concrete Admixture,"{""packaging"": ""1000 L flowbin. Bulk supply in tanker trucks possible on request"", ""colour"": ""Brown liquid"", ""composition"": ""Aqueous solution of modified polycarboxylates, co-polymers"", ""shelf_life"": ""12 months from date of production if stored properly"", ""storage_conditions"": ""This product must be stored in original, unopenned and undamaged packaging in dry conditions as temperatures between +10 °C and +35 °C (50 °F and 95 °F). Always refer to packaging."", ""density"": ""~1.1 kg/l (+25 °C)""}","Sika® Stabilizer-312 MBF is a high-range superplasticizer and water reducing admixture used by the mining industry to improve the performance of cemented paste fills in underground backfill operations. Hybrid polymer admixture for improving cementitious mining backfill mixes with high performance in plasticizing, water-reducing and rheology enhancing properties.","Sika® Stabilizer-312 MBF is a high-range superplasticizer and water reducing admixture used by the mining industry to improve the performance of cemented paste fills in underground backfill operations. Hybrid polymer admixture for improving cementitious mining backfill mixes with high performance in plasticizing, water-reducing and rheology enhancing properties. 1000 L flowbin. Bulk supply in tanker trucks possible on request Aqueous solution of modified polycarboxylates, co-polymers 12 months from date of production if stored properly",,https://gcc.sika.com/dam/dms/gcc/l/pds-sika-stabilizer-312mbf.pdf,,,https://gcc.sika.com/en/construction/concrete/concrete-admixture/sika-stabilizer-312mbf.html
Sika,Sika® Retarder-21,21,Concrete,Concrete Admixture,"{""packaging"": ""200 L drum, 1000 L flowbin"", ""colour"": ""Light brown liquid"", ""composition"": ""Selected phosphates"", ""shelf_life"": ""12 months from date of production if stored properly"", ""storage_conditions"": ""Store in undamaged, unopened, original sealed packaging in dry conditions at temperatures between +5 °C and +45 °C. Protect from direct sunlight and frost."", ""density"": ""~1.09 kg/l (+25 °C)"", ""total_chloride_ion_content"": ""Nil  (EN 934-2)""}","Sika® Retarder-21 is a phosphate based liquid admixture that slows the cement hydration; delaying the initial set in direct proportion to the dosage used. After the planned delay in initial set, hardening develops at an accelerated rate. Suitable for use in tropical and hot climatic conditions.","Sika® Retarder-21 is a phosphate based liquid admixture that slows the cement hydration; delaying the initial set in direct proportion to the dosage used. After the planned delay in initial set, hardening develops at an accelerated rate. Suitable for use in tropical and hot climatic conditions. Sika® Retarder-21 follows the requirements of ASTM C494; Type B and EN 934-2",,,,,https://gcc.sika.com/en/construction/concrete/concrete-admixture/sika-retarder-21.html
Sika,Sika®-CNI (K),,Concrete,Concrete Admixture,"{""packaging"": ""200 L drums and 1000 L flowbins"", ""colour"": ""Yellow liquid"", ""composition"": ""Calcium Nitrite"", ""shelf_life"": ""24 months from date of production if stored properly"", ""storage_conditions"": ""Store in undamaged, unopened, original sealed packaging in dry conditions at temperatures between +5 °C and +45 °C. Protect from direct sunlight and frost."", ""density"": ""~1.23 kg/l (+25 °C)"", ""total_chloride_ion_content"": ""Nil  (EN 934-2)""}",Sika®-CNI (K) is a calcium nitrite based admixture designed to inhibit the corrosion of steel in reinforced concrete. Sika®-CNI (K) contains a minimum of 30 % calcium nitrite by mass. Suitable for use in tropical and hot climatic conditions.,"Sika®-CNI (K) is a calcium nitrite based admixture designed to inhibit the corrosion of steel in reinforced concrete. Sika®-CNI (K) contains a minimum of 30 % calcium nitrite by mass. Suitable for use in tropical and hot climatic conditions. Sika®-CNI (K) follows the requirements of ASTM C1582; Corrosion Inhibiting Admixture and ASTM C494; Type C, Accelerating Admixture.",,,,,https://gcc.sika.com/en/construction/concrete/concrete-admixture/sika-cni-k.html
Sika,Sika® CNI SA,,Concrete,Concrete Admixture,"{""packaging"": ""200 L drums \n  1000 L flowbins"", ""colour"": ""Light yellow liquid"", ""composition"": ""Calcium Nitrite solution"", ""shelf_life"": ""12 months minimum from date of production if stored properly"", ""storage_conditions"": ""Store in undamaged, unopened, original sealed packaging in dry conditions at temperatures between +5 °C and +45 °C. Protect from direct sunlight and frost."", ""density"": ""~1.12 kg/l (+25 °C)"", ""total_chloride_ion_content"": ""Nil  (EN 934-2)""}",Sika® CNI SA is a calcium nitrite based liquid admixture designed to inhibit the corrosion of steel in reinforced concrete. Suitable for use in tropical and hot climatic conditions.,"Sika® CNI SA is a calcium nitrite based liquid admixture designed to inhibit the corrosion of steel in reinforced concrete. Suitable for use in tropical and hot climatic conditions. Sika® CNI SA follows the requirements of ASTM C1582; Corrosion Inhibiting Admixture and ASTM C494; Type C, Accelerating Admixture.",,,,,https://gcc.sika.com/en/construction/concrete/concrete-admixture/sika-cni-sa.html
Sika,Sikalite® AE,,Concrete,Concrete Admixture,"{""packaging"": ""1 kg and 5 kg bags"", ""colour"": ""Beige powder"", ""composition"": ""Blend of organic and inorganic chemicals"", ""shelf_life"": ""12 months from date of production if stored properly"", ""storage_conditions"": ""Store in undamaged, unopened, original sealed packaging in dry conditions at temperatures between +5 °C and +45 °C. Protect from direct sunlight, heat and moisture."", ""density"": ""~0.90 kg/l (+25 °C)"", ""total_chloride_ion_content"": ""Nil  (EN 934-2)""}",Sikalite® AE is a ready to use powdered waterproofing admixture for cement / sand mortars and concrete. Suitable for use in hot and tropical climatic conditions.,Sikalite® AE is a ready to use powdered waterproofing admixture for cement / sand mortars and concrete. Suitable for use in hot and tropical climatic conditions. 12 months from date of production if stored properly,,,,,https://gcc.sika.com/en/construction/concrete/concrete-admixture/sikalite-ae.html
Sika,Sika® Rugasol®-2 Liquid,2,Concrete,Concrete Admixture,"{""packaging"": ""25 L pails and 200 L drums"", ""colour"": ""Yellowish brown liquid"", ""composition"": ""Solvent free polyhydroxy compound"", ""shelf_life"": ""12 months from date of production if stored properly"", ""storage_conditions"": ""Store in undamaged, unopened, original sealed packaging in dry conditions at temperatures between +5 °C and +45 °C. Protect from direct sunlight and frost."", ""density"": ""~1.05 (+25 °C)""}",Sika® Rugasol®-2 Liquid is a water based liquid surface retarder for producing exposed aggregate concrete finishes. Suitable for use in hot and tropical climatic conditions.,Sika® Rugasol®-2 Liquid is a water based liquid surface retarder for producing exposed aggregate concrete finishes. Suitable for use in hot and tropical climatic conditions. Sika® Rugasol®-2 Liquid is tested to Sika internal test standards and manufactured by ISO accredited facilities.,,,,,https://gcc.sika.com/en/construction/concrete/concrete-admixture/sika-rugasol-2-liquid.html
Sika,Sika® CNI OM,,Concrete,Concrete Admixture,"{""packaging"": ""200 L drums and 1000 L flow bins Bulk supply in tanker trucks possible on demand"", ""colour"": ""Pale yellow to greenish liquid"", ""shelf_life"": ""12 months minimum from production date if stored properly in original unopened packaging"", ""storage_conditions"": ""Sika® CNI OM should be stored in a dry area between 5°C and 35°C. Protect from direct sunlight""}","Sika® CNI OM is a calcium nitrite-based admixture designed to inhibit the corrosion of steel in reinforced concrete. Sika® CNI OM contains a minimum of 15 % calcium nitrite by mass and meets the requirements of ASTM C 1582, Corrosion Inhibiting Admixture and ASTM C494, Type C, Accelerating Admixture.","Sika® CNI OM is a calcium nitrite-based admixture designed to inhibit the corrosion of steel in reinforced concrete. Sika® CNI OM contains a minimum of 15 % calcium nitrite by mass and meets the requirements of ASTM C 1582, Corrosion Inhibiting Admixture and ASTM C494, Type C, Accelerating Admixture. 12 months minimum from production date if stored properly in original unopened packaging",,https://gcc.sika.com/dam/dms/gcc/3/pds-sika-cni-om.pdf,,,https://gcc.sika.com/en/construction/concrete/concrete-admixture/sika-cni-om.html
Sika,Sika® Sigunit® L-500 AFI SA,500A,Concrete,Concrete Admixture,"{""packaging"": ""1000 L flowbin. Bulk supply in tanker trucks possible on request"", ""colour"": ""Yellowish liquid"", ""composition"": ""Blend of special inorganic materials"", ""shelf_life"": ""3 months from date of production if stored properly"", ""storage_conditions"": ""Store in original, undamaged and sealed containers, protected from direct sunlight and frost and kept at temperatures between +5 °C and +35 °C. After prolonged storage the performance of Sika® Sigunit® L-500 AFI SA should be tested and the material should always be stirred before use. Containers must be cleaned before refilling. Containers must always be stored firmly closed."", ""density"": ""~1.35 kg/l (+25 °C)"", ""ph-value"": ""~2.5"", ""total_chloride_ion_content"": ""≤ 0,10 % by mass (chloride free)  (EN 480-10)""}","Sika® Sigunit® L-500 AFI SA is a liquid, high performance, alkali free, setting and hardening accelerator for shotcrete. Suitable for use in hot and tropical climatic conditions.","Sika® Sigunit® L-500 AFI SA is a liquid, high performance, alkali free, setting and hardening accelerator for shotcrete. Suitable for use in hot and tropical climatic conditions. 1000 L flowbin. Bulk supply in tanker trucks possible on request Sika® Sigunit® L-500 AFI SA follows the requirements of EN 934-5 and EFNARC European Specification for Sprayed Concrete",,,,,https://gcc.sika.com/en/construction/concrete/concrete-admixture/sika-sigunit-l-500afisa.html
Sika,Sika® Antisol® E-15,15,Concrete,Concrete Admixture,"{""packaging"": ""20 L and 200 L drums"", ""colour"": ""White liquid"", ""composition"": ""Parrafin wax"", ""shelf_life"": ""12 months from date of production if stored properly"", ""storage_conditions"": ""Store in undamaged, unopened, original sealed packaging in dry conditions at temperatures between +5 °C and +45 °C. Protect from direct sunlight and frost."", ""density"": ""~0.90 kg/l (+25 °C)""}","Sika® Antisol® E-15 is a liquid, emulsified paraffin wax based curing compound for preventing water loss in concrete. The product is ready for use and easy to apply. Suitable for use in hot and tropical climatic conditions.","Sika® Antisol® E-15 is a liquid, emulsified paraffin wax based curing compound for preventing water loss in concrete. The product is ready for use and easy to apply. Suitable for use in hot and tropical climatic conditions. Sika® Antisol® E-15 follows the requirements of ASTM C 309; Type 1; Class A",,,,,https://gcc.sika.com/en/construction/concrete/concrete-admixture/sika-antisol-e-15.html
Sika,Sika® Separol® FP-15,15,Concrete,Concrete Admixture,"{""steel or plastic"": ""~50 m"", ""packaging"": ""20 L and 200 L drums"", ""colour"": ""Light yellowish brown liquid"", ""composition"": ""Blend of oil based products"", ""shelf_life"": ""24 months from date of production if stored properly"", ""storage_conditions"": ""Store in undamaged, unopened, original sealed packaging in dry conditions at temperatures between +5 °C and +45 °C. \n  Protect from direct heat and sunlight."", ""density"": ""~0.83 kg/l (+25 °C)""}","Sika® Separol® FP-15 is an oil based shutter / mould release agent that when applied to formwork provides for clean, fast and easy striking. Suitable for use in hot and tropical climatic conditions.","Sika® Separol® FP-15 is an oil based shutter / mould release agent that when applied to formwork provides for clean, fast and easy striking. Suitable for use in hot and tropical climatic conditions.",,,,,https://gcc.sika.com/en/construction/concrete/concrete-admixture/sika-separol-fp-15.html
Sika,Sika® Antisol® E-10,10,Concrete,Concrete Admixture,"{""packaging"": ""20 L and 200 L drums"", ""colour"": ""White liquid"", ""composition"": ""Paraffin wax"", ""shelf_life"": ""12 months from date of production if stored properly"", ""storage_conditions"": ""Store in undamaged, unopened, original sealed packaging in dry conditions at temperatures between +5 °C and +50 °C. Mix well before using."", ""density"": ""~0.98 kg/l (+25 °C)""}","Sika® Antisol® E-10 is a liquid, emulsified paraffin wax based curing compound for preventing water loss in concrete. The product is ready for use and easy to apply. Suitable for use in hot and tropical climatic conditions.","Sika® Antisol® E-10 is a liquid, emulsified paraffin wax based curing compound for preventing water loss in concrete. The product is ready for use and easy to apply. Suitable for use in hot and tropical climatic conditions. Sika® Antisol® E-10 follows the requirements of ASTM C 309; Type 1; Class A",,https://gcc.sika.com/dam/dms/gcc/k/pds-sika-antisole-10.pdf,,,https://gcc.sika.com/en/construction/concrete/concrete-admixture/sika-antisol-e-10.html
Sika,Sika®-1 WT,1,Concrete,Concrete Admixture,"{""packaging"": ""20 L pails, 200 L drums and 1000 L flowbins"", ""colour"": ""White liquid"", ""composition"": ""Aqueous solution of complex colloidal silicates"", ""shelf_life"": ""12 months from date of production if stored properly"", ""storage_conditions"": ""Store in undamaged, unopened, original sealed packaging in dry conditions at temperatures between +5°C and +45°C. Protect from direct sunlight and frost"", ""density"": ""~1.02 kg/l (+25 °C)"", ""total_chloride_ion_content"": ""Nil (EN 934-2)""}",Sika®-1 WT is a normal setting waterproofing admixture whose action is to block the capillaries and pores in concrete and mortar. Although blocking the passage of water it allows breathing to take place so considerably reducing the possibility of condensation. Suitable for use in hot and tropical climatic conditions.,Sika®-1 WT is a normal setting waterproofing admixture whose action is to block the capillaries and pores in concrete and mortar. Although blocking the passage of water it allows breathing to take place so considerably reducing the possibility of condensation. Suitable for use in hot and tropical climatic conditions.,,,,,https://gcc.sika.com/en/construction/concrete/concrete-admixture/sika-1-wt.html
Sika,Sika® Separol® FP-15 BH,15B,Concrete,Concrete Admixture,"{""steel or plastic"": ""~50 m"", ""packaging"": ""20 L and 200 L drums"", ""colour"": ""Light yellowish brown liquid"", ""composition"": ""Blend of oil based products"", ""shelf_life"": ""24 months from date of production if stored properly"", ""storage_conditions"": ""Store in undamaged, unopened, original sealed packaging in dry conditions at temperatures between +5 °C and +45 °C. \n  Protect from direct heat and sunlight."", ""density"": ""~0.83 kg/l (+25 °C)""}","Sika® Separol® FP-15 BH is an oil based shutter / mould release agent that when applied to formwork provides for clean, fast and easy striking. Suitable for use in hot and tropical climatic conditions.","Sika® Separol® FP-15 BH is an oil based shutter / mould release agent that when applied to formwork provides for clean, fast and easy striking. Suitable for use in hot and tropical climatic conditions.",,,,,https://gcc.sika.com/en/construction/concrete/concrete-admixture/sika-separol-fp-15bh.html
Sika,Sika® Dust Seal SA,,Concrete,Concrete Admixture,"{""mainly soil stabilization"": ""0.80 - 1.60"", ""packaging"": ""1000 L flowbins"", ""colour"": ""Brown liquid"", ""shelf_life"": ""12 months from date of production if stored properly"", ""storage_conditions"": ""Store in undamaged, unopened, original sealed packaging in dry conditions at temperatures between +5 °C and +45 °C. Protect from direct sunlight and frost."", ""density"": ""~1.17 kg/l (+25 °C)""}","Sika® Dust Seal SA may be used to eliminate dust problems in connection with unpaved roads, finely divided coal and mineral ores. Sika® Dust Seal SA also has very good soil stabilization properties on unimproved roads, resulting in a hard and durable surface. It is also recommended for road edge sloping and gives good protection against soil and sand erosion in rural or desert areas. Suitable for use in tropical and hot climatic conditions.","Sika® Dust Seal SA may be used to eliminate dust problems in connection with unpaved roads, finely divided coal and mineral ores. Sika® Dust Seal SA also has very good soil stabilization properties on unimproved roads, resulting in a hard and durable surface. It is also recommended for road edge sloping and gives good protection against soil and sand erosion in rural or desert areas. Suitable for use in tropical and hot climatic conditions. 12 months from date of production if stored properly Store in undamaged, unopened, original sealed packaging in dry conditions at temperatures between +5 °C and +45 °C. Protect from direct sunlight and frost.",,,,,https://gcc.sika.com/en/construction/concrete/concrete-admixture/sika-dust-seal-sa.html
Sika,Sika® Mould BA,,Concrete,Concrete Admixture,"{""packaging"": ""200 L drum"", ""colour"": ""Yellowish to amber liquid"", ""composition"": ""Blend of refined mineral oils and anti-corrosive additives"", ""shelf_life"": ""12 months from date of production if stored properly"", ""storage_conditions"": ""Store in undamaged, unopened, original sealed packaging in dry conditions at temperatures between +5 °C and +45 °C. \n  Protect from direct heat and sunlight."", ""density"": ""~0.85 kg/l  (25°C)  (DIN 51757)""}","Sika® Mould BA is an oil based shutter / mold release agent that when applied to formwork provides for clean, fast and easy striking. Suitable for use in hot and tropical climatic conditions.","Sika® Mould BA is an oil based shutter / mold release agent that when applied to formwork provides for clean, fast and easy striking. Suitable for use in hot and tropical climatic conditions. Blend of refined mineral oils and anti-corrosive additives",,,,,https://gcc.sika.com/en/construction/concrete/concrete-admixture/sika-mould-ba.html
Sika,Sika® Separol®-320 WS,320W,Concrete,Concrete Admixture,"{""packaging"": ""Plastic Can: 20 kg Drum: 200 kg IBC: 1000 kg"", ""colour"": ""Liquid, milky white"", ""composition"": ""Water based, miscible in water"", ""storage_conditions"": ""12 months from date of production if stored properly in original, unopened, undamaged packaging. Protect from frost, direct sunlight and contamination. Opened units should be stored closed."", ""density"": ""0.95 kg/l (+20°C)""}","Sika® Separol®-320 WS is a ready to use, solvent free concrete release agent. It is an emulsion, water based. Suitable for use in hot and tropical climatic conditions.","Sika® Separol®-320 WS is a ready to use, solvent free concrete release agent. It is an emulsion, water based. Suitable for use in hot and tropical climatic conditions.",,,,,https://gcc.sika.com/en/construction/concrete/concrete-admixture/sika-separol-320ws.html
Sika,SikaShield® PB P15 PE 6 mm,P15P,Waterproofing,Bituminous Sheetmembrane,"{""1000 mm"": ""(EN 12691)"", ""1200 n  30 mm"": ""(ASTM D 154)"", ""packaging"": ""Sheets 1.0 m x 2.0 m"", ""colour"": ""Surface: smooth \n  Colour: Black \n  Upper surface: covered with Polyolefin film. \n  Lower surface: laminated with Polyolefin film."", ""shelf_life"": ""24 months from the production date."", ""storage_conditions"": ""Boards must be stored in their original package, and under cool and dry conditions between temperatures of +5 °C and +35 °C. They must be protected from direct sunlight, rain, snow and ice.""}","SikaShield® PB P15 PE 6 mm is a tough semi-flexible, rot-proof, durable pre-molded bitumen based board with the top surface covered with a thin polyethlene film and the underside covered with a thin easy torched poly-ethylene film. Suitable for use in hot and tropical climatic conditions.","SikaShield® PB P15 PE 6 mm is a tough semi-flexible, rot-proof, durable pre-molded bitumen based board with the top surface covered with a thin polyethlene film and the underside covered with a thin easy torched poly-ethylene film. Suitable for use in hot and tropical climatic conditions.",,https://gcc.sika.com/dam/dms/gcc/7/pds-sikashield-pbp15pe6mm.pdf,,,https://gcc.sika.com/en/construction/waterproofing/bituminous-sheetmembrane/sikashield-pb-p15pe6mm.html
Sika,SikaProof® Tape-150 A,150A,Waterproofing,Sheet Membrane,"{""packaging"": ""2 rolls packed in one cardboard box, each roll 25 m long and 150 mm width"", ""colour"": ""Top layer with white fleece and sealant (SikaProof® fully bonded system) coated on a yellow carrier film. Bottom layer with polyacrylate adhesive cover with a white release film."", ""shelf_life"": ""18 months shelf life from date of production if stored properly in undamaged, unopened, original sealed packaging. (For expiry date see label)"", ""storage_conditions"": ""Dry storage at temperatures from +5 °C up to +30 °C. Protect from direct sunlight, rain, snow, ice, humidity, etc. Store in a horizontal position. Do not stack pallets of the rolls on top of each other, or under pallets of any other materials during transport or storage.""}","SikaProof® Tape-150 A is a self‐adhesive tape, based on a polyacrylate adhesive on a yellow carrier film coated with the SikaProof A fully bonded system. Suitable for use in hot and tropical climatic conditions.","SikaProof® Tape-150 A is a self‐adhesive tape, based on a polyacrylate adhesive on a yellow carrier film coated with the SikaProof A fully bonded system. Suitable for use in hot and tropical climatic conditions. 2 rolls packed in one cardboard box, each roll 25 m long and 150 mm width Top layer with white fleece and sealant (SikaProof® fully bonded system) coated on a yellow carrier film. Bottom layer with polyacrylate adhesive cover with a white release film. 18 months shelf life from date of production if stored properly in undamaged, unopened, original sealed packaging. (For expiry date see label) Dry storage at temperatures from +5 °C up to +30 °C. Protect from direct sunlight, rain, snow, ice, humidity, etc. Store in a horizontal position. Do not stack pallets of the rolls on top of each other, or under pallets of any other materials during transport or storage.",,,,,https://gcc.sika.com/en/construction/waterproofing/sheet-membrane/sikaproof-tape-150a.html
Sika,SikaCeram®-117,117,Building Finishing,Tiling System,"{""after heat ageing"": ""≥ 0.5 N/mm"", ""20 min 23 c"": ""(EN 12004-2)"", ""6mm"": ""~2.20 kg/m"", ""10mm"": ""~7.40 m"", ""solid bed application"": ""~1.40 kg/mm thickness"", ""8mm"": ""~9.30 m"", ""packaging"": ""25 kg and 40 kg bag"", ""colour"": ""Grey or white powder"", ""composition"": ""Portland cement, selected aggregates."", ""shelf_life"": ""12 months minimum from date of production"", ""storage_conditions"": ""Store in undamaged, unopened, original sealed packaging in dry conditions at temperatures between +5 °C and +35 °C. Protect from direct sunlight, heat and moisture.""}","SikaCeram®-117 is one-pack, C1 class, premixed adhesive, consisting of high resistance cements, selected silicon/quartz mineral charges and specific additives, used as thin bed tile adhesive for permanent fixing of ceramic tiles. It is ready to use with the addition of water. Suitable for use in hot and tropical climatic conditions.","SikaCeram®-117 is one-pack, C1 class, premixed adhesive, consisting of high resistance cements, selected silicon/quartz mineral charges and specific additives, used as thin bed tile adhesive for permanent fixing of ceramic tiles. It is ready to use with the addition of water. Suitable for use in hot and tropical climatic conditions SikaCeram®-117 is certified according ""Low Emitting Materials as per Al Sa'fat - Dubai Green Building Evaluation System"" by Dubai Central Laboratory (DCL) certificate No. CL17020432",,,,,https://gcc.sika.com/en/construction/building-finishing/tiling-system/tile-adhesive/sikaceram-117.html
Sika,SikaCeram®-51,51,Building Finishing,Tiling System,"{""after heat ageing"": ""≥ 0.5 N/mm"", ""packaging"": ""Grey color - 25 kg bag \n  White color - 20 kg bag"", ""colour"": ""Grey or white powder"", ""composition"": ""Portland cement, selected aggregates."", ""shelf_life"": ""12 months minimum from date of production"", ""storage_conditions"": ""Store in undamaged, unopened, original sealed packaging in dry conditions at temperatures between 5 °C and 35 °C. Protect from direct sunlight, heat and moisture."", ""fresh_mortar_density"": ""~1.70 kg/l (+25 °C)""}","SikaCeram®-51 is one-pack premixed adhesive consisting of high resistance cements, selected silicon/quartz mineral charges and specific additives, used as thin bed tile adhesive for permanent fixing of ceramic tiles. It is ready to use with the addition of water. Suitable for use in hot and tropical climatic conditions.","SikaCeram®-51 is one-pack premixed adhesive consisting of high resistance cements, selected silicon/quartz mineral charges and specific additives, used as thin bed tile adhesive for permanent fixing of ceramic tiles. It is ready to use with the addition of water. Suitable for use in hot and tropical climatic conditions.",,,,,https://gcc.sika.com/en/construction/building-finishing/tiling-system/tile-adhesive/sikaceram-51.html
Sika,SikaCeram®-116 Standard,116,Building Finishing,Tiling System,"{""wp  026"": ""Value"", ""after water immersion"": ""≥ 0.6 N/mm"", ""after heat ageing"": ""≥ 0.6 N/mm"", ""packaging"": ""20 kg bag"", ""colour"": ""White powder"", ""composition"": ""Portland cement, selected aggregates"", ""shelf_life"": ""12 months minimum from date of production"", ""storage_conditions"": ""Store in undamaged, unopened, original sealed packaging in dry conditions at temperatures between 5 °C and 35 °C. Protect from direct sunlight, heat and moisture."", ""fresh_mortar_density"": ""~1.50 kg/l (25 °C)""}","SikaCeram®-116 Standard is one-pack, premixed adhesive consisting of high resistance cements, selected silicon/quartz mineral charges and specific additives. Used as thin bed tile adhesive for permanent fixing of ceramic tiles. It is ready to use with the addition of water. Suitable for use in hot and tropical climatic conditions.","SikaCeram®-116 Standard is one-pack, premixed adhesive consisting of high resistance cements, selected silicon/quartz mineral charges and specific additives. Used as thin bed tile adhesive for permanent fixing of ceramic tiles. It is ready to use with the addition of water. Suitable for use in hot and tropical climatic conditions SikaCeram®-116 Standard follows the requirements of EN 12004 class C1 TE and complies to the requirements of ANSI 118.4 for shear strength.",,,,,https://gcc.sika.com/en/construction/building-finishing/tiling-system/tile-adhesive/sikaceram-116-standard.html
Sika,SikaCeram® WP Tape,,Building Finishing,Tiling System,"{""packaging"": ""Roll width:  200 mm  Roll length:  50 m"", ""colour"": ""Grey"", ""composition"": ""Polypropylene"", ""shelf_life"": ""24 months from production date"", ""storage_conditions"": ""Store flat in original, unopened and undamaged sealed packaging in dry conditions. Do not expose to direct sunlight or other heat sources.""}","SikaCeram® WP Tape is a special polypropylene non-woven tape that is designed to reinforce and waterproof joints, corners, covers, angles, changes of plane, pipe penetrations and changes in material, as part of the Sikalastic® WP 668 waterproofing system.","SikaCeram® WP Tape is a special polypropylene non-woven tape that is designed to reinforce and waterproof joints, corners, covers, angles, changes of plane, pipe penetrations and changes in material, as part of the Sikalastic® WP 668 waterproofing system.",,https://gcc.sika.com/dam/dms/gcc/w/pds-sikaceram-wptape.pdf,,,https://gcc.sika.com/en/construction/building-finishing/tiling-system/tile-adhesive/sikaceram-wp-tape.html
Sika,SikaCeram®-200 BH,200,Building Finishing,Tiling System,"{""after heat ageing"": ""≥ 1.10 N/mm"", ""packaging"": ""20 kg bag"", ""colour"": ""Grey and white powder"", ""composition"": ""Portland cement, selected aggregates and polymers"", ""shelf_life"": ""12 months minimum from date of production"", ""storage_conditions"": ""Store in undamaged, unopened, original sealed packaging in dry conditions at temperatures between +5 °C and +35 °C. Protect from direct sunlight, heat and moisture."", ""fresh_mortar_density"": ""~1.70 kg/l (25 °C)""}","SikaCeram®-200 BH is a high performance, one-pack, polymer containing, water resistant, premixed adhesive. Consisting of high resistance cements, selected silicon / quartz mineral charges and specific additives, used as thin bed tile adhesive for permanent fixing of ceramic tiles. Suitable for use in hot and tropical climatic conditions.","SikaCeram®-200 BH is a high performance, one-pack, polymer containing, water resistant, premixed adhesive. Consisting of high resistance cements, selected silicon / quartz mineral charges and specific additives, used as thin bed tile adhesive for permanent fixing of ceramic tiles. Suitable for use in hot and tropical climatic conditions. SikaCeram®-200 BH follows the main requirements of EN 12004 class C2 TE.",,,,,https://gcc.sika.com/en/construction/building-finishing/tiling-system/tile-adhesive/sikaceram-200-bh.html
Sika,Sikadur®-43 TA,43,Building Finishing,Tiling System,"{""packaging"": ""Standard unit: 34 kg \n   \n   Component: A  Component: B  Component: C  Component: A+B+C  4 kg  2 kg  28kg  34 kg"", ""colour"": ""Grey (mixed components A+B+C)"", ""composition"": ""Epoxy resin"", ""shelf_life"": ""12 months from date of production"", ""storage_conditions"": ""Store in undamaged, unopened, original sealed packaging in dry conditions at temperatures between 5 °C and 35 °C. Protect from direct sunlight, heat and moisture."", ""density"": ""~2.00 kg/l (mixed comp.: A+B+C)""}","Sikadur®-43 TA is a solvent-free, thixotropic, three-component tile adhesive, based on a combination of epoxy resins and specially selected high strength fillers. Suitable for use in hot and tropical climatic conditions.","Sikadur®-43 TA is a solvent-free, thixotropic, three-component tile adhesive, based on a combination of epoxy resins and specially selected high strength fillers. Suitable for use in hot and tropical climatic conditions.",,,,,https://gcc.sika.com/en/construction/building-finishing/tiling-system/tile-adhesive/sikadur-43-ta.html
Sika,SikaCeram®-255 StarFlex LD AE,255,Building Finishing,Tiling System,"{""initial"": ""≥ 1.3 N/mm"", ""after water imersion"": ""≥ 1.0 N/mm"", ""after heat ageing"": ""≥ 1.0 N/mm"", ""packaging"": ""25 kg bag"", ""colour"": ""Grey powder"", ""composition"": ""Portland cement, selected aggregates and polymers"", ""shelf_life"": ""12 months minimum from date of production"", ""storage_conditions"": ""Store in undamaged, unopened, original sealed packaging in dry conditions at temperatures between 5 °C and 35 °C. Protect from direct sunlight, heat and moisture."", ""fresh_mortar_density"": ""~1.60 kg/l (25 °C)""}","SikaCeram®-255 StarFlex LD AE is a cement-based, high performance, polymer containing, deformable, one-pack tile adhesive. It can be used in layers up to 10 mm. SikaCeram®-255 StarFlex LD AE is suitable for setting all kind of tiles on both floors and walls, inside and outside for residential and commercial areas on heated floors, balconies, terraces and swimming pools. Suitable for use in hot and tropical climatic conditions.","SikaCeram®-255 StarFlex LD AE is a cement-based, high performance, polymer containing, deformable, one-pack tile adhesive. It can be used in layers up to 10 mm. SikaCeram®-255 StarFlex LD AE is suitable for setting all kind of tiles on both floors and walls, inside and outside for residential and commercial areas on heated floors, balconies, terraces and swimming pools. Suitable for use in hot and tropical climatic conditions. SikaCeram®-255 StarFlex LD AE follows the main requirements of EN 12004 and ISO 13007-1 for class C2 TE S1 and main requirements of ANSI 118.15, ANSI 118.4 and ANSI 118.1.",,,,,https://gcc.sika.com/en/construction/building-finishing/tiling-system/tile-adhesive/sikaceram-255-starflexldae.html
Sika,SikaCeram® FLX 25,25,Building Finishing,Tiling System,"{""after heat ageing"": ""≥ 1.0 N/mm"", ""tiles can be grouted"": ""~24 h"", ""foot traffic"": ""~24 h"", ""able to bear weight"": ""~7 days"", ""fully cured"": ""~28 days"", ""packaging"": ""20 kg bag"", ""colour"": ""Grey powder"", ""composition"": ""Powder mixture with elastifying polymers. Does not contain any asbestos or other mineral fibers. No injurious silica dust during the application."", ""shelf_life"": ""12 months from date of production"", ""storage_conditions"": ""Store in undamaged, unopened, original sealed packaging in dry conditions at temperatures between +5°C and +35°C. Protect from direct sunlight, heat and moisture.""}","SikaCeram® FLX 25 is a high performance, one-pack, polymer containing, water resistant, premixed adhesive. Consisting of portland cement, sand and specific additives. Suitable for use in hot and tropical climatic conditions.","SikaCeram® FLX 25 is a high performance, one-pack, polymer containing, water resistant, premixed adhesive. Consisting of portland cement, sand and specific additives. Suitable for use in hot and tropical climatic conditions. SikaCeram® FLX 25 meets the requirements of EN 12004-1 for class C2TES2 Powder mixture with elastifying polymers. Does not contain any asbestos or other mineral fibers. No injurious silica dust during the application.",,https://gcc.sika.com/dam/dms/gcc/k/pds-sikaceram-flx25.pdf,,,https://gcc.sika.com/en/construction/building-finishing/tiling-system/tile-adhesive/sikaceram-flx-25.html
Sika,SikaCeram®-102 SA,102,Building Finishing,Tiling System,"{""wp  023"": ""Value"", ""initial"": ""≥ 0.5 N/mm"", ""20 min 23 c"": ""(12004-2)"", ""packaging"": ""20, 50 kg bag"", ""colour"": ""Grey or white powder"", ""composition"": ""Portland cement, selected aggregates"", ""shelf_life"": ""12 months minimum from date of production."", ""storage_conditions"": ""Store in undamaged, unopened, original sealed packaging in dry conditions at temperatures between 5 °C and 35 °C. Protect from direct sunlight, heat and moisture."", ""fresh_mortar_density"": ""~1.50 kg/l (25 °C)""}","SikaCeram®-102 SA is one-pack premixed adhesive consisting of high resistance cements, selected silicon/quartz mineral charges and specific additives, used as thin bed tile adhesive for permanent fixing of ceramic tiles. It is ready to use with the addition of water. Suitable for use in hot and tropical climatic conditions.","SikaCeram®-102 SA is one-pack premixed adhesive consisting of high resistance cements, selected silicon/quartz mineral charges and specific additives, used as thin bed tile adhesive for permanent fixing of ceramic tiles. It is ready to use with the addition of water. Suitable for use in hot and tropical climatic conditions.",,,,,https://gcc.sika.com/en/construction/building-finishing/tiling-system/tile-adhesive/sikaceram-102-sa.html
Sika,SikaCeram® FLX 441,441,Building Finishing,Tiling System,"{""1 day"": ""≥ 2 N/mm²"", ""45 min"": ""(+23°C/ 50 % r.h.)"", ""20 min"": ""(+23°C/ 50 % r.h.)"", ""120 min"": ""(+23°C/ 50 % r.h.)"", ""195 min"": ""(+23°C/ 50 % r.h.)"", ""walkable after"": ""~6 h"", ""groutable after"": ""~6 h"", ""able to bear weight after"": ""~24 h"", ""packaging"": ""A component  25 kg bag  B component  5.5 kg jerry can"", ""colour"": ""Grey or white powder"", ""composition"": ""Cement mortar mix with additives. Does not contain asbestos or other mineral fibres. No injurious silica dust during the application."", ""shelf_life"": ""6 months from date of production"", ""storage_conditions"": ""Store in undamaged, unopened, original sealed packaging in dry conditions at temperatures between +5°C and +35°C. Protect from direct sunlight, heat and moisture."", ""density"": ""~1.7 kg/l (mixed, at 25°C)"", ""ph-value"": ""12""}","SikaCeram® FLX 441 is a 2-component, cement based, polymer modified, highly stable, high performance, deformable cementitious adhesive used for adhesion of natural stones, granites, marbles and glass mosaics. Can also be used to bond ceramics. Suitable for use in hot and tropical climatic conditions.","SikaCeram® FLX 441 is a 2-component, cement based, polymer modified, highly stable, high performance, deformable cementitious adhesive used for adhesion of natural stones, granites, marbles and glass mosaics. Can also be used to bond ceramics. Suitable for use in hot and tropical climatic conditions.",,https://gcc.sika.com/dam/dms/gcc/q/pds-sikaceram-flx441.pdf,,,https://gcc.sika.com/en/construction/building-finishing/tiling-system/tile-adhesive/sikaceram-flx-441.html
Sika,SikaCeram®-217,217,Building Finishing,Tiling System,"{""initial"": ""~1.3 N/mm"", ""after water imersion"": ""~1.1 N/mm"", ""after heat ageing"": ""~1.2 N/mm"", ""after freeze-thaw cycles"": ""~1.1 N/mm"", ""packaging"": ""25 kg and 40 kg bag"", ""colour"": ""Grey and white powder"", ""composition"": ""Portland cement, selected aggregates and polymers"", ""shelf_life"": ""12 months minimum from date of production"", ""storage_conditions"": ""Store in undamaged, unopened, original sealed packaging in dry conditions at temperatures between 5 °C and 35 °C. Protect from direct sunlight, heat and moisture"", ""fresh_mortar_density"": ""~1.70 kg/l (25 °C)""}","SikaCeram®-217 is a high performance, one-pack, polymer containing, water resistant, premixed adhesive. Consisting of high resistance cements, selected silicon / quartz mineral charges and specific additives, used as tile adhesive for permanent fixing of ceramic tiles. Suitable for use in hot and tropical climatic conditions.","SikaCeram®-217 is a high performance, one-pack, polymer containing, water resistant, premixed adhesive. Consisting of high resistance cements, selected silicon / quartz mineral charges and specific additives, used as tile adhesive for permanent fixing of ceramic tiles. Suitable for use in hot and tropical climatic conditions. SikaCeram®-217 is certified according ""Low Emitting Materials as per Al Sa'fat - Dubai Green Building Evaluation System"" by Dubai Central Laboratory (DCL) certificate No. CL17020432",,,,,https://gcc.sika.com/en/construction/building-finishing/tiling-system/tile-adhesive/sikaceram-217.html
Sika,SikaCeram®-801 RTG,801,Building Finishing,Tiling System,"{""009  3 days"": ""(ASTM C531)"", ""water immersion"": ""~7 days"", ""packaging"": ""Part A  4.55 kg  Part B  0.45 kg  Part A + B  5 kg set  \n   \n   Part A  9.10 kg  Part B  0.90 kg  Part A + B  10 kg set"", ""colour"": ""Available in various colours. Please refer to Sika’s tile grout colour chart."", ""composition"": ""Epoxy resin, quartz aggregates and specific admixtures"", ""shelf_life"": ""12 months from date of production if stored properly"", ""storage_conditions"": ""Store in a cool, dry area in original sealed packaging and at temperatures between +5 °C and +35 °C. Protect from direct sunlight, heat and moisture."", ""density"": ""Mixed: ~1.8 kg/l""}","SikaCeram®-801 RTG is a two-pack tile grout and tile adhesive, based on epoxy resin, featuring a smooth surface in various colours. It is ideal for applications in areas demanding perfect cleanliness, high chemical and mechanical resistance. Suitable for use in hot and tropical climatic conditions.","SikaCeram®-801 RTG is a two-pack tile grout and tile adhesive, based on epoxy resin, featuring a smooth surface in various colours. It is ideal for applications in areas demanding perfect cleanliness, high chemical and mechanical resistance. Suitable for use in hot and tropical climatic conditions.",,,,,https://gcc.sika.com/en/construction/building-finishing/tiling-system/tile-grout/sikaceram-801-rtg.html
Sika,SikaCeram®-333,333,Building Finishing,Tiling System,"{""packaging"": ""20 L"", ""colour"": ""Water-like liquid, colourless."", ""composition"": ""Oil in water silane-siloxane emulsion"", ""shelf_life"": ""12 months from date of production"", ""storage_conditions"": ""Store in original, unopened, sealed and undamaged packaging in dry condition at temperatures between +5°C and +30°C. Protect from moisture and direct sunlight. Close container tightly after each use."", ""density"": ""~1.0 kg/l (at 25°C)""}","SikaCeram®-333 is a 1-component, low viscosity, water based, colourless, non-sheen, penetrating sealer. It is formulated to provide water repellency and stain protection and may also be used as a pre-grouting sealer. Suitable for use in hot and tropical climatic conditions.","SikaCeram®-333 is a 1-component, low viscosity, water based, colourless, non-sheen, penetrating sealer. It is formulated to provide water repellency and stain protection and may also be used as a pre-grouting sealer. Suitable for use in hot and tropical climatic conditions.",,https://gcc.sika.com/dam/dms/gcc/c/pds-sikaceram-333.pdf,,,https://gcc.sika.com/en/construction/building-finishing/tiling-system/tile-grout/sikaceram-333.html
Sika,SikaCeram®-530,530,Building Finishing,Tiling System,"{""packaging"": ""5 kg and 18 kg bags"", ""composition"": ""Blend of cement, fillers and organic additives"", ""shelf_life"": ""12 months from date of production"", ""storage_conditions"": ""Store in cool and dry conditions in unopened, undamaged and sealed original packaging at temperatures between +10 °C and +40 °C. Protect from direct sunlight, heat and moisture. Avoid excessive compaction."", ""density"": ""~1.78 kg/l (mixed, at 25 °C)""}","SikaCeram®-530 is a 1-component, fine, coloured, polymer modified, unsanded cementitious tile grout for joints up to 6 mm width. When mixed with water, provides a smooth, easily applied creamy paste for clean grouting of tiles. It sets to a decorative water-resistant finish suitable to be used as grout for ceramic, porcelain and moisture resistant natural stones tiles. It is particularly used in conjunction with SikaCeram® range of tile adhesives. Suitable to use in hot and tropical climatic conditions.","SikaCeram®-530 is a 1-component, fine, coloured, polymer modified, unsanded cementitious tile grout for joints up to 6 mm width. When mixed with water, provides a smooth, easily applied creamy paste for clean grouting of tiles. It sets to a decorative water-resistant finish suitable to be used as grout for ceramic, porcelain and moisture resistant natural stones tiles. It is particularly used in conjunction with SikaCeram® range of tile adhesives. Suitable to use in hot and tropical climatic conditions. SikaCeram®-530 complies to requirements of EN 13888 for class CG2 and ANSI 118.7.",,https://gcc.sika.com/dam/dms/gcc/e/pds-sikaceram-530.pdf,,,https://gcc.sika.com/en/construction/building-finishing/tiling-system/tile-grout/sikaceram-530.html
Sika,SikaCeram®-706,706,Building Finishing,Tiling System,"{""light foot traffic"": ""~16 hours"", ""8 mm"": ""~3.2 kg/m"", ""solid bed application"": ""~1.6 kg/mm thickness"", ""packaging"": ""5 kg combined unit (Part A + Part B)"", ""colour"": ""White and Grey"", ""composition"": ""Epoxy resin with fine fillers"", ""shelf_life"": ""12 months from date of production"", ""storage_conditions"": ""Store in undamaged, original sealed packaging in dry conditions at temperatures between +5°C and +30°C. Protect from direct sunlight, heat and moisture."", ""density"": ""~1.55 kg/l (mixed, at +25°C)""}","A two-component, epoxy resin based adhesive for permanent bedding of all types of tiles, natural stones, glass mosaics and agglomerates. Suitable for use in hot and tropical climatic conditions.","A two-component, epoxy resin based adhesive for permanent bedding of all types of tiles, natural stones, glass mosaics and agglomerates. Suitable for use in hot and tropical climatic conditions. SikaCeram®-706 meets the requirements of EN 12004 for class R2T.",,https://gcc.sika.com/dam/dms/gcc/g/pds-sikaceram-706.pdf,,,https://gcc.sika.com/en/construction/building-finishing/tiling-system/tile-adhesive/sikaceram-706.html
Sika,SikaCeram®-101,101,Building Finishing,Tiling System,"{""grey wp  022"": ""Value"", ""initial"": ""≥ 0.7 N/mm"", ""after water immersion"": ""≥ 0.5 N/mm"", ""after heat ageing"": ""≥ 0.5 N/mm"", ""10 min 23 c"": ""(EN 12004-2)"", ""floor tiles can be grouted"": ""After 24 - 36 h"", ""wall tiles can be grouted"": ""After 4 - 6 h"", ""surface can be used after"": ""After 14 d"", ""packaging"": ""25 kg and 40 kg bag"", ""colour"": ""Grey and white powder"", ""composition"": ""Portland cement, selected aggregates and polymers"", ""shelf_life"": ""12 months minimum from date of production"", ""storage_conditions"": ""Store in undamaged, unopened, original sealed packaging in dry conditions at temperatures between 5 °C and 35 °C. Protect from direct sunlight, heat and moisture.""}","SikaCeram®-101 is C1 T class, onepack, polymer (latex) containing, water resistant, premixed adhesive. Consisting of high resistance cements, selected silicon/ quartz mineral charges and specific additives, used as thin bed tile adhesive for permanent fixing of ceramic tiles. Suitable for use in hot and tropical climatic conditions.","SikaCeram®-101 is C1 T class, onepack, polymer (latex) containing, water resistant, premixed adhesive. Consisting of high resistance cements, selected silicon/ quartz mineral charges and specific additives, used as thin bed tile adhesive for permanent fixing of ceramic tiles. Suitable for use in hot and tropical climatic conditions. SikaCeram®-101 is certified according ""Low Emitting Materials as per Al Sa'fat - Dubai Green Building Evaluation System"" by Dubai Central Laboratory (DCL) certificate No. CL17020432",,,,,https://gcc.sika.com/en/construction/building-finishing/tiling-system/tile-adhesive/sikaceram-101.html
Sika,SikaCeram® FLX 23,23,Building Finishing,Tiling System,"{""after heat ageing"": ""≥ 1.0 N/mm"", ""able to bear weight"": ""~7 days"", ""packaging"": ""20 kg bag"", ""colour"": ""Grey or white powder"", ""composition"": ""Powder mixture with elastifying polymers. Does not contain any asbestos or other mineral fibres. No injurious silica dust during the application."", ""shelf_life"": ""12 months from date of production"", ""storage_conditions"": ""Store in undamaged, unopened, original sealed packaging in dry conditions at temperatures between +5 °C and +35 °C. Protect from direct sunlight, heat and moisture.""}","SikaCeram® FLX 23 is a high performance, one-pack, flexible polymer containing, water resistant, premixed adhesive. Consisting of portland cement, sand and specific additives, used as thin bed tile adhesive for permanent fixing of ceramic tiles. Suitable for use in hot and tropical climatic conditions.","SikaCeram® FLX 23 is a high performance, one-pack, flexible polymer containing, water resistant, premixed adhesive. Consisting of portland cement, sand and specific additives, used as thin bed tile adhesive for permanent fixing of ceramic tiles. Suitable for use in hot and tropical climatic conditions.",,https://gcc.sika.com/dam/dms/gcc/6/pds-sikaceram-flx23.pdf,,,https://gcc.sika.com/en/construction/building-finishing/tiling-system/tile-adhesive/sikaceram-flx-23.html
Sika,SikaCeram®-750,750,Building Finishing,Tiling System,"{""10 mm"": ""~4.2 kg/m"", ""solid bed application"": ""~1.6 kg/m"", ""packaging"": ""5 kg set (Part A + Part B)"", ""colour"": ""White"", ""composition"": ""Polyurethane resin"", ""shelf_life"": ""12 months from date of production"", ""storage_conditions"": ""Store in undamaged, original sealed packaging in dry conditions at temperatures between +5°C and +23°C. Protect from direct sunlight, heat and moisture."", ""density"": ""~1.55 -1.61 kg/l (mixed, at 25°C)""}","SikaCeram®-750 is a solvent-free, two-component polyurethane tile adhesive for laying of ceramic tiles and natural stones on critical substrates such as metal, PVC and plastic-based layered panels. Suitable for use in hot and tropical climatic conditions.","SikaCeram®-750 is a solvent-free, two-component polyurethane tile adhesive for laying of ceramic tiles and natural stones on critical substrates such as metal, PVC and plastic-based layered panels. Suitable for use in hot and tropical climatic conditions. SikaCeram®-750 meets the requirements of EN 12004-1 for class R2T.",,https://gcc.sika.com/dam/dms/gcc/b/pds-sikaceram-750.pdf,,,https://gcc.sika.com/en/construction/building-finishing/tiling-system/tile-adhesive/sikaceram-750.html
Sika,SikaCeram®-503 TG,503,Building Finishing,Tiling System,"{""packaging"": ""20 and 25 kg bag"", ""colour"": ""Grey and white"", ""composition"": ""Cement, polymers, fillers and additives"", ""shelf_life"": ""12 months from date of production"", ""storage_conditions"": ""Store in cool and dry conditions in unopened, undamaged and sealed original packaging at temperatures between +10 °C and +40 °C. Protect from direct sunlight, heat and moisture."", ""fresh_mortar_density"": ""~1.80 kg/l""}","SikaCeram®-503 TG is a 1-component, polymer - latex modified and water resistant cementitious tile grout for joints up to 6 mm. It is particularly used in conjunction with SikaCeram® tile adhesives. Suitable for use in hot and tropical climatic conditions.","SikaCeram®-503 TG is 1-component, polymer - latex modified and water resistant cementitious tile grout for joints up to 6 mm. It is particularly used in conjunction with SikaCeram tile adhesives. Suitable for use in hot and tropical climatic conditions. SikaCeram®-503 TG follows the requirements of EN 13888 for class CG2.",,,,,https://gcc.sika.com/en/construction/building-finishing/tiling-system/tile-grout/sikaceram-503-tg.html
Sika,SikaCeram® FLX 24,24,Building Finishing,Tiling System,"{""initial"": ""≥ 1.5 N/mm"", ""after water immersion"": ""≥ 1.0 N/mm"", ""after heat ageing"": ""≥ 1.3 N/mm"", ""value"": ""Requirements"", ""05 mm"": ""≤ 0.5 mm"", ""tiles can be grouted"": ""~24 h"", ""foot traffic"": ""~24 h"", ""fully cured"": ""~7 days"", ""packaging"": ""20 kg bag"", ""colour"": ""Grey or white powder"", ""composition"": ""Powder mixture with elastifying polymers. Does not contain any asbestos or other mineral fibers. No injurious silica dust during the application."", ""shelf_life"": ""12 months from date of production"", ""storage_conditions"": ""Store in undamaged, unopened, original sealed packaging in dry conditions at temperatures between +5°C and +35°C. Protect from direct sunlight, heat and moisture.""}","SikaCeram® FLX 24 is a high performance, one-pack, polymer containing, water resistant, premixed adhesive. Consisting of portland cement, sand and specific additives. Suitable for use in hot and tropical climatic conditions.","SikaCeram® FLX 24 is a high performance, one-pack, polymer containing, water resistant, premixed adhesive. Consisting of portland cement, sand and specific additives. Suitable for use in hot and tropical climatic conditions. Powder mixture with elastifying polymers. Does not contain any asbestos or other mineral fibers. No injurious silica dust during the application.",,https://gcc.sika.com/dam/dms/gcc/j/pds-sikaceram-flx24.pdf,,,https://gcc.sika.com/en/construction/building-finishing/tiling-system/tile-adhesive/sikaceram-flx-24.html
Sika,SikaCeram®-545,545,Building Finishing,Tiling System,"{""packaging"": ""18 kg bag"", ""composition"": ""Blend of hydrophobic cement, fillers and organic additives"", ""shelf_life"": ""12 months from date of production"", ""storage_conditions"": ""Store in cool and dry conditions in unopened, undamaged and sealed original packaging at temperatures between +10°C and +40°C. Protect from direct sunlight, heat and moisture. Avoid excessive compaction."", ""density"": ""~1.88 kg/l (mixed, at 25°C)""}","SikaCeram®-545 is a 1-component, fine coloured highly polymer modified powder which, when mixed with water, gives a smooth, easily applied creamy paste for clean grouting of ceramic tiles and natural stone. Mix provides premium quality, flexible, water and abrasion resistant joint grout, for joints of 1 - 10 mm width. SikaCeram®-545 is formulated using the latest grout technology including hydrophobic, easy to clean, and anti-bacterial properties. Suitable for use in hot and tropical climatic conditions.","SikaCeram®-545 is a 1-component, fine coloured highly polymer modified powder which, when mixed with water, gives a smooth, easily applied creamy paste for clean grouting of ceramic tiles and natural stone. Mix provides premium quality, flexible, water and abrasion resistant joint grout, for joints of 1 - 10 mm width. SikaCeram®-545 is formulated using the latest grout technology including hydrophobic, easy to clean, and anti-bacterial properties. Suitable for use in hot and tropical climatic conditions. SikaCeram®-545 conforms to the requirements of EN 13888:2009 for class",,https://gcc.sika.com/dam/dms/gcc/2/pds-sikaceram-545.pdf,,,https://gcc.sika.com/en/construction/building-finishing/tiling-system/tile-grout/sikaceram-545.html
Sika,SikaCeram® FLX 420,420,Building Finishing,Tiling System,"{""tiles can be grouted"": ""~24 h"", ""foot traffic"": ""~24 h"", ""able to bear weight"": ""~7 days"", ""fully cured"": ""~28 days"", ""packaging"": ""25 kg bag"", ""colour"": ""Grey or white powder"", ""composition"": ""Powder mixture with elastifying polymers. Does not contain any asbestos or other mineral fibres. No injurious silica dust during the application."", ""shelf_life"": ""12 months from date of production"", ""storage_conditions"": ""Store in undamaged, unopened, original sealed packaging in dry conditions at temperatures between +5°C and +35°C. Protect from direct sunlight, heat and moisture.""}","SikaCeram® FLX 420 is a high performance, one-pack, flexible polymer containing, water resistant, premixed adhesive. Consisting of portland cement, sand and specific additives, used as thin bed tile adhesive for permanent fixing of ceramic tiles. Suitable for use in hot and tropical climatic conditions.","SikaCeram® FLX 420 is a high performance, one-pack, flexible polymer containing, water resistant, premixed adhesive. Consisting of portland cement, sand and specific additives, used as thin bed tile adhesive for permanent fixing of ceramic tiles. Suitable for use in hot and tropical climatic conditions.",,https://gcc.sika.com/dam/dms/gcc/0/pds-sikaceram-flx420.pdf,,,https://gcc.sika.com/en/construction/building-finishing/tiling-system/tile-adhesive/sikaceram-flx-420.html
Sika,SikaCeram®-216 Premium,216,Building Finishing,Tiling System,"{""after water imersion"": ""≥ 1.0 N/mm"", ""packaging"": ""20 kg bag"", ""colour"": ""Grey and white powder"", ""composition"": ""Portland cement, selected aggregates and polymers"", ""shelf_life"": ""12 months minimum from date of production"", ""storage_conditions"": ""Store in undamaged, unopened, original sealed packaging in dry conditions at temperatures between 5 °C and 35 °C. Protect from direct sunlight, heat and moisture."", ""fresh_mortar_density"": ""~1.50 kg/l (25 °C)""}","SikaCeram®-216 Premium is a high performance, one-pack, polymer containing, water resistant, premixed adhesive. Consisting of high resistance cements, selected silicon / quartz mineral charges and specific additives, used as thin bed tile adhesive for permanent fixing of ceramic tiles. Suitable for use in hot and tropical climatic conditions.","SikaCeram®-216 Premium is a high performance, one-pack, polymer containing, water resistant, premixed adhesive. Consisting of high resistance cements, selected silicon / quartz mineral charges and specific additives, used as thin bed tile adhesive for permanent fixing of ceramic tiles. Suitable for use in hot and tropical climatic conditions. SikaCeram®-216 Premium follows the requirements of EN 12004 class C2 TE and complies to the requirements of ANSI 118.4 for shear strength.",,,,,https://gcc.sika.com/en/construction/building-finishing/tiling-system/tile-adhesive/sikaceram-216-premium.html
Sika,SikaCeram®-117 BH,117,Building Finishing,Tiling System,"{""wp  021 23c"": ""Value"", ""packaging"": ""25 kg bag"", ""colour"": ""Grey or white powder"", ""composition"": ""Portland cement, selected aggregates."", ""shelf_life"": ""12 months minimum from date of production."", ""storage_conditions"": ""Store in undamaged, unopened, original sealed packaging in dry conditions at temperatures between 5 °C and 35 °C. Protect from direct sunlight."", ""density"": ""~1.70 kg/l (fresh mortar) (25 °C)""}","SikaCeram®-117 BH is one-pack premixed adhesive consisting of high resistance cements, selected silicon/quartz mineral charges and specific additives, used as thin bed tile adhesive for permanent fixing of ceramic tiles. It is ready to use with the addition of water. Suitable for use in hot and tropical climatic conditions.","SikaCeram®-117 BH is one-pack premixed adhesive consisting of high resistance cements, selected silicon/quartz mineral charges and specific additives, used as thin bed tile adhesive for permanent fixing of ceramic tiles. It is ready to use with the addition of water. Suitable for use in hot and tropical climatic conditions SikaCeram® -117 BH follows the requirements of EN 12004 class C1.",,,,,https://gcc.sika.com/en/construction/building-finishing/tiling-system/tile-adhesive/sikaceram-117-bh.html
Sika,SikaCeram® P 302,302,Building Finishing,Tiling System,"{""packaging"": ""20 L"", ""colour"": ""Blue"", ""composition"": ""Modified acrylic resin dispersion"", ""shelf_life"": ""12 months from date of production"", ""storage_conditions"": ""Store in undamaged, unopened, original sealed packaging in dry conditions at temperatures between -10°C and +40°C. Protect from direct sunlight, heat and moisture. If frozen, SikaCeram® P 302 should be slowly thawed and stirred thoroughly."", ""density"": ""~1.0 g/l (25°C)""}","SikaCeram® P 302 is a 1-component, multi-purpose, acrylic, moisture barrier and primer. It protects thin bed mortars and levelling compounds from rapid absorption of water, increases open time, improves adheson and prevents formation of shrinkage cracks. Its blue colour allows easier coverage control. Suitable for use in hot and tropical climatic conditions.","SikaCeram® P 302 is a 1-component, multi-purpose, acrylic, moisture barrier and primer. It protects thin bed mortars and levelling compounds from rapid absorption of water, increases open time, improves adheson and prevents formation of shrinkage cracks. Its blue colour allows easier coverage control. Suitable for use in hot and tropical climatic conditions.",,https://gcc.sika.com/dam/dms/gcc/6/pds-sikaceram-p-302.pdf,,,https://gcc.sika.com/en/construction/building-finishing/tiling-system/tile-grout/sikaceram-p-302.html
Sika,SikaCeram® RSG 705,705,Building Finishing,Tiling System,"{""part abc"": ""9.5 kg (~5 L)"", ""packaging"": ""Part A:  1.213 kg   Part B:  0.547 kg  Part C:  7.74 kg  Part A+B+C:9.5 kg (~5 L)"", ""colour"": ""Available in various colours.  \n  Please contact Sika’s representative for advice."", ""composition"": ""Epoxy resin, quartz aggregates and specific admixtures"", ""shelf_life"": ""12 months from date of production if stored properly"", ""storage_conditions"": ""Store in a cool, dry area in original sealed packaging and at temperatures between +5 °C and +35 °C. Protect from direct sunlight, heat and moisture."", ""density"": ""~1.90 kg/l (Mixed at +25°C)""}","A three-component epoxy resin based tile adhesive and grout, featuring a smooth surface in various colours. It is ideal for applications in medium and heavy duty corrosive and hygienic environments. Suitable for use in hot and tropical climatic conditions.","A three-component epoxy resin based tile adhesive and grout, featuring a smooth surface in various colours. It is ideal for applications in medium and heavy duty corrosive and hygienic environments. Suitable for use in hot and tropical climatic conditions.",,https://gcc.sika.com/dam/dms/gcc/y/pds-sikaceram-rsg705.pdf,,,https://gcc.sika.com/en/construction/building-finishing/tiling-system/tile-grout/sikaceram-rsg-705.html
Sika,SikaCeram®-118 BH,118,Building Finishing,Tiling System,"{""after water immersion"": ""≥ 0.5 N/mm"", ""05 mm"": ""≤ 0.5 mm"", ""packaging"": ""25 kg and 40 kg bag"", ""colour"": ""Grey or white powder"", ""composition"": ""Portland cement, selected aggregates and latex polymers"", ""shelf_life"": ""12 months minimum from date of production"", ""storage_conditions"": ""Store in undamaged, unopened, original sealed packaging in dry conditions at temperatures between 5 °C and 35 °C. Protect from direct sunlight, heat and moisture.""}","SikaCeram®-118 BH is a high performance, C1 TE class, one-pack, polymer - latex containing, water resistant, premixed adhesive. Consisting of high resistance cements, selected silicon / quartz mineral charges and specific additives, used as thin bed tile adhesive for permanent fixing of ceramic tiles. Suitable for use in hot and tropical climatic conditions.","SikaCeram®-118 BH is a high performance, C1 TE class, one-pack, polymer - latex containing, water resistant, premixed adhesive. Consisting of high resistance cements, selected silicon / quartz mineral charges and specific additives, used as thin bed tile adhesive for permanent fixing of ceramic tiles. Suitable for use in hot and tropical climatic conditions. SikaCeram®-118 BH follows the main requirements of EN 12004 class C1 TE and ANSI 118.4 for shear strength. Portland cement, selected aggregates and latex polymers",,https://gcc.sika.com/dam/dms/gcc/k/pds-sikaceram-118bh.pdf,,,https://gcc.sika.com/en/construction/building-finishing/tiling-system/tile-adhesive/sikaceram-118-bh.html
Sika,SikaCeram®-200 LM,200,Building Finishing,Tiling System,"{""after heat ageing"": ""≥ 1.5 N/mm"", ""packaging"": ""24 kg set (A+B) \n   Component A: 4 kg  plastic pail  Component B: 20 kg  paper bag (SikaCeram®-200 BH)"", ""colour"": ""Component A:  white / liquid  Component B:  grey, white / powder"", ""composition"": ""Portland cement, selected aggregates and polymers"", ""shelf_life"": ""12 months minimum from date of production"", ""storage_conditions"": ""Store in undamaged, unopened, original sealed packaging in dry conditions at temperatures between +5 °C and +35 °C. Protect from direct sunlight, heat and moisture."", ""fresh_mortar_density"": ""~1.70 kg/l (25 °C)""}","SikaCeram®-200 LM is a high performance, two-component, latex modified, water resistant, tile adhesive. Consisting of high resistance cements, selected silicon / quartz mineral charges and specific additives, used as tile adhesive for permanent fixing of tiles. Suitable for use in hot and tropical climatic conditions.","SikaCeram®-200 LM is a high performance, two-component, latex modified, water resistant, tile adhesive. Consisting of high resistance cements, selected silicon / quartz mineral charges and specific additives, used as tile adhesive for permanent fixing of tiles. Suitable for use in hot and tropical climatic conditions.",,,,,https://gcc.sika.com/en/construction/building-finishing/tiling-system/tile-adhesive/sikaceram-200-lm.html
Sika,SikaCeram®-434,434,Building Finishing,Tiling System,"{""tiles can be grouted"": ""~24 h"", ""foot traffic"": ""~24 h"", ""able to bear weight"": ""~7 days"", ""packaging"": ""20 kg and 25 kg bag"", ""colour"": ""Grey or white powder"", ""composition"": ""Consisting of portland cement, sand and specific additives."", ""shelf_life"": ""12 months from date of production"", ""storage_conditions"": ""Store in undamaged, unopened, original sealed packaging in dry conditions at temperatures between +5°C and +35°C. Protect from direct sunlight, heat and moisture."", ""density"": ""~1.81 kg/l (mixed, at 25°C)""}","SikaCeram®-434 is a high performance, 1-component, latex polymer containing, water resistant, premixed adhesive. Suitable for use in hot and tropical climatic conditions.","SikaCeram®-434 is a high performance, 1-component, latex polymer containing, water resistant, premixed adhesive. Suitable for use in hot and tropical climatic conditions.",,https://gcc.sika.com/dam/dms/gcc/t/pds-sikaceram-434.pdf,,,https://gcc.sika.com/en/construction/building-finishing/tiling-system/tile-adhesive/sikaceram-434.html
Sika,SikaCeram®-502 TG AE,502,Building Finishing,Tiling System,"{""foot traffic"": ""Min. 24 hours"", ""fully serviceable"": ""Min. 7 days"", ""packaging"": ""5 kg plastic bag \n  20 kg paper bag"", ""colour"": ""Grey, white and off-white. \n  Further colours upon request subject to minimum order, as per Sika's colour chart."", ""composition"": ""Cement, polymers, fillers and additives."", ""shelf_life"": ""Plastic bag - 24 months from date of production. \n  Paper bag - 12 months from date of production."", ""storage_conditions"": ""Store in cool and dry conditions in unopened, undamaged and sealed original packaging at temperatures between +10 °C and +40 °C. Protect from direct sunlight, heat and moisture."", ""fresh_mortar_density"": ""~1.60 kg/l (grey, white and off-white) \n  ~1.80 kg/l (other colours)""}","SikaCeram®-502 TG AE is a 1-component, polymer modified and water resistant cementitious tile grout for joints of up to 6 mm. It is particularly used in conjunction with SikaCeram® tile adhesives. Suitable for use in hot and tropical climatic conditions.","SikaCeram®-502 TG AE is a 1-component, polymer modified and water resistant cementitious tile grout for joints of up to 6 mm. It is particularly used in conjunction with SikaCeram® tile adhesives. Suitable for use in hot and tropical climatic conditions.",,,,,https://gcc.sika.com/en/construction/building-finishing/tiling-system/tile-grout/sikaceram-502-tgae.html
Sika,SikaCeram®-401,401,Building Finishing,Tiling System,"{""powder colour"": ""Water per 25 kg bag"", ""white"": ""3.75 - 4.35 L"", ""grey"": ""4.0 - 4.5 L"", ""packaging"": ""25 kg bag"", ""colour"": ""Grey or white powder"", ""composition"": ""Blend of Portland cement, graded aggregates and organic polymer."", ""shelf_life"": ""12 months from date of production"", ""storage_conditions"": ""Store in undamaged, unopened, original sealed packaging in dry conditions at temperatures between +5°C and +35°C. Protect from direct sunlight, heat and moisture."", ""density"": ""Grey: ~1.9 kg/l (mixed, at 25°C) \n  White: ~2.0 kg/l (mixed, at 25°C)""}","SikaCeram®-401 is a 1-component, cementitious powder formulated with aggregates for high performance thick bed fixing in a wide range of floor tiling and paving applications. Suitable for use in hot and tropical climatic conditions.","SikaCeram®-401 is a 1-component, cementitious powder formulated with aggregates for high performance thick bed fixing in a wide range of floor tiling and paving applications. Suitable for use in hot and tropical climatic conditions. Blend of Portland cement, graded aggregates and organic polymer.",,https://gcc.sika.com/dam/dms/gcc/5/pds-sikaceram-401.pdf,,,https://gcc.sika.com/en/construction/building-finishing/tiling-system/tile-adhesive/sikaceram-401.html
Sika,SikaCeram®-202 SA,202,Building Finishing,Tiling System,"{""wp  023"": ""Value"", ""initial"": ""≥ 1.5 N/mm"", ""after water imersion"": ""≥ 1.0 N/mm"", ""30 min 23 c"": ""(EN 1346)"", ""packaging"": ""20 kg bag"", ""colour"": ""Grey powder"", ""composition"": ""Portland cement, selected aggregates and polymers"", ""shelf_life"": ""12 months minimum from date of production"", ""storage_conditions"": ""Store in undamaged, unopened, original sealed packaging in dry conditions at temperatures between 5 °C and 35 °C. Protect from direct sunlight, heat and moisture."", ""fresh_mortar_density"": ""~1.50 kg/l (25 °C)""}","SikaCeram®-202 SA is a high performance, one-pack, polymer containing, water resistant, premixed adhesive. Consisting of high resistance cements, selected silicon / quartz mineral charges and specific additives, used as thin bed tile adhesive for permanent fixing of ceramic tiles. Suitable for use in hot and tropical climatic conditions.","SikaCeram®-202 SA is a high performance, one-pack, polymer containing, water resistant, premixed adhesive. Consisting of high resistance cements, selected silicon / quartz mineral charges and specific additives, used as thin bed tile adhesive for permanent fixing of ceramic tiles. Suitable for use in hot and tropical climatic conditions. SikaCeram®-202 SA follows the requirements of EN 12004 class C2 E and complies to the requirements of ANSI 118.4 for shear strength.",,,,,https://gcc.sika.com/en/construction/building-finishing/tiling-system/tile-adhesive/sikaceram-202-sa.html
Sika,SikaCeram®-4,4,Building Finishing,Tiling System,"{""initial"": ""≥ 0.5 N/mm"", ""after water immersion"": ""≥ 0.5 N/mm"", ""value"": ""Requirements"", ""05 mm"": ""≤ 0.5 mm"", ""tiles can be grouted"": ""~24 h"", ""foot traffic"": ""~24 h"", ""able to bear weight"": ""~7 days"", ""fully cured"": ""~28 days"", ""packaging"": ""20 kg bag"", ""colour"": ""Grey and white powder"", ""composition"": ""Blend of portland cement, graded sand and special additives"", ""shelf_life"": ""12 months from date of production"", ""storage_conditions"": ""Store in undamaged, unopened, original sealed packaging in dry conditions at temperatures between +5°C and +35°C. Protect from direct sunlight, heat and moisture.""}","SikaCeram®-4 is onepack, special additive containing, water resistant, premixed adhesive for a wide range of applications. Suitable for use in hot and tropical climatic conditions.","SikaCeram®-4 is onepack, special additive containing, water resistant, premixed adhesive for a wide range of applications. Suitable for use in hot and tropical climatic conditions. Blend of portland cement, graded sand and special additives",,https://gcc.sika.com/dam/dms/gcc/j/pds-sikaceram-4.pdf,,,https://gcc.sika.com/en/construction/building-finishing/tiling-system/tile-adhesive/sikaceram-4.html
Sika,SikaCeram®-50 BH,50,Building Finishing,Tiling System,"{""after water imersion"": ""≥ 0.5 N/mm"", ""after heat ageing"": ""≥ 0.5 N/mm"", ""20 min 23 c"": ""(EN 1346)"", ""packaging"": ""40 kg bag"", ""colour"": ""Grey or white powder"", ""composition"": ""Portland cement, selected aggregates"", ""shelf_life"": ""12 months minimum from date of production"", ""storage_conditions"": ""Store in undamaged, unopened, original sealed packaging in dry conditions at temperatures between 5 °C and 35 °C. Protect from direct sunlight."", ""fresh_mortar_density"": ""~1.70 kg/l (25 °C)""}","SikaCeram®-50 BH is one-pack premixed adhesive consisting of high resistance cements, selected silicon/quartz mineral charges and specific additives, used as thin bed tile adhesive for permanent fixing of ceramic tiles. It is ready to use with the addition of water. Suitable for use in hot and tropical climatic conditions.","SikaCeram®-50 BH is one-pack premixed adhesive consisting of high resistance cements, selected silicon/quartz mineral charges and specific additives, used as thin bed tile adhesive for permanent fixing of ceramic tiles. It is ready to use with the addition of water. Suitable for use in hot and tropical climatic conditions. SikaCeram®-50 BH follows the requirements of EN 12004 class C1.",,,,,https://gcc.sika.com/en/construction/building-finishing/tiling-system/tile-adhesive/sikaceram-50-bh.html
Sika,SikaCeram® RTG,,Building Finishing,Tiling System,"{""packaging"": ""Standard unit: 12.5 kg \n   Component A  Component B  Component C  Component A+B+C  3.95 kg  1.05 kg  7.5 kg  12.5 kg"", ""colour"": ""Colours available:  RAL 1013 \n  Other RAL colours available on request based on minimum order quantity."", ""shelf_life"": ""24 months from production date if stored properly in original unopened packaging."", ""storage_conditions"": ""Stored properly in original, unopened, sealed and undamaged packaging in dry conditions at temperatures between +5 °C and +30 °C. Protect from direct sunlight, heat and moisture."", ""density"": ""~1.84 kg/l""}","SikaCeram® RTG is a high performance solvent-free, 3-component tile grouting mortar with good chemical and abrasion resistance, based on an epoxy resin and selected quartz fillers. Suitable for use in hot and tropical climatic conditions.","SikaCeram® RTG is a high performance solvent-free, 3-component tile grouting mortar with good chemical and abrasion resistance, based on an epoxy resin and selected quartz fillers. Suitable for use in hot and tropical climatic conditions.",,,,,https://gcc.sika.com/en/construction/building-finishing/tiling-system/tile-grout/sikaceram-rtg.html
Sika,SikaCeram®-707,707,Building Finishing,Tiling System,"{""light foot traffic"": ""~16 hours"", ""water immersion"": ""~7 days"", ""chemical resistance"": ""~7 days"", ""8 mm"": ""~3.2 kg/m"", ""packaging"": ""5 kg combined unit (Part A + Part B)"", ""colour"": ""Available in various colours. Please refer to Sika’s tile grout colour chart."", ""composition"": ""Epoxy resin with fine fillers and pigments"", ""shelf_life"": ""12 months from date of production"", ""storage_conditions"": ""Store in undamaged, original sealed packaging in dry conditions at temperatures between +5 °C and +30 °C. Protect from direct sunlight, heat and moisture."", ""density"": ""~1.6 kg/l (mixed, at 25 °C)""}","A two-component, epoxy resin based adhesive and grout for permanent bedding and grouting of all types of tiles, natural stones and agglomerates. Suitable for use in hot and tropical climatic conditions.","A two-component, epoxy resin based adhesive and grout for permanent bedding and grouting of all types of tiles, natural stones and agglomerates. Suitable for use in hot and tropical climatic conditions. Available in various colours. Please refer to Sika’s tile grout colour chart.",,https://gcc.sika.com/dam/dms/gcc/e/pds-sikaceram-707.pdf,,,https://gcc.sika.com/en/construction/building-finishing/tiling-system/tile-grout/sikaceram-707.html
Sika,SikaCeram®-118,118,Building Finishing,Tiling System,"{""after heat ageing"": ""≥ 0.5 N/mm"", ""20 min 23 c"": ""(EN 12004-2)"", ""packaging"": ""25 kg and 40 kg bag"", ""colour"": ""Grey or white powder"", ""composition"": ""Portland cement, selected aggregates and latex polymers"", ""shelf_life"": ""12 months minimum from date of production"", ""storage_conditions"": ""Store in undamaged, unopened, original sealed packaging in dry conditions at temperatures between 5 °C and 35 °C. Protect from direct sunlight, heat and moisture.""}","SikaCeram®-118 is a high performance, C1 TE class, one-pack, polymer - latex containing, water resistant, premixed adhesive. Consisting of high resistance cements, selected silicon / quartz mineral charges and specific additives, used as thin bed tile adhesive for permanent fixing of ceramic tiles. Suitable for use in hot and tropical climatic conditions.","SikaCeram®-118 is a high performance, C1 TE class, one-pack, polymer - latex containing, water resistant, premixed adhesive. Consisting of high resistance cements, selected silicon / quartz mineral charges and specific additives, used as thin bed tile adhesive for permanent fixing of ceramic tiles. Suitable for use in hot and tropical climatic conditions.",,,,,https://gcc.sika.com/en/construction/building-finishing/tiling-system/tile-adhesive/sikaceram-118.html
Sika,SikaCeram®-500 TG,500,Building Finishing,Tiling System,"{""foot traffic"": ""Min. 24 hours"", ""fully serviceable"": ""Min. 7 days"", ""packaging"": ""5 kg and 10 kg  bag"", ""colour"": ""Coloured powder. Available in 22 colours. Further colours available upon request, subject to a minimum product order."", ""composition"": ""Cement, polymers, fillers and additives."", ""shelf_life"": ""12 months from date of production if stored properly in original sealed packaging."", ""storage_conditions"": ""Store in cool and dry conditions in unopened, undamaged and sealed original packaging at temperatures between +10 °C and +40 °C. Protect from direct sunlight, heat and moisture."", ""fresh_mortar_density"": ""~1.80 kg/l""}","SikaCeram®-500 TG is a 1-component, polymer modified and water resistant cementitious tile grout for joints of up to 4 mm. It is particularly used in conjunction with SikaCeram® tile adhesives. Suitable for use in hot and tropical climatic conditions.","SikaCeram®-500 TG is a 1-component, polymer modified and water resistant cementitious tile grout for joints of up to 4 mm. It is particularly used in conjunction with SikaCeram® tile adhesives. Suitable for use in hot and tropical climatic conditions. Further colours available upon request, subject to a minimum product order.",,,,,https://gcc.sika.com/en/construction/building-finishing/tiling-system/tile-grout/sikaceram-500-tg.html
Sika,SikaCeram®-30,30,Building Finishing,Tiling System,"{""tiles can be grouted"": ""~24 h"", ""foot traffic"": ""~24 h"", ""able to bear weight"": ""~7 days"", ""fully cured"": ""~28 days"", ""packaging"": ""20 kg bag"", ""colour"": ""Grey or off-white powder"", ""composition"": ""Blend of Portland cement and graded sand, reinforced with a high organic polymer content."", ""shelf_life"": ""12 months from date of production"", ""storage_conditions"": ""Store in undamaged, unopened, original sealed packaging in dry conditions at temperatures between +5°C and +35°C. Protect from direct sunlight, heat and moisture.""}","SikaCeram®-30 is one-pack, polymer-modified, cement based tile adhesive for thin bed fixing of ceramic or porcelain tiles in interior or exterior areas. Suitable for use in hot and tropical climatic conditions.","SikaCeram®-30 is one-pack, polymer-modified, cement based tile adhesive for thin bed fixing of ceramic or porcelain tiles in interior or exterior areas. Suitable for use in hot and tropical climatic conditions. SikaCeram®-30 follows the main requirements of ANSI A 118.1 and ANSI A 118.4 when mixed with SikaCeram® A 200 (formerly MTile A 200) Blend of Portland cement and graded sand, reinforced with a high organic polymer content.",,https://gcc.sika.com/dam/dms/gcc/c/pds-sikaceram-30.pdf,,,https://gcc.sika.com/en/construction/building-finishing/tiling-system/tile-adhesive/sikaceram-30.html
Sika,SikaCeram® A 200,200,Building Finishing,Tiling System,"{""thin bed fixing for wall and floor tiles"": ""Quantity"", ""sikaceram a 200"": ""2.5 L"", ""water"": ""10 L"", ""thick bed fixing"": ""Quantity"", ""thick bed semi-dry mix system"": ""Quantity"", ""portland cement"": ""50 kg"", ""packaging"": ""18 L pail and 210 L drum"", ""colour"": ""High viscosity white liquid"", ""composition"": ""Styrene butadiene emulsion (SBR)"", ""shelf_life"": ""12 months from production date"", ""storage_conditions"": ""Store properly in undamaged original sealed packaging, in dry cool conditions at temperatures between 5°C and 25°C. Protect from direct sunlight, heat, contamination and moisture."", ""density"": ""~1.01 kg/l (at 25°C)""}","SikaCeram® A 200 is a specially formulated latex additive, for use with Portland cement and sand to form high strength mortars for the installation of ceramic, marble, mosaic or quarry tiles, brick slips, natural or artificial stone. SikaCeram® A 200 is a synthetic rubber emulsion containing hydrophilic additives, fungicides and defoaming agents.","SikaCeram® A 200 is a specially formulated latex additive, for use with Portland cement and sand to form high strength mortars for the installation of ceramic, marble, mosaic or quarry tiles, brick slips, natural or artificial stone. SikaCeram® A 200 is a synthetic rubber emulsion containing hydrophilic additives, fungicides and defoaming agents.",,https://gcc.sika.com/dam/dms/gcc/0/pds-sikaceram-a-200.pdf,,,https://gcc.sika.com/en/construction/building-finishing/tiling-system/tile-adhesive/sikaceram-a-200.html
Sika,SikaCeram®-100,100,Building Finishing,Tiling System,"{""after water immersion"": ""≥ 1.2 N/mm"", ""after heat aging"": ""≥ 1.2 N/mm"", ""packaging"": ""20 kg bag \n  40 kg bag"", ""colour"": ""Grey or white powder"", ""composition"": ""Portland cement, selected aggregates and aditives"", ""shelf_life"": ""12 months minimum from date of production"", ""storage_conditions"": ""Store in undamaged, unopened, original sealed packaging in dry conditions at temperatures between 5 °C and 35 °C. Protect from direct sunlight, heat and moisture."", ""fresh_mortar_density"": ""~ 1.70 kg/l (+25 °C)""}","SikaCeram®-100 is a one-pack premixed, polymer containing adhesive consisting of high resistance cements, selected silicon/quartz mineral charges and specific additives, used as thin bed tile adhesive for permanent fixing of ceramic tiles. It is ready to use with the addition of water. Suitable for use in hot and tropical climatic conditions.","SikaCeram®-100 is a one-pack premixed, polymer containing adhesive consisting of high resistance cements, selected silicon/quartz mineral charges and specific additives, used as thin bed tile adhesive for permanent fixing of ceramic tiles. It is ready to use with the addition of water. Suitable for use in hot and tropical climatic conditions.",,https://gcc.sika.com/dam/dms/gcc/0/pds-sikaceram-100.pdf,,,https://gcc.sika.com/en/construction/building-finishing/tiling-system/tile-adhesive/sikaceram-100.html
Sika,SikaProof® Adhesive-01,01,Waterproofing,Sheet Membrane,"{""mixed"": ""White"", ""component b"": ""Isocyanate derivatives"", ""packaging"": ""Component A  25 kg pail   Component B  5 kg pail"", ""colour"": ""Component A  White  Component B  Brown MixedWhite"", ""composition"": ""Component A  Polyols, filled Component BIsocyanate derivatives"", ""shelf_life"": ""Component A  12 months  Component B  9 months  \n  The indicated shelf life is from the date of production if stored properly in undamaged, unopened, original sealed packaging. For expiry date see label."", ""storage_conditions"": ""Dry storage at temperature from +5 °C up to +30 °C. Protect from direct sunlight, rain, snow, ice, humidity, etc. Store in a horizontal position. Do not stack pallets of the membrane rolls on top of each other, or under pallets of any other material during transport or storage."", ""density"": ""Component A  ~1.6 kg/l  Component B  ~1.2 kg/l  Mixed material A+B  ~1.5 kg/l""}",SikaProof® Adhesive-01 is a thixotropic 2-component polyurethane adhesive. SikaProof® Adhesive-01 is part of the SikaProof® P-1201 System and is used to adhere the SikaProof® P-1200 membrane to concrete or other suitable cementitious substrates. Suitable for use in hot and tropical climatic conditions.,SikaProof® Adhesive-01 is a thixotropic 2-component polyurethane adhesive. SikaProof® Adhesive-01 is part of the SikaProof® P-1201 System and is used to adhere the SikaProof® P-1200 membrane to concrete or other suitable cementitious substrates. Suitable for use in hot and tropical climatic conditions.,,,,,https://gcc.sika.com/en/construction/waterproofing/sheet-membrane/sikaproof-adhesive-01.html
Sika,SikaProof® Adhesive-03 AE,03A,Waterproofing,Sheet Membrane,"{""function"": ""Product"", ""membrane"": ""SikaProof® A+ 08"", ""packaging"": ""25 kg bag"", ""colour"": ""Grey powder"", ""composition"": ""Polymer modified cement"", ""shelf_life"": ""6 months from date of production"", ""storage_conditions"": ""The Product must be stored in original, unopened and undamaged sealed packaging in dry conditions at temperatures between +5 °C and +25 °C. Always refer to packaging. Refer to the current Safety Data Sheet for information on safe handling and storage.""}","SikaProof® Adhesive-03 AE is a cement modified, single component adhesive. SikaProof® Adhesive-03 AE is part of the SikaProof® A&#43; post-applied system and is used to adhere the SikaProof® A&#43; membrane to the concrete substrate. Suitable for use in hot and tropical climatic conditions.","SikaProof® Adhesive-03 AE is a cement modified, single component adhesive. SikaProof® Adhesive-03 AE is part of the SikaProof® A+ post-applied system and is used to adhere the SikaProof® A+ membrane to the concrete substrate. Suitable for use in hot and tropical climatic conditions.",,https://gcc.sika.com/dam/dms/gcc/t/pds-sikaproofa-adhesive-03ae.pdf,,,https://gcc.sika.com/en/construction/waterproofing/sheet-membrane/sikaproof-adhesive-03ae.html
Sika,Sikaplan® WP 1100-15 HL,1100,Waterproofing,Sheet Membrane,"{""roll size"": ""2.20 m (width) x roll length 20 m or individual as specified"", ""watertight at 450 mm drop height"": ""(EN 12691)"", ""packaging"": ""Roll size2.20 m (width) x roll length 20 m or individual as specified"", ""colour"": ""Surface  Smooth  Colour  Signal layer: Yellow Bottom layer: Dark grey"", ""shelf_life"": ""5 years shelf life from date of production if stored properly in undamaged, unopened, original sealed packaging"", ""storage_conditions"": ""Rolls must be stored in their original packaging, in a horizontal position and in cool and dry conditions. They shall be protected from direct sunlight, rain, snow and ice, etc. Do not stack pallets of rolls during transport or storage.""}","Sikaplan® WP 1100-15 HL is a flexible, homogeneous sheet waterproofing membrane with a signal layer based on premium-quality polyvinylchloride (PVC-P). Suitable for use in hot and tropical climatic conditions.","Sikaplan® WP 1100-15 HL is a flexible, homogeneous sheet waterproofing membrane with a signal layer based on premium-quality polyvinylchloride (PVC-P). Suitable for use in hot and tropical climatic conditions. 2.20 m (width) x roll length 20 m or individual as specified",,,,,https://gcc.sika.com/en/construction/waterproofing/sheet-membrane/sikaplan-wp-1100-15hl.html
Sika,SikaProof®-936,936,Waterproofing,Sheet Membrane,"{""packaging"": ""Rolls of 80mm (width) x 50m (length)"", ""shelf_life"": ""12 months from date of production if stored properly in unopened, original packaging."", ""storage_conditions"": ""Store in dry conditions between +5 °C to +30 °C. Rolls must be stored in their original package, under cool and dry conditions. Protected from direct sunlight, rain, snow and ice.""}","SikaProof®-936 is a white or light yellow double sided sticky, HDPE self-adhesive tape for SikaProof®-730 PA HDPE pre-applied waterproofing system.","SikaProof®-936 is a white or light yellow double sided sticky, HDPE self-adhesive tape for SikaProof®-730 PA HDPE pre-applied waterproofing system. 12 months from date of production if stored properly in unopened, original packaging. Rolls must be stored in their original package, under cool and dry conditions. Protected from direct sunlight, rain, snow and ice.",,https://gcc.sika.com/dam/dms/gcc/8/pds-sikaproof-936.pdf,,,https://gcc.sika.com/en/construction/waterproofing/sheet-membrane/sikaproof-936.html
Sika,Sikaplan® WP Control Socket 6,,Waterproofing,Sheet Membrane,"{""packaging"": ""40 pcs / cardboard box"", ""colour"": ""Round, yellow base plate with hose connection socket (plug-in)"", ""shelf_life"": ""5 years shelf life from date of production if stored properly in undamaged, unopened, original sealed packaging."", ""storage_conditions"": ""Pieces must be stored in their original packaging and in cool and dry conditions. They must be protected from direct sunlight, rain, snow and ice, etc.""}",Sikaplan® WP Control Socket 6 is a flange element with round base plate and hose connection socket based on PVC-p. Suitable for use in hot and tropical climatic conditions.,"Sikaplan® WP Control Socket 6 is a flange element with round base plate and hose connection socket based on PVC-p. Suitable for use in hot and tropical climatic conditions. Round, yellow base plate with hose connection socket (plug-in) 5 years shelf life from date of production if stored properly in undamaged, unopened, original sealed packaging. Pieces must be stored in their original packaging and in cool and dry conditions. They must be protected from direct sunlight, rain, snow and ice, etc.",,,,,https://gcc.sika.com/en/construction/waterproofing/sheet-membrane/sikaplan-wp-controlsocket6.html
Sika,Sikaplan® WP 1100-20 HL,1100,Waterproofing,Sheet Membrane,"{""170 nmm"": ""(ISO 527) (EN 12311-2)"", ""watertight at 750 mm drop height"": ""(EN 12691)"", ""reduction of tensile strength and elongation"": ""≤ 20 %"", ""packaging"": ""Roll size  2.20 m (width) × roll length 20 m or individual as specified"", ""colour"": ""Surface  Smooth  Colour  Signal layer: Yellow Bottom layer: Dark grey"", ""shelf_life"": ""5 years shelf life from date of production if stored properly in undamaged, unopened, original sealed packaging"", ""storage_conditions"": ""Rolls must be stored in their original packaging, in a horizontal position in under cool and dry conditions. They must be protected from direct sunlight, rain, snow and ice, etc.Do not stack pallets of rolls during transport or storage.""}","Sikaplan® WP 1100-20 HL is a flexible, homogeneous sheet waterproofing membrane with a signal layer, based on premium-quality polyvinylchloride (PVC-P). Suitable for use in hot and tropical climatic conditions.","Sikaplan® WP 1100-20 HL is a flexible, homogeneous sheet waterproofing membrane with a signal layer, based on premium-quality polyvinylchloride (PVC-P). Suitable for use in hot and tropical climatic conditions. 2.20 m (width) × roll length 20 m or individual as specified",,,,,https://gcc.sika.com/en/construction/waterproofing/sheet-membrane/sikaplan-wp-1100-20hl.html
Sika,SikaProof® A+ 20,20,Waterproofing,Sheet Membrane,"{""roll width"": ""1 m or 2 m"", ""roll length"": ""15 m or specified"", ""top layer colour"": ""Light yellow"", ""bottom layer colour"": ""Grey"", ""membrane layer"": ""Flexible Polyolefin (FPO)"", ""hybrid layer"": ""Cement modified polymer"", ""overall thickness"": ""2.50 (-0.15 / +0.25) mm"", ""waterproofing layer thickness"": ""2.00 (-0.1 / +0.2) mm"", ""240 -012  024  kgm2"": ""(EN 1849-2)"", ""method a hard support"": ""≥ 1000 mm"", ""method b soft support"": ""≥ 800 mm"", ""longitudinal md"": ""≥ 750 N/50mm"", ""transversal cmd"": ""≥ 750 N/50mm"", ""100 n50 mm"": ""(EN 12317-2)"", ""class e"": ""(EN 13501-1)"", ""tested for 28 days at 23 c"": ""Pass"", ""tested for 24 hours at 60 kpa"": ""Pass"", ""method b 24 hours at 60 kpa"": ""Pass"", ""aged 12 weeks at 70 c tested 24 hours at 60 kpa"": ""Pass"", ""calcium hydroxide aged 28 days at 23 c tested 24 hours at 60 kpa"": ""Pass"", ""maximum"": ""+45 °C"", ""minimum"": ""+5 °C"", ""100 n 50 mm to concrete after 28 days"": ""(DIN EN 1372)"", ""up to 7 bar"": ""Pass"", ""packaging"": ""Roll width1 m or 2 mRoll length15 m or specified\n  Refer to the current price list for available packaging variations."", ""colour"": ""Top layer colourLight yellowBottom layer colourGrey"", ""composition"": ""Membrane layerFlexible Polyolefin (FPO)Hybrid layerCement modified polymer"", ""shelf_life"": ""24 months from date of production"", ""storage_conditions"": ""The Product must be stored in original unopened and undamaged sealed packaging in dry conditions and temperatures between +5 °C and +30 °C. Store in a horizontal position. Do not stack pallets of the rolls on top of each other, or under pallets of any other materials during transport or storage. Always refer to the packaging.""}",SikaProof® A&#43; 20 is a polyolefin (FPO) based sheet membrane for below ground waterproofing of reinforced concrete structures. A special hybrid bonding layer on the membrane forms a full and permanent dual bond with the concrete structure. The membrane can be pre-applied or post-applied. Joints are sealed with cold-applied tapes or by thermal jointing using appropriate heating equipment. The total thickness is 2.5 mm with a 2-mm-thick waterproofing layer. Suitable for use in hot and tropical climatic conditions.,SikaProof® A+ 20 is a polyolefin (FPO) based sheet membrane for below ground waterproofing of reinforced concrete structures. A special hybrid bonding layer on the membrane forms a full and permanent dual bond with the concrete structure. The membrane can be pre-applied or post-applied. Joints are sealed with cold-applied tapes or by thermal jointing using appropriate heating equipment. The total thickness is 2.5 mm with a 2-mm-thick waterproofing layer. Suitable for use in hot and tropical climatic conditions.,,https://gcc.sika.com/dam/dms/gcc/5/pds-sikaproof-a-plus-20.pdf,,,https://gcc.sika.com/en/construction/waterproofing/sheet-membrane/sikaproof-a-plus-20.html
Sika,SikaProof® A+ 08,08,Waterproofing,Sheet Membrane,"{""roll width"": ""1.00 m or 2.00 m"", ""roll length"": ""25 m"", ""top layer colour"": ""Light yellow"", ""bottom layer colour"": ""Grey"", ""membrane layer"": ""Flexible Polyolefin (FPO)"", ""hybrid layer"": ""Cement modified polymer"", ""total thickness deff"": ""(1.35 +0.14 / -0.07) mm"", ""thickness waterproofing layer"": ""(0.80 +0.08 / -0.04) mm"", ""120 012  -006 kgm²"": ""(EN 1849-2)"", ""method a hard support"": ""≥ 300 mm"", ""method b soft support"": ""≥ 300 mm"", ""longitudinal md"": ""≥ 500 N/50 mm"", ""transversal cmd"": ""≥ 500 N/50 mm"", ""100 n50 mm"": ""(EN 12317-2)"", ""class e"": ""(EN 13501-1)"", ""tested for 28 days at 23 c"": ""Pass"", ""tested for 24 hours at 60 kpa"": ""Pass"", ""method b 24 hours at 60 kpa"": ""Pass"", ""aged 12 weeks at 70 c tested 24 hours at 60 kpa"": ""Pass"", ""calcium hydroxide aged 28 days at 23 c tested 24 hours at 60 kpa"": ""Pass"", ""maximum"": ""+60 °C"", ""minimum"": ""+5 °C"", ""80 n  50 mm to concrete after 28 days"": ""(DIN EN 1372)"", ""up to 7 bar"": ""Pass"", ""packaging"": ""Roll width1.00 m or 2.00 mRoll length25 m\n  Refer to the current price list for available packaging variations."", ""colour"": ""Top layer colourLight yellowBottom layer colourGrey"", ""composition"": ""Membrane LayerFlexible Polyolefin (FPO)Hybrid LayerCement modified polymer"", ""shelf_life"": ""24 months from date of production"", ""storage_conditions"": ""The Product must be stored in original unopened and undamaged sealed packaging in dry conditions and temperatures between +5 °C and +30 °C. Store in a horizontal position. Do not stack pallets of the rolls on top of each other, or under pallets of any other materials during transport or storage. Always refer to the packaging.""}",SikaProof® A&#43; 08 is a polyolefin (FPO) based sheet membrane for below ground waterproofing of reinforced concrete structures. The membrane can be pre or post-applied. A special hybrid bonding layer on the membrane forms a full and permanent dual bond with the concrete structure. Joints are sealed with cold-applied tapes. The total thickness is 1.35 mm with a 0.8 mm thick waterproofing layer. Suitable for use in hot and tropical climatic conditions.,SikaProof® A+ 08 is a polyolefin (FPO) based sheet membrane for below ground waterproofing of reinforced concrete structures. The membrane can be pre or post-applied. A special hybrid bonding layer on the membrane forms a full and permanent dual bond with the concrete structure. Joints are sealed with cold-applied tapes. The total thickness is 1.35 mm with a 0.8 mm thick waterproofing layer. Suitable for use in hot and tropical climatic conditions.,,,,,https://gcc.sika.com/en/construction/waterproofing/sheet-membrane/sikaproof-a-plus-08.html
Sika,SikaProof®-730 PA,730,Waterproofing,Sheet Membrane,"{""packaging"": ""1.2 x 20 m rolls"", ""shelf_life"": ""12 months from date of production if stored properly in unopened, original packaging."", ""storage_conditions"": ""Store in dry conditions between +5 °C to +30 °C. Rolls must be stored in their original package, in vertical position and under cool and dry conditions. They must be protected from direct sunlight, rain, snow and ice.""}","SikaProof®-730 PA is a HDPE membrane treated with unique pressure sensitive adhesive and a state of the arts top film which enable good chemical adhesion with concrete surface. SikaProof®-730 PA forms a unique integral seal around the concrete poured against it, prevents water ingress even under high hydrostatic pressure and prevents lateral water migration as well. SikaProof®-730 PA remains fully adhered to concrete helping retain its performance even there is ground settlement beneath the slabs","SikaProof®-730 PA is a HDPE membrane treated with unique pressure sensitive adhesive and a state of the arts top film which enable good chemical adhesion with concrete surface. SikaProof®-730 PA forms a unique integral seal around the concrete poured against it, prevents water ingress even under high hydrostatic pressure and prevents lateral water migration as well. SikaProof®-730 PA remains fully adhered to concrete helping retain its performance even there is ground settlement beneath the slabs 12 months from date of production if stored properly in unopened, original packaging.",,https://gcc.sika.com/dam/dms/gcc/4/pds-sikaproof-730pa.pdf,,,https://gcc.sika.com/en/construction/waterproofing/sheet-membrane/sikaproof-730-pa.html
Sika,Sika® Anchor-300,300,Waterproofing,Sheet Membrane,"{""pvc membrane"": ""Yellow and black"", ""pvc shaft"": ""Grey"", ""packaging"": ""30 pcs per box"", ""colour"": ""PVC MembraneYellow and blackPVC ShaftGrey"", ""shelf_life"": ""5 years shelf life from date of production if stored properly in undamaged, unopened, original sealed packaging"", ""storage_conditions"": ""Store in dry conditions, protected from direct sunlight, rain, snow and ice, etc.""}",Sika® Anchor-300 is a hard PVC anchor shaft in grey colour combined with Sikaplan® PVC waterproofing membrane flange in yellow colour. Suitable for use in hot and tropical climatic condition.,"Sika® Anchor-300 is a hard PVC anchor shaft in grey colour combined with Sikaplan® PVC waterproofing membrane flange in yellow colour. Suitable for use in hot and tropical climatic condition. 5 years shelf life from date of production if stored properly in undamaged, unopened, original sealed packaging",,,,,https://gcc.sika.com/en/construction/waterproofing/sheet-membrane/sika-anchor-300.html
Sika,Sikaplan® WP 1100-30 HL,1100,Waterproofing,Sheet Membrane,"{""170  20 nmm"": ""(ISO 527)"", ""watertight at 1250 mm drop height"": ""(EN 12691)"", ""reduction of tensile strength and elongation"": ""≤ 20 %"", ""class e"": ""(EN ISO 11925-2)(EN13501-1)"", ""packaging"": ""Roll size  2.20 m (width) × roll length individual as specified"", ""colour"": ""Surface  smooth  Colour  signal layer: yellow bottom layer: dark grey"", ""shelf_life"": ""5 years shelf life from date of production if stored properly in undamaged, unopened, original sealed packaging"", ""storage_conditions"": ""Rolls must be stored in their original packaging, in a horizontal position and in cool and dry conditions. They must be protected from direct sunlight, rain, snow and ice, etc.Do not stack pallets of rolls during transport or storage.""}","Sikaplan® WP 1100-30 HL is a flexible, homogeneous sheet waterproofing membrane with a signal layer, based on premium-quality polyvinylchloride (PVC-P).","Sikaplan® WP 1100-30 HL is a flexible, homogeneous sheet waterproofing membrane with a signal layer, based on premium-quality polyvinylchloride (PVC-P). 2.20 m (width) × roll length individual as specified",,,,,https://gcc.sika.com/en/construction/waterproofing/sheet-membrane/sikaplan-wp-1100-30hl.html
Sika,SikaProof® Patch-200 B,200B,Waterproofing,Sheet Membrane,"{""packaging"": ""1 roll packed in a box"", ""colour"": ""White release liner over black adhesive on a light yellow membrane."", ""shelf_life"": ""18 months from date of production"", ""storage_conditions"": ""Product must be stored in original unopened and undamaged sealed packaging in dry conditions and temperatures between +5 °C and +30 °C. Always refer to packaging.""}","SikaProof® Patch-200 B is a single-sided, self-adhesive tape based on SikaProof® membrane, laminated with a butyl adhesive covered with a release liner. Suitable for use in hot and tropical climatic conditions.","SikaProof® Patch-200 B is a single-sided, self-adhesive tape based on SikaProof® membrane, laminated with a butyl adhesive covered with a release liner. Suitable for use in hot and tropical climatic conditions. White release liner over black adhesive on a light yellow membrane. Product must be stored in original unopened and undamaged sealed packaging in dry conditions and temperatures between +5 °C and +30 °C. Always refer to packaging.",,,,,https://gcc.sika.com/en/construction/waterproofing/sheet-membrane/sikaproof-patch-200b.html
Sika,SikaProof®-937,937,Waterproofing,Sheet Membrane,"{""packaging"": ""Rolls of 120mm (width) x 50m (length)"", ""shelf_life"": ""12 months from date of production if stored properly in unopened, original packaging."", ""storage_conditions"": ""Store in dry conditions between +5 °C to +30 °C. Rolls must be stored in their original package, under cool and dry conditions. Protected from direct sunlight, rain, snow and ice.""}","SikaProof®-937 is a white or light yellow single- sided sticky, HDPE self-adhesive tape. It is designed for use in underground waterproofing termination detailing along with SikaProof®-730 PA membrane system. The specially-made high density thermoplastic polyethylene (HDPE) film works as a waterproof base material. On one side the HDPE film is covered with macromolecule self-adhesive film and on the exposed surface the composite adhesive. The weather-resistant protective and insulating layer belongs to macromolecule self- adhesive film.","SikaProof®-937 is a white or light yellow single- sided sticky, HDPE self-adhesive tape. It is designed for use in underground waterproofing termination detailing along with SikaProof®-730 PA membrane system. The specially-made high density thermoplastic polyethylene (HDPE) film works as a waterproof base material. On one side the HDPE film is covered with macromolecule self-adhesive film and on the exposed surface the composite adhesive. The weather-resistant protective and insulating layer belongs to macromolecule self- adhesive film. 12 months from date of production if stored properly in unopened, original packaging.",,https://gcc.sika.com/dam/dms/gcc/0/pds-sikaproof-937.pdf,,,https://gcc.sika.com/en/construction/waterproofing/sheet-membrane/sikaproof-937.html
Sika,Sikaplan® WP Disc,,Waterproofing,Sheet Membrane,"{""packaging"": ""400 pcs / cardboard box"", ""colour"": ""Round shape with smooth surface on top and centre hole for nails with washer"", ""shelf_life"": ""5 years from date of production if stored properly in undamaged, unopened, original sealed packaging"", ""storage_conditions"": ""Fixing discs must be stored in their original packaging and in cool and dry conditions. They must be protected from direct sunlight, rain, snow and ice, etc.""}",Sikaplan® WP Disc is a ready to use fixing disc based on polyvinylchloride (PVC-p). Suitable for use in hot and tropical climatic conditions.,"Sikaplan® WP Disc is a ready to use fixing disc based on polyvinylchloride (PVC-p). Suitable for use in hot and tropical climatic conditions. Round shape with smooth surface on top and centre hole for nails with washer 5 years from date of production if stored properly in undamaged, unopened, original sealed packaging Fixing discs must be stored in their original packaging and in cool and dry conditions. They must be protected from direct sunlight, rain, snow and ice, etc.",,,,,https://gcc.sika.com/en/construction/waterproofing/sheet-membrane/sikaplan-wp-disc.html
Sika,SikaProof® A+ 12,12,Waterproofing,Sheet Membrane,"{""top layer colour"": ""Light yellow"", ""bottom layer colour"": ""Grey"", ""membrane layer"": ""Flexible Polyolefin (FPO)"", ""hybrid layer"": ""Cement modified polymer"", ""total thickness deff"": ""(1.75 +0.18 / -0.09) mm"", ""thickness waterproofing layer"": ""(1.20 +0.12 / -0.06) mm"", ""165 017  -009 kgm²"": ""(EN 1849-2)"", ""method a hard support"": ""≥ 400 mm"", ""method b soft support"": ""≥ 400 mm"", ""longitudinal md"": ""≥ 750 N/50mm"", ""transversal cmd"": ""≥ 750 N/50mm"", ""100 n50 mm"": ""(EN 12317-2)"", ""class e"": ""(EN 13501-1)"", ""tested for 28 days at 23 c"": ""Pass"", ""tested for 24 hours at 60 kpa"": ""Pass"", ""method b 24 hours at 60 kpa"": ""Pass"", ""aged 12 weeks at 70 c tested 24 hours at 60 kpa"": ""Pass"", ""calcium hydroxide aged 28 days at 23 c tested 24 hours at 60 kpa"": ""Pass"", ""maximum"": ""+60 °C"", ""minimum"": ""+5 °C"", ""100 n 50 mm to concrete after 28 days"": ""(DIN EN 1372)"", ""up to 7 bar"": ""Pass"", ""474  10"": ""(ISO/TS 11665-13)"", ""packaging"": ""Roll width  1.00 m or 2.00 m  Roll length  20 m  \n  Refer to the current price list for available packaging variations."", ""colour"": ""Top layer colourLight yellowBottom layer colourGrey"", ""composition"": ""Membrane LayerFlexible Polyolefin (FPO)Hybrid LayerCement modified polymer"", ""shelf_life"": ""24 months from date of production"", ""storage_conditions"": ""The Product must be stored in original unopened and undamaged sealed packaging in dry conditions and temperatures between +5 °C and +30 °C. Store in a horizontal position. Do not stack pallets of the rolls on top of each other, or under pallets of any other materials during transport or storage. Always refer to the packaging.""}",SikaProof® A&#43; 12 is a polyolefin (FPO) based sheet membrane for below ground waterproofing of reinforced concrete structures. A special hybrid bonding layer on the membrane forms a full and permanent dual bond with the concrete structure. The membrane can be pre or post-applied. Joints are sealed with cold-applied tapes or by thermal jointing using appropriate heating equipment. The total thickness is 1.75 mm with a 1.20 mm thick waterproofing layer. Suitable for use in hot and tropical climatic conditions.,SikaProof® A+ 12 is a polyolefin (FPO) based sheet membrane for below ground waterproofing of reinforced concrete structures. A special hybrid bonding layer on the membrane forms a full and permanent dual bond with the concrete structure. The membrane can be pre or post-applied. Joints are sealed with cold-applied tapes or by thermal jointing using appropriate heating equipment. The total thickness is 1.75 mm with a 1.20 mm thick waterproofing layer. Suitable for use in hot and tropical climatic conditions.,,,,,https://gcc.sika.com/en/construction/waterproofing/sheet-membrane/sikaproof-a-12.html
Sika,SikaProof® Sandwich Tape,,Waterproofing,Sheet Membrane,"{""packaging"": ""5 rolls packed in one cardboard box. \n  Individual roll size: \n   Length  25 m  Width  50 mm"", ""colour"": ""Transparent polyacrylic adhesive sandwiched between white release liners"", ""shelf_life"": ""18 months from date of production"", ""storage_conditions"": ""Product must be stored in original unopened and undamaged sealed packaging in dry conditions and temperatures between +5 °C and +25 °C. Always refer to packaging.""}",SikaProof® Sandwich Tape is a double-sided adhesive tape based on a polyacrylic adhesive sandwiched between release liners. Suitable for use in hot and tropical climatic conditions.,SikaProof® Sandwich Tape is a double-sided adhesive tape based on a polyacrylic adhesive sandwiched between release liners. Suitable for use in hot and tropical climatic conditions.,,,,,https://gcc.sika.com/en/construction/waterproofing/sheet-membrane/sikaproof-sandwichtape.html
Sika,SikaProof® ExTape-150,150,Waterproofing,Sheet Membrane,"{""packaging"": ""4 rolls packed in one box. \n  Individual roll size: Length 20 m/ Width 150 mm"", ""colour"": ""Top layer yellow carrier film coated with black butyl adhesive and bottom layer white divided release liner."", ""shelf_life"": ""24 months from date of production"", ""storage_conditions"": ""Product must be stored in original unopened and undamaged sealed packaging in dry conditions and temperatures between + 5 °C and + 30 °C. Always refer to packaging.""}",SikaProof® ExTape-150 is a self-adhesive tape based on a butyl adhesive for external jointing and detailing on SikaProof® A &amp; P membrane systems. The tape is composed of a yellow carrier film and a divided release liner. Suitable for use in hot and tropical climatic conditions.,SikaProof® ExTape-150 is a self-adhesive tape based on a butyl adhesive for external jointing and detailing on SikaProof® A & P membrane systems. The tape is composed of a yellow carrier film and a divided release liner. Suitable for use in hot and tropical climatic conditions. Top layer yellow carrier film coated with black butyl adhesive and bottom layer white divided release liner.,,,,,https://gcc.sika.com/en/construction/waterproofing/sheet-membrane/sikaproof-extape-150.html
Sika,SikaProof® P-1200,1200,Waterproofing,Sheet Membrane,"{""length"": ""20 m"", ""width"": ""1,00 m"", ""membrane layer"": ""Flexible Polyolefin (FPO)"", ""120 mm -5  10"": ""(EN 1849-2)"", ""120 kgm"": ""(EN 1849-2)"", ""400 mm"": ""Method A"", ""20 kg"": ""(EN 12730)"", ""pass"": ""(CEN/TS 14416)"", ""machine direction"": ""≥ 135 N"", ""cross direction"": ""≥ 135 N"", ""450"": ""(EN 12311-2)"", ""class e"": ""(EN 13501-1)"", ""pass 28 d23 c"": ""(EN 1847)"", ""pass method b 24h  60 kpa"": ""(EN 1928)"", ""pass 12 weeks"": ""(EN 1296)"", ""pass 28 days23 c"": ""(EN 1847)"", ""packaging"": ""Rolls wrapped individually in a yellow PE-film.\n  Length20 mWidth1,00 m"", ""colour"": ""Light yellow sheet membrane."", ""composition"": ""Membrane LayerFlexible Polyolefin (FPO)"", ""shelf_life"": ""24 months from date of production"", ""storage_conditions"": ""Product must be stored in original unopened and undamaged sealed packaging in dry conditions and temperatures between +5 °C and +30 °C. Store in a horizontal position. Do not stack pallets of the rolls on top of each other, or under pallets of any other materials during transport or storage. Always refer to packaging.""}","SikaProof® P-1200 is a polyolefin FPO sheet membrane for post-applied fully bonded below ground waterproofing of existing reinforced concrete structures. Membrane thickness 1,2 mm. The membrane is installed onto an adhesive coated concrete substrate which is applied just before installing the membrane. The membrane and adhesive is cold applied without heat or open flames onto cured concrete.","SikaProof® P-1200 is a polyolefin FPO sheet membrane for post-applied fully bonded below ground waterproofing of existing reinforced concrete structures. Membrane thickness 1,2 mm. The membrane is installed onto an adhesive coated concrete substrate which is applied just before installing the membrane. The membrane and adhesive is cold applied without heat or open flames onto cured concrete.",,,,,https://gcc.sika.com/en/construction/waterproofing/sheet-membrane/sikaproof-p-1200.html
Sika,Sikaplan® WP 1100-22 HL,1100,Waterproofing,Sheet Membrane,"{""pass"": ""(EN 1850-2)"", ""170 nmm"": ""(ISO 527)"", ""watertight at 750 mm drop height"": ""(EN 12691)"", ""reduction of tensile strength and elongation"": ""≤ 20 %"", ""packaging"": ""Roll size  2.20 m (width) × roll length individual as specified"", ""colour"": ""Surface  Smooth  Colour  Signal layer: Yellow Bottom layer: Dark grey"", ""shelf_life"": ""5 years shelf life from date of production if stored properly in undamaged, unopened, original sealed packaging"", ""storage_conditions"": ""Rolls must be stored in their original packaging, in a horizontal position and in cool and dry conditions. They must be protected from direct sunlight, rain, snow and ice, etc.Do not stack pallets of rolls during transport or storage.""}","Sikaplan® WP 1100-22 HL is a flexible, homogeneous sheet waterproofing membrane with a signal layer, based on premium-quality polyvinylchloride (PVC-P). Suitable for use in hot and tropical climatic conditions.","Sikaplan® WP 1100-22 HL is a flexible, homogeneous sheet waterproofing membrane with a signal layer, based on premium-quality polyvinylchloride (PVC-P). Suitable for use in hot and tropical climatic conditions. 2.20 m (width) × roll length individual as specified",,,,,https://gcc.sika.com/en/construction/waterproofing/sheet-membrane/sikaplan-wp-1100-22hl.html
Sika,SikaProof® Tape A+,,Waterproofing,Sheet Membrane,"{""packaging"": ""2 rolls packed in one cardboard box    Individual roll size  Length 25 m   Width 150 mm"", ""colour"": ""Top layer  Grey hybrid bonding layer with yellow waterproofing layer  Bottom layer  Transparent polyacrylate adhesive covered with a white release liner"", ""shelf_life"": ""18 months from date of production"", ""storage_conditions"": ""Product must be stored in original unopened and undamaged sealed packaging in dry conditions and temperatures between +5 °C and +30 °C. Always refer to packaging.""}",SikaProof® Tape A&#43; is a self-adhesive tape based on a polyacrylate adhesive with a carrier film and a release liner. Suitable for use in hot and tropical climatic conditions.,SikaProof® Tape A+ is a self-adhesive tape based on a polyacrylate adhesive with a carrier film and a release liner. Suitable for use in hot and tropical climatic conditions.,,,,,https://gcc.sika.com/en/construction/waterproofing/sheet-membrane/sikaproof-tape-a.html
Sika,Sikaplan® WT 4220-18 H,4220,Waterproofing,Sheet Membrane,"{""packaging"": ""Roll size  0.54 m (roll width) × 5.00 m (roll length) or 1.08 m × specified length  Unit weight  1.67 kg/m2"", ""colour"": ""Surface  Smooth  Membrane thickness  1.80 mm  Colour  Blue"", ""composition"": ""Polyolefin (FPO-PP)"", ""shelf_life"": ""The product does not expire during correct storage."", ""storage_conditions"": ""Product must be stored in original unopened and undamaged sealed packaging in dry conditions and temperatures between + 5 °C and + 35 °C. Protect from direct sunlight, rain, snow and ice, etc.  Store in a horizontal position. Do not stack pallets of the rolls on top of each other, or under pallets of any other materials during transport or storage. Always refer to packaging.""}","Sikaplan® WT 4220-18 H is a polyolefin flexible, homogeneous, smooth sheet membrane. Thickness 1.8 mm. For temperatures up to &#43;40 °C. Approved for potable water, the product provides a microbiological, soft and hard water resistant, durable and heat weldable membrane. Suitable for use in hot and tropical climatic conditions.","Sikaplan® WT 4220-18 H is a polyolefin flexible, homogeneous, smooth sheet membrane. Thickness 1.8 mm. For temperatures up to +40 °C. Approved for potable water, the product provides a microbiological, soft and hard water resistant, durable and heat weldable membrane. Suitable for use in hot and tropical climatic conditions.",,,,,https://gcc.sika.com/en/construction/waterproofing/sheet-membrane/sikaplan-wt-4220-18h.html
Sika,SikaShield® E35 PE SA 4 mm,E35,Waterproofing,Bituminous Sheetmembrane,"{""longitudinal"": ""700-800 N"", ""transversal"": ""500-600 N"", ""packaging"": ""Roll size: 1 m (roll width) x 10 m (roll length)"", ""colour"": ""Rolled sheet membrane, reinforced with polyester non-woven fabric with Polyethylene film on both sides for ease of installation Colour: Black"", ""composition"": ""SBS Modified Bitumen"", ""shelf_life"": ""12 months from date of production if stored properly in original unopened packaging."", ""storage_conditions"": ""Rolls must be stored in their original package, in vertical position and under cool and dry conditions between temperatures of +5°C and +35°C. They must be protected from direct sunlight, rain, snow and ice.""}","SikaShield® E35 PE SA 4 mm is a high performance elastomeric torch-on sheet waterproofing membrane. It is based on SBS modified bitumen, reinforced with a 180 g/m2 polyester non-woven fabric, faced with a polyethylene film on both sides. Suitable for use in tropical and hot climatic conditions.","SikaShield® E35 PE SA 4 mm is a high performance elastomeric torch-on sheet waterproofing membrane. It is based on SBS modified bitumen, reinforced with a 180 g/m polyester non-woven fabric, faced with a polyethylene film on both sides. Suitable for use in tropical and hot climatic conditions. Rolled sheet membrane, reinforced with polyester non-woven fabric with Polyethylene film on both sides for ease of installation",,https://gcc.sika.com/dam/dms/gcc/4/pds-sikashield-e35pesa4mm.pdf,,,https://gcc.sika.com/en/construction/waterproofing/bituminous-sheetmembrane/sikashield-e35-pesa4mm.html
Sika,SikaShield® P26 PE SA 4 mm,P26,Waterproofing,Bituminous Sheetmembrane,"{""polyester 200 gm"": ""(ASTM D5147)"", ""100 m  1"": ""(ASTM D5147)"", ""10 m  1"": ""(ASTM D5147)"", ""4 mm  02 mm"": ""(ASTM D5147)"", ""900 - 1000 n"": ""(ASTM E154)"", ""l4  i4"": ""(UEAtc.5.1.9 / UEAtc.4.4.1)"", ""longitudinal"": ""800-900 N"", ""transversal"": ""600-750 N"", ""040  at 25c 24 h"": ""(ASTM D5147)"", ""impermeable at 4 bar"": ""(ASTM D5385)"", ""packaging"": ""Roll size: 1 m (roll width) x 10 m (roll length)"", ""colour"": ""Rolled sheet membrane, reinforced with polyester non-woven fabric with Polyethylene film on both sides for ease of installation Colour: Black"", ""composition"": ""Atactic Polypropylene (APP) Modified Bitumen"", ""shelf_life"": ""12 months from date of production if stored properly in original unopened packaging."", ""storage_conditions"": ""Rolls must be stored in their original package, in vertical position and under cool and dry conditions between temperatures of +5°C and +35°C. They must be protected from direct sunlight, rain, snow and ice.""}","SikaShield® P26 PE SA 4 mm is a high performance plastomeric torch-on sheet waterproofing membrane. It is based on APP modified bitumen, reinforced with a 200 g/m2 polyester non-woven fabric, faced with a polyethylene film on both sides. Suitable for use in tropical and hot climatic conditions.","SikaShield® P26 PE SA 4 mm is a high performance plastomeric torch-on sheet waterproofing membrane. It is based on APP modified bitumen, reinforced with a 200 g/m polyester non-woven fabric, faced with a polyethylene film on both sides. Suitable for use in tropical and hot climatic conditions. Rolled sheet membrane, reinforced with polyester non-woven fabric with Polyethylene film on both sides for ease of installation",,https://gcc.sika.com/dam/dms/gcc/h/pds-sikashield-p26pesa4mm.pdf,,,https://gcc.sika.com/en/construction/waterproofing/bituminous-sheetmembrane/sikashield-p26-pesa4mm.html
Sika,SikaShield® E36 PE SA 4 mm,E36,Waterproofing,Bituminous Sheetmembrane,"{""polyester 200 gm"": ""(ASTM D5147)"", ""100 m  1"": ""(ASTM D5147)"", ""10 m  1"": ""(ASTM D5147)"", ""4 mm  02 mm"": ""(ASTM D5147)"", ""900 - 1000 n"": ""(ASTM E154)"", ""l4  i4"": ""(UEAtc.5.1.9 / UEAtc.4.4.1)"", ""longitudinal"": ""800-900 N"", ""transversal"": ""600-750 N"", ""040  at 25c 24 h"": ""(ASTM D5147)"", ""impermeable at 4 bar 40 m"": ""(ASTM D5385)"", ""packaging"": ""Roll size: 1 m (roll width) x 10 m (roll length)"", ""colour"": ""Rolled sheet membrane, reinforced with polyester non-woven fabric with Polyethylene film on both sides for ease of installation Colour: Black"", ""composition"": ""SBS Modified Bitumen"", ""shelf_life"": ""12 months from date of production if stored properly in original unopened packaging."", ""storage_conditions"": ""Rolls must be stored in their original package, in vertical position and under cool and dry conditions between temperatures of +5°C and +35°C. They must be protected from direct sunlight, rain, snow and ice.""}","SikaShield® E36 PE SA 4 mm is a high performance elastomeric torch-on sheet waterproofing membrane. It is based on SBS modified bitumen, reinforced with a 200 g/m2 polyester non-woven fabric, faced with a polyethylene film on both sides. Suitable for use in tropical and hot climatic conditions.","SikaShield® E36 PE SA 4 mm is a high performance elastomeric torch-on sheet waterproofing membrane. It is based on SBS modified bitumen, reinforced with a polyester non-woven fabric, faced with a polyethylene film on both sides. Suitable for use in tropical and hot climatic conditions.",,https://gcc.sika.com/dam/dms/gcc/a/pds-sikashield-e36pesa4mm.pdf,,,https://gcc.sika.com/en/construction/waterproofing/bituminous-sheetmembrane/sikashield-e36-pesa4mm.html
Sika,SikaShield® PB P15 PE SA 4 mm,P15P,Waterproofing,Bituminous Sheetmembrane,"{""packaging"": ""Sheets 1.0 m x 2.0 m"", ""colour"": ""Black"", ""shelf_life"": ""24 months from the production date"", ""storage_conditions"": ""Boards must be stored in their original package, and under cool and dry conditions between temperatures of +5 °C and +35 °C. They must be protected from direct sunlight, rain, snow and ice.""}","SikaShield® PB P15 PE SA 4 mm is a tough semi-flexible, rot-proof, durable, pre-molded bitumen based board with the top surface covered with a thin polyethlene film (PBS) and the underside covered with a thin easy torched polyethylene film. Suitable for use in hot and tropical climatic conditions.","SikaShield® PB P15 PE SA 4 mm is a tough semi-flexible, rot-proof, durable, pre-molded bitumen based board with the top surface covered with a thin polyethlene film (PBS) and the underside covered with a thin easy torched polyethylene film. Suitable for use in hot and tropical climatic conditions.",,https://gcc.sika.com/dam/dms/gcc/p/pds-sikashield-pbp15pesa4mm.pdf,,,https://gcc.sika.com/en/construction/waterproofing/bituminous-sheetmembrane/sikashield-pb-p15pesa4mm.html
Sika,SikaShield® E66 PE SA 4 mm,E66,Waterproofing,Bituminous Sheetmembrane,"{""polyester 200 gm"": ""(ASTM D5147)"", ""100 m  1"": ""(ASTM D5147)"", ""10 m  1"": ""(ASTM D5147)"", ""4 mm  02 mm"": ""(ASTM D5147)"", ""900 - 1000 n"": ""(ASTM E154)"", ""l4  i4"": ""(UEAtc.5.1.9 / UEAtc.4.4.1)"", ""longitudinal"": ""800-900 N"", ""transversal"": ""600-750 N"", ""040  at 25c 24 h"": ""(ASTM D5147)"", ""impermeable at 7 bar"": ""(ASTM D5385)"", ""packaging"": ""Roll size: 1 m (roll width) x 10 m (roll length)"", ""colour"": ""Rolled sheet membrane, reinforced with polyester non-woven fabric with Polyethylene film on both sides for ease of installation Colour: Black"", ""composition"": ""SBS Modified Bitumen"", ""shelf_life"": ""12 months from date of production if stored properly in original unopened packaging."", ""storage_conditions"": ""Rolls must be stored in their original package, in vertical position and under cool and dry conditions between temperatures of +5°C and +35°C. They must be protected from direct sunlight, rain, snow and ice.""}","SikaShield® E66 PE SA 4 mm is a high performance elastomeric torch-on sheet waterproofing membrane. It is based on SBS modified bitumen, reinforced with a 200 g/m2 polyester non-woven fabric, faced with a polyethylene film on both sides. Suitable for use in tropical and hot climatic conditions.","SikaShield® E66 PE SA 4 mm is a high performance elastomeric torch-on sheet waterproofing membrane. It is based on SBS modified bitumen, reinforced with a 200 g/m polyester non-woven fabric, faced with a polyethylene film on both sides. Suitable for use in tropical and hot climatic conditions.",,https://gcc.sika.com/dam/dms/gcc/z/pds-sikashield-e66pesa4mm.pdf,,,https://gcc.sika.com/en/construction/waterproofing/bituminous-sheetmembrane/sikashield-e66-pesa4mm.html
Sika,SikaShield® E65 PE SA 4 mm,E65,Waterproofing,Bituminous Sheetmembrane,"{""100 m  1"": ""(ASTM D5147)"", ""10 m  1"": ""(ASTM D5147)"", ""4 mm  02 mm"": ""(ASTM D5147)"", ""800 - 900 n"": ""(ASTM E154)"", ""l4  i4"": ""(UEAtc.5.1.9 / UEAtc.4.4.1)"", ""longitudinal"": ""700-800 N"", ""transversal"": ""500-600 N"", ""-20c"": ""(ASTM D5147)"", ""110c"": ""(ASTM D36)"", ""030  at 25c 24 h"": ""(ASTM D5147)"", ""impermeable at 7 bar"": ""(ASTM D5385)"", ""packaging"": ""Roll size: 1 m (roll width) x 10 m (roll length)"", ""colour"": ""Rolled sheet membrane, reinforced with polyester non-woven fabric with Polyethylene film on both sides for ease of installation Colour: Black"", ""composition"": ""SBS Modified Bitumen"", ""shelf_life"": ""12 months from date of production if stored properly in original unopened packaging."", ""storage_conditions"": ""Rolls must be stored in their original package, in vertical position and under cool and dry conditions between temperatures of +5°C and +35°C. They must be protected from direct sunlight, rain, snow and ice.""}","SikaShield® E65 PE SA 4 mm is a high performance elastomeric torch-on sheet waterproofing membrane. It is based on SBS modified bitumen, reinforced with a 180 g/m2 polyester non-woven fabric, faced with a polyethylene film on both sides. Suitable for use in tropical and hot climatic conditions.","SikaShield® E65 PE SA 4 mm is a high performance elastomeric torch-on sheet waterproofing membrane. It is based on SBS modified bitumen, reinforced with a 180 g/m polyester non-woven fabric, faced with a polyethylene film on both sides. Suitable for use in tropical and hot climatic conditions.",,https://gcc.sika.com/dam/dms/gcc/4/pds-sikashield-e65pesa4mm.pdf,,,https://gcc.sika.com/en/construction/waterproofing/bituminous-sheetmembrane/sikashield-e65-pesa4mm.html
Sika,SikaShield® PB P15 PE 4 mm,P15P,Waterproofing,Bituminous Sheetmembrane,"{""4 mm  02 mm"": ""(ASTM D5147)"", ""700 mm"": ""(EN 12691)"", ""1200 n 32 mm"": ""(ASTM D5147) (Puncture Resistance)"", ""packaging"": ""Sheets 1.0 m x 2.0 m"", ""colour"": ""Surface: smooth Colour: Black Upper surface: covered with Polyolefin film. Lower surface: laminated with Polyolefin film."", ""shelf_life"": ""24 months from the production date."", ""storage_conditions"": ""Boards must be stored in their original package, and under cool and dry conditions between temperatures of +5 °C and +35 °C. They must be protected from direct sunlight, rain, snow and ice.""}","SikaShield® PB P15 PE 4 mm is a tough semi-flexible, rot-proof, durable, pre-molded bitumen based board with the top surface covered with a thin polyethlene film (PBS) and the underside covered with a thin easy torched polyethylene film. Suitable for use in hot and tropical climatic conditions.","SikaShield® PB P15 PE 4 mm is a tough semi-flexible, rot-proof, durable, pre-molded bitumen based board with the top surface covered with a thin polyethlene film (PBS) and the underside covered with a thin easy torched polyethylene film. Suitable for use in hot and tropical climatic conditions.",,https://gcc.sika.com/dam/dms/gcc/v/pds-sikashield-pbp15pe4mm.pdf,,,https://gcc.sika.com/en/construction/waterproofing/bituminous-sheetmembrane/sikashield-pb-p15pe4mm.html
Sika,SikaShield® E55 PE SA EG 2 mm,E55,Waterproofing,Bituminous Sheetmembrane,"{""roll length"": ""15.0 m +/- 1%"", ""200 mm - 5"": ""(EN 1849-1)"", ""290 n"": ""(ASTM E154)"", ""longitudinal"": ""450N (+/- 25 %)"", ""transversal"": ""300N (+/- 25 %)"", ""100 c"": ""(ASTM D36)"", ""01"": ""(ASTM D5147)"", ""packaging"": ""1.00 m x 15 m, single roll \n   \n       Roll Width 1.0 m +/- 1%Roll length15.0 m  +/- 1% (EN 1848-1)"", ""colour"": ""Supplied as sheets in rolls, on one side a black HDPE carrier film and on the other the black bitumen compound adhesive protected with a peel-release film."", ""shelf_life"": ""SikaShield® E55 PE SA EG 2 mm membrane rolls have a shelf-life of 12 months from date of production"", ""storage_conditions"": ""Product must be stored in original unopened and undamaged sealed packaging in dry conditions and temperatures between +5 °C and +35 °C. Store in a vertical position. Do not stack pallets of the rolls on top of each other, or under pallets of any other materials during transport or storage. Always refer to packaging.""}","SikaShield® E55 PE SA EG 2 mm is a self-adhesive bituminous sheet waterproofing membrane. It&#39;s based on a SBS modified bitumen compound laminated on a HDPE film, and is reinorced with non-woven Polyester which provides highly mechanical properties and dimensional stability. Suitable for use in hot and tropical climatic conditions.","SikaShield® E55 PE SA EG 2 mm is a self-adhesive bituminous sheet waterproofing membrane. It's based on a SBS modified bitumen compound laminated on a HDPE film, and is reinorced with non-woven Polyester which provides highly mechanical properties and dimensional stability. Suitable for use in hot and tropical climatic conditions. Supplied as sheets in rolls, on one side a black HDPE carrier film and on the other the black bitumen compound adhesive protected with a peel-release film. SikaShield® E55 PE SA EG 2 mm membrane rolls have a shelf-life of 12 months from date of production",,https://gcc.sika.com/dam/dms/gcc/h/pds-sikashield-e55pesaeg2mm.pdf,,,https://gcc.sika.com/en/construction/waterproofing/bituminous-sheetmembrane/sikashield-e55-pesaeg2mm.html
Sika,SikaShield® P25 PE SA 4 mm,P25,Waterproofing,Bituminous Sheetmembrane,"{""polyester 150 gm"": ""(ASTM D5147)"", ""100 m  1"": ""(ASTM D5147)"", ""10 m  1"": ""(ASTM D5147)"", ""4 mm  02 mm"": ""(ASTM D5147)"", ""500 - 700 n"": ""(ASTM E154)"", ""l4  i4"": ""(UEAtc.5.1.9 / UEAtc.4.4.1)"", ""longitudinal"": ""400-500 N"", ""transversal"": ""300-400 N"", ""030  at 25c 24 h"": ""(ASTM D5147)"", ""impermeable at 4 bar"": ""(ASTM D5385)"", ""packaging"": ""Roll size: 1 m (roll width) x 10 m (roll length)"", ""colour"": ""Rolled sheet membrane, reinforced with polyester non-woven fabric with Polyethylene film on both sides for ease of installation Colour: Black"", ""composition"": ""Atactic Polypropylene (APP) Modified Bitumen"", ""shelf_life"": ""12 months from date of production if stored properly in original unopened packaging."", ""storage_conditions"": ""Rolls must be stored in their original package, in vertical position and under cool and dry conditions between temperatures of +5°C and +35°C. They must be protected from direct sunlight, rain, snow and ice.""}","SikaShield® P25 PE SA 4 mm is a high performance plastomeric torch-on sheet waterproofing membrane. It is based on APP modified bitumen, reinforced with a 150 g/m2 polyester non-woven fabric, faced with a polyethylene film on both sides. Suitable for use in tropical and hot climatic conditions.","SikaShield® P25 PE SA 4 mm is a high performance plastomeric torch-on sheet waterproofing membrane. It is based on APP modified bitumen, reinforced with a 150 g/m polyester non-woven fabric, faced with a polyethylene film on both sides. Suitable for use in tropical and hot climatic conditions. Rolled sheet membrane, reinforced with polyester non-woven fabric with Polyethylene film on both sides for ease of installation",,https://gcc.sika.com/dam/dms/gcc/6/pds-sikashield-p25pesa4mm.pdf,,,https://gcc.sika.com/en/construction/waterproofing/bituminous-sheetmembrane/sikashield-p25-pesa4mm.html
Sika,"SikaShield® E55 PE SA 1,5 mm",E55,Waterproofing,Bituminous Sheetmembrane,"{""roll width"": ""1.0 m (± 1 %)"", ""roll length"": ""10 m, 15 m, 20 m (± 1 %)"", ""longitudinal"": ""400–500 N"", ""transversal"": ""300–400 N"", ""packaging"": ""1.00 m x (10 m, 15 m, 20 m) single roll \n  Roll Width1.0 m (± 1 %)Roll length10 m, 15 m, 20 m (± 1 %)"", ""colour"": ""Supplied as sheets in rolls, on one side a black HDPE carrier film and on the other the black bitumen compound adhesive protected with a peel-release film"", ""shelf_life"": ""Rolls have a shelf-life of 12 months from date of production."", ""storage_conditions"": ""Product must be stored in original unopened and undamaged sealed packaging in dry conditions and temperatures between +5 °C and +35 °C. Store in a vertical position. Do not stack pallets of the rolls on top of each other, or under pallets of any other materials during transport or storage. Always refer to packaging""}","SikaShield® E55 PE SA 1,5 mm is a self-adhesive bituminous sheet waterproofing membrane. It&#39;s based on a SBS modified bitumen compound laminated on a HDPE film and is reinforced with non-woven Polyester which provides highly mechanical properties and dimensional stability. Suitable for use in hot and tropical climatic conditions.","SikaShield® E55 PE SA 1,5 mm is a self-adhesive bituminous sheet waterproofing membrane. It's based on a SBS modified bitumen compound laminated on a HDPE film and is reinforced with non-woven Polyester which provides highly mechanical properties and dimensional stability. Suitable for use in hot and tropical climatic conditions. Supplied as sheets in rolls, on one side a black HDPE carrier film and on the other the black bitumen compound adhesive protected with a peel-release film Rolls have a shelf-life of 12 months from date of production. Product must be stored in original unopened and undamaged sealed packaging in dry conditions and temperatures between +5 °C and +35 °C.",,https://gcc.sika.com/dam/dms/gcc/7/pds-sikashield-e55pesa15mm.pdf,,,https://gcc.sika.com/en/construction/waterproofing/bituminous-sheetmembrane/sikashield-e55-pesa15mm.html
Sika,"SikaShield® PB P15 PE SA 3,5 mm",P15P,Waterproofing,Bituminous Sheetmembrane,"{""packaging"": ""Sheets 1.0 m x 2.0 m"", ""colour"": ""Black"", ""shelf_life"": ""24 months from the production date"", ""storage_conditions"": ""Boards must be stored in their original package, and under cool and dry conditions between temperatures of +5 °C and +35 °C. They must be protected from direct sunlight, rain, snow and ice.""}","SikaShield® PB P15 PE SA 3,5 mm is a semi rigid preformed Protection Board made of modified bitumen membrane which is reinforced with strong reinforcement and coated with polyethylene film on both sides. Suitable for use in hot and tropical climatic conditions.","SikaShield® PB P15 PE SA 3,5 mm is a semi rigid preformed Protection Board made of modified bitumen membrane which is reinforced with strong reinforcement and coated with polyethylene film on both sides. Suitable for use in hot and tropical climatic conditions.",,https://gcc.sika.com/dam/dms/gcc/9/pds-sikashield-pbp15pesa35mm.pdf,,,https://gcc.sika.com/en/construction/waterproofing/bituminous-sheetmembrane/sikashield-pb-p15pesa35mm.html
Sika,SikaShield® PB P15 PE SA 3 mm,P15P,Waterproofing,Bituminous Sheetmembrane,"{""packaging"": ""1 m x 2 m board"", ""colour"": ""Black"", ""shelf_life"": ""2 years from date of production if stored properly in original unopened packaging"", ""storage_conditions"": ""Boards must be stored in their original package, and under cool and dry conditions between temperatures of +5 °C and +35 °C. They must be protected from direct sunlight, rain, snow and ice.""}","SikaShield® PB P15 PE SA 3 mm is a tough semi-flexible, rot-proof, durable pre-molded bitumen based board with the top surface covered with a thin polyethlene film (PBS) and the underside covered with a thin easy torched polyethylene film. Suitable for use in hot and tropical climatic conditions.","SikaShield® PB P15 PE SA 3 mm is a tough semi-flexible, rot-proof, durable pre-molded bitumen based board with the top surface covered with a thin polyethlene film (PBS) and the underside covered with a thin easy torched polyethylene film. Suitable for use in hot and tropical climatic conditions. 2 years from date of production if stored properly in original unopened packaging Boards must be stored in their original package, and under cool and dry conditions between temperatures of +5 °C and +35 °C.",,https://gcc.sika.com/dam/dms/gcc/1/pds-sikashield-pbp15pesa3mm.pdf,,,https://gcc.sika.com/en/construction/waterproofing/bituminous-sheetmembrane/sikashield-pb-p15pesa3mm.html
Sika,SikaShield® P27 PE SA 4 mm,P27,Waterproofing,Bituminous Sheetmembrane,"{""polyester 180 gm"": ""(ASTM D5147)"", ""100 m  1"": ""(ASTM D5147)"", ""10 m  1"": ""(ASTM D5147)"", ""4 mm  02 mm"": ""(ASTM D5147)"", ""800 - 900 n"": ""(ASTM E154)"", ""l4  i4"": ""(UEAtc.5.1.9 / UEAtc.4.4.1)"", ""longitudinal"": ""700-800 N"", ""transversal"": ""500-600 N"", ""030  at 25c 24 h"": ""(ASTM D5147)"", ""impermeable at 4 bar"": ""(ASTM D5385)"", ""packaging"": ""Roll size: 1 m (roll width) x 10 m (roll length)"", ""colour"": ""Rolled sheet membrane, reinforced with polyester non-woven fabric with Polyethylene film on both sides for ease of installation Colour: Black"", ""composition"": ""Atactic Polypropylene (APP) Modified Bitumen"", ""shelf_life"": ""12 months from date of production if stored properly in original unopened packaging."", ""storage_conditions"": ""Rolls must be stored in their original package, in vertical position and under cool and dry conditions between temperatures of +5°C and +35°C. They must be protected from direct sunlight, rain, snow and ice.""}","SikaShield® P27 PE SA 4 mm is a high performance plastomeric torch-on sheet waterproofing membrane. It is based on APP modified bitumen, reinforced with a 180 g/m2 polyester non-woven fabric, faced with a polyethylene film on both sides. Suitable for use in tropical and hot climatic conditions.","SikaShield® P27 PE SA 4 mm is a high performance plastomeric torch-on sheet waterproofing membrane. It is based on APP modified bitumen, reinforced with a 180 g/m polyester non-woven fabric, faced with a polyethylene film on both sides. Suitable for use in tropical and hot climatic conditions. Rolled sheet membrane, reinforced with polyester non-woven fabric with Polyethylene film on both sides for ease of installation",,https://gcc.sika.com/dam/dms/gcc/i/pds-sikashield-p27pesa4mm.pdf,,,https://gcc.sika.com/en/construction/waterproofing/bituminous-sheetmembrane/sikashield-p27-pesa4mm.html
Sika,"SikaShield® E55 PE SA EG 1,5 mm",E55,Waterproofing,Bituminous Sheetmembrane,"{""roll length"": ""10,15,20 m +/- 1%"", ""longitudinal"": ""450N (+/- 25 %)"", ""transversal"": ""300N (+/- 25 %)"", ""packaging"": ""1.00 m x (10m , 15m, 20m) single roll \n   \n       Roll Width 1.0 m +/- 1%Roll length10,15,20  m  +/- 1% (EN 1848-1)"", ""colour"": ""Supplied as sheets in rolls, on one side a black HDPE carrier film and on the other the black bitumen compound adhesive protected with a peel-release film"", ""shelf_life"": ""Rolls have a shelf-life of 12 months from date of production."", ""storage_conditions"": ""Product must be stored in original unopened and undamaged sealed packaging in dry conditions and temperatures between +5 °C and +35 °C. Store in a vertical position. Do not stack pallets of the rolls on top of each other, or under pallets of any other materials during transport or storage. Always refer to packaging""}","SikaShield® E55 PE SA EG 1,5 mm is a self-adhesive bituminous sheet waterproofing membrane. It&#39;s based on a SBS modified bitumen compound laminated on a HDPE film, and is reinorced with non-woven Polyester which provides highly mechanical properties and dimensional stability. Suitable for use in hot and tropical climatic conditions.","SikaShield® E55 PE SA EG 1,5 mm is a self-adhesive bituminous sheet waterproofing membrane. It's based on a SBS modified bitumen compound laminated on a HDPE film, and is reinorced with non-woven Polyester which provides highly mechanical properties and dimensional stability. Suitable for use in hot and tropical climatic conditions. Supplied as sheets in rolls, on one side a black HDPE carrier film and on the other the black bitumen compound adhesive protected with a peel-release film Rolls have a shelf-life of 12 months from date of production.",,https://gcc.sika.com/dam/dms/gcc/2/pds-sikashield-e55pesaeg15mm.pdf,,,https://gcc.sika.com/en/construction/waterproofing/bituminous-sheetmembrane/sikashield-e55-pesaeg15mm.html
Sika,"SikaShield® PB P15 PE 3,5 mm",P15P,Waterproofing,Bituminous Sheetmembrane,"{""35 mm 10"": ""(ASTM 5417) EN 1849-1"", ""1000 mm"": ""(EN 12691)"", ""1200 n30 mm"": ""(ASTM D 154)"", ""packaging"": ""Sheets 1.0 m x 2.0 m"", ""colour"": ""Surface: smooth \n  Colour: Black \n  Upper surface: covered with Polyolefin film. \n  Lower surface: laminated with Polyolefin film."", ""shelf_life"": ""24 months from the production date"", ""storage_conditions"": ""Boards must be stored in their original package, and under cool and dry conditions between temperatures of +5 °C and +35 °C. They must be protected from direct sunlight, rain, snow and ice.""}",SikaShield® PB P15 PE 3.5 mm is a semi rigid pre-formed Protection Board made of modified bitumen membrane which is reinforced with strong reinforcement and coated with polyethylene film on both sides.,SikaShield® PB P15 PE 3.5 mm is a semi rigid pre-formed Protection Board made of modified bitumen membrane which is reinforced with strong reinforcement and coated with polyethylene film on both sides.,,https://gcc.sika.com/dam/dms/gcc/v/pds-sikashield-pbp15pe35mm.pdf,,,https://gcc.sika.com/en/construction/waterproofing/bituminous-sheetmembrane/sikashield-pb-p15pe35mm.html
Sika,SikaShield® PB P15 PE SA 6 mm,P15P,Waterproofing,Bituminous Sheetmembrane,"{""packaging"": ""Sheets 1.0 m x 2.0 m"", ""colour"": ""Black"", ""shelf_life"": ""24 months from the production date."", ""storage_conditions"": ""Boards must be stored in their original package and under cool and dry conditions between temperatures of +5 °C and +35 °C. They must be protected from direct sunlight, rain, snow and ice.""}","SikaShield® PB P15 PE SA 6 mm is a tough semiflexible, rot-proof, durable pre-molded bitumen based board with the top surface covered with a thin polyethlene film and the underside covered with a thin easy torched polyethylene film. Suitable for use in hot and tropical climatic conditions.","SikaShield® PB P15 PE SA 6 mm is a tough semiflexible, rot-proof, durable pre-molded bitumen based board with the top surface covered with a thin polyethlene film and the underside covered with a thin easy torched polyethylene film. Suitable for use in hot and tropical climatic conditions.",,https://gcc.sika.com/dam/dms/gcc/w/pds-sikashield-pbp15pesa6mm.pdf,,,https://gcc.sika.com/en/construction/waterproofing/bituminous-sheetmembrane/sikashield-pb-p15pesa6mm.html
Sika,SikaBit® P-12 AE,12,Waterproofing,Bituminous Sheetmembrane,"{""300 gm2"": ""Brush or Roller"", ""200 gm2"": ""Sprayed"", ""packaging"": ""200 L drums"", ""colour"": ""Black"", ""composition"": ""Bitumen Solution"", ""shelf_life"": ""12 months minimum from date of production if stored properly in original unopened packaging."", ""storage_conditions"": ""Drums must be stored in their original package, in vertical position and under cool and dry conditions between temperatures of +5°C and +35°C. They must be protected from direct sunlight, rain, snow and ice.""}","SikaBit® P-12 AE is a bituminous liquid that seals porous surfaces, such as concrete, which improves the adhesion of bituminous materials that are to be applied to the substrate. Suitable for use in hot and tropical climatic conditions.","SikaBit® P-12 AE is a bituminous liquid that seals porous surfaces, such as concrete, which improves the adhesion of bituminous materials that are to be applied to the substrate. Suitable for use in hot and tropical climatic conditions. SikaBit® P-12 AE complies with the specification requirement of ASTM D41",,,,,https://gcc.sika.com/en/construction/waterproofing/bituminous-sheetmembrane/sikabit-p-12-ae.html
Sika,SikaShield® P26 MG SA 4 mm,P26,Waterproofing,Bituminous Sheetmembrane,"{""polyester 200 gm"": ""(ASTM D5147)"", ""100 m  1"": ""(ASTM D5147)"", ""10 m  1"": ""(ASTM D5147)"", ""4 mm  02 mm"": ""(ASTM D5147)"", ""900 - 1000 n"": ""(ASTM E154)"", ""l4  i4"": ""(UEAtc.5.1.9 / UEAtc.4.4.1)"", ""longitudinal"": ""800-900 N"", ""transversal"": ""600-750 N"", ""040  at 25c 24 h"": ""(ASTM D5147)"", ""impermeable at 4 bar"": ""(ASTM D5385)"", ""packaging"": ""Roll size: 1 m (roll width) x 10 m (roll length)"", ""colour"": ""Rolled sheet membrane, reinforced with polyester non-woven fabric with Polyethylene film on both sides for ease of installation Colour: Black"", ""composition"": ""Atactic Polypropylene (APP) Modified Bitumen"", ""shelf_life"": ""12 months from date of production if stored properly in original unopened packaging."", ""storage_conditions"": ""Rolls must be stored in their original package, in vertical position and under cool and dry conditions between temperatures of +5°C and +35°C. They must be protected from direct sunlight, rain, snow and ice.""}","SikaShield® P26 MG SA 4 mm is a high performance plastomeric torch-on sheet waterproofing membrane. It is based on APP modified bitumen, reinforced with a 200 g/m2 polyester non-woven fabric, faced with a layer of mineral slate flakes embedded on the top surface, to protect the membrane from UV radiation and ageing. Bottom side is faced with a polyethylene film. Suitable for use in tropical and hot climatic conditions.","SikaShield® P26 MG SA 4 mm is a high performance plastomeric torch-on sheet waterproofing membrane. It is based on APP modified bitumen, reinforced with a 200 g/m polyester non-woven fabric, faced with a layer of mineral slate flakes embedded on the top surface, to protect the membrane from UV radiation and ageing. Bottom side is faced with a polyethylene film. Suitable for use in tropical and hot climatic conditions. Rolled sheet membrane, reinforced with polyester non-woven fabric with Polyethylene film on both sides for ease of installation",,https://gcc.sika.com/dam/dms/gcc/9/pds-sikashield-p26mgsa4mm.pdf,,,https://gcc.sika.com/en/construction/waterproofing/bituminous-sheetmembrane/sikashield-p26-mgsa4mm.html
Sika,SikaShield® PB P15 PE 3 mm,P15P,Waterproofing,Bituminous Sheetmembrane,"{""3 mm  02 mm"": ""(ASTM D5147)"", ""packaging"": ""1 m x 2 m board, 250 boards per pallet."", ""colour"": ""Black"", ""shelf_life"": ""2 years from date of production if stored properly in original unopened packaging."", ""storage_conditions"": ""Boards must be stored in their original package, and under cool and dry conditions between temperatures of +5 °C and +35 °C. They must be protected from direct sunlight, rain, snow and ice.""}","SikaShield® PB P15 PE 3 mm is a tough semi-flexible, rot-proof, durable pre-molded bitumen based board with the top surface covered with a thin polyethlene film (PBS) and the underside covered with a thin easy torched poly-ethylene film. Suitable for use in hot and tropical climatic conditions","SikaShield® PB P15 PE 3 mm is a tough semi-flexible, rot-proof, durable pre-molded bitumen based board with the top surface covered with a thin polyethlene film (PBS) and the underside covered with a thin easy torched poly-ethylene film. Suitable for use in hot and tropical climatic conditions 2 years from date of production if stored properly in original unopened packaging. Boards must be stored in their original package, and under cool and dry conditions between temperatures of +5 °C and +35 °C.",,https://gcc.sika.com/dam/dms/gcc/9/pds-sikashield-pbp15pe3mm.pdf,,,https://gcc.sika.com/en/construction/waterproofing/bituminous-sheetmembrane/sikashield-pb-p15pe3mm.html
Sika,Sikasil®-403 Fire,403,Sealing Bonding,Building Envelopesolution,"{""joint distance m"": ""Min. joint width [mm]"", ""joint width mm"": ""Joint depth [mm]"", ""joint length m"": ""Joint width [mm]"", ""packaging"": ""600 ml foil pack, 20 foil packs per box 300 ml cartridge, 12 cartridges per box"", ""colour"": ""White, grey, concrete grey, black (other colors on request)"", ""composition"": ""Neutral cure silicone"", ""shelf_life"": ""Sikasil®-403 Fire has a shelf life of 12 months from the date of production, if it is stored in undamaged, original, sealed packaging, and if the storage conditions are met."", ""storage_conditions"": ""Sikasil®-403 Fire shall be stored in dry conditions, where it is protected from direct sunlight and at temperatures between +5 °C and +25 °C."", ""density"": ""~1.22 kg/l""}","Sikasil®-403 Fire is a fire rated, silicone based, 1-component, UV-resistant, moisture-curing, low-modulus elastic joint sealant for external and internal applications. Suitable for use in hot and tropical climatic conditions.","Sikasil®-403 Fire is a fire rated, silicone based, 1-component, UV-resistant, moisture-curing, low-modulus elastic joint sealant for external and internal applications. Suitable for use in hot and tropical climatic conditions. White, grey, concrete grey, black (other colors on request)",,,,,https://gcc.sika.com/en/construction/sealing-bonding/building-envelopesolution/sikasil-403-fire.html
Sika,Sikasil®-719 WS,719,Sealing Bonding,Building Envelopesolution,"{""joint width mm"": ""Joint Depth [mm]"", ""joint length m"": ""Joint width [mm]"", ""packaging"": ""300 ml cartridge, 24 cartridges per box 600 ml foil pack, 20 foil packs per box"", ""colour"": ""Black (other colors on request)"", ""composition"": ""Neutral cure silicone"", ""shelf_life"": ""Sikasil®-719 WS has a shelf life of 12 months from the date of production, if it is stored in undamaged, original, sealed packaging, and if the storage conditions are met."", ""storage_conditions"": ""Sikasil®-719 WS shall be stored in dry conditions, where it is protected from direct sunlight and at temperatures between +5 °C and +25 °C."", ""density"": ""~1.21 kg/l""}","Sikasil®-719 WS is a silicone-based, 1-component, UV-resistant, moisture curing, low-modulus elastic weather sealant. Suitable for use in hot and tropical climatic conditions.","Sikasil®-719 WS is a silicone-based, 1-component, UV-resistant, moisture curing, low-modulus elastic weather sealant. Suitable for use in hot and tropical climatic conditions.",,https://gcc.sika.com/dam/dms/gcc/u/pds-sikasil-719ws.pdf,,,https://gcc.sika.com/en/construction/sealing-bonding/building-envelopesolution/sikasil-719-ws.html
Sika,Sika® Injection-107,107,Waterproofing,Injection,"{""11 kgl at 20 c"": ""(ISO 2811)"", ""expansion starts"": ""21 s"", ""expansion ends"": ""130 s"", ""free foaming factor"": ""~22 - fold"", ""06 nmm"": ""(EN 12618-1)"", ""packaging"": ""Available in metal containers of: \n  5.3 kg \n  10.6 kg"", ""colour"": ""Yellowish"", ""composition"": ""Moisture and water reactive one - component, foaming polyurethane resin"", ""shelf_life"": ""12 months shelf life from date of production if stored properly in undamaged, unopened, original sealed packaging."", ""storage_conditions"": ""Dry storage at temperatures from +5 °C up to +35 °C. Protect from direct sunlight and moisture."", ""density"": ""1.1 kg/l (at 20 °C)(ISO 2811)"", ""viscosity"": ""~250 mPa·s (at 23 °C)  (ISO 3219)""}","Sika® Injection-107 is a ready-to-use 1-component, polyurethane based, slightly flexible, foaming injection resin for the permanent watertight sealing of cracks, voids and interstices in concrete. Suitable for use in hot and tropical climatic conditions.","Sika® Injection-107 is a ready-to-use 1-component, polyurethane based, slightly flexible, foaming injection resin for the permanent watertight sealing of cracks, voids and interstices in concrete. Suitable for use in hot and tropical climatic conditions.",,,,,https://gcc.sika.com/en/construction/waterproofing/injection/sika-injection-107.html
Sika,Sika® Injection-101 RC,101R,Waterproofing,Injection,"{""part a resin"": ""Colourless"", ""part b  hardener"": ""12,5 or 25 kg"", ""part b hardener"": ""~1,25 kg/l"", ""part a resin"": ""~1,0 kg/l"", ""expansion start"": ""~15 seconds after contact with water"", ""expansion end"": ""~67 seconds"", ""5 c"": ""~9 s"", ""material temperature"": ""Expansion start"", ""10 c"": ""~11 s"", ""packaging"": ""Part A (Resin)10 or 20 kgPart B ( Hardener)12,5 or 25 kg \n  Refer to current price list for packaging variations."", ""colour"": ""Part A (Resin)ColourlessPart B (Hardener)Brown"", ""composition"": ""Water reactive polyurethane resin"", ""shelf_life"": ""24 months from date of production"", ""storage_conditions"": ""The product must be stored in original, unopened and undamaged packaging in dry conditions at temperatures between +5 °C and +35 °C. Always refer to packaging."", ""density"": ""Part A (Resin)~1,0 kg/lPart B (Hardener)~1,25 kg/l \n  Values at +20 °C"", ""viscosity"": ""Part A (Resin)  ~140 mPa∙s  Part B (Hardener)  ~155 mPa∙s  \n  Values at +20 °C""}","Sika® Injection-101 RC is a 2-part, polyurethane, low viscous, fast foaming, water-reactive injection resin. It cures to a dense flexible foam. Suitable for use in hot and tropical climatic conditions.","Sika® Injection-101 RC is a 2-part, polyurethane, low viscous, fast foaming, water-reactive injection resin. It cures to a dense flexible foam. Suitable for use in hot and tropical climatic conditions. Refer to current price list for packaging variations. Compilation of certified polyurethanes and injection processes for use on structures and components of federal traffic routes ZTV-ING, Part 3, Section 5 (RISS), Sika® Injection-101 RC, Bundesanstalt für Strassenwesen, 20.01.2016 Large-surface sealants suitability according to KTW recommendations, Sika® Injection-101 RC, LADR Zentrallabor, July 2019",,,,,https://gcc.sika.com/en/construction/waterproofing/injection/sika-injection-101rc.html
Sika,SikaInject®-304 DE,304,Waterproofing,Injection,"{""temp"": ""Potlife (min:s)"", ""25 c"": ""01:20"", ""20 c"": ""01:30"", ""15 c"": ""02:30"", ""10 c"": ""04:30"", ""5 c"": ""07:20"", ""packaging"": ""SikaInject® 304 DE, part A1: 20 kg \n  SikaInject® 304 DE, part A2: 0.5 kg \n  SikaInject® 304 DE, part B: 1 kg \n  Refer to current price list for packaging variations."", ""colour"": ""SikaInject® 304 DE, part A1: transparent, liquid \n  SikaInject® 304 DE, part A2: colorless, liquid \n  SikaInject® 304 DE, part B: white, solid"", ""shelf_life"": ""12 months from date of production"", ""storage_conditions"": ""The product must be stored in original, unopened and undamaged sealed packaging in dry conditions at temperature between +10 °C and +25 °C."", ""density"": ""SikaInject® 304 DE, part A1: ~1.22 kg/l (23° C, ISO 3675) \n  SikaInject® 304 DE, part A2: ~0.93 kg/l (23° C, ISO 3675) \n  SikaInject® 304 DE, part B: ~2.59 kg/l"", ""viscosity"": ""SikaInject® 304 DE, part A1: ~65 mPas (23°C, ISO 2555) \n  SikaInject® 304 DE, part A2: ~7.5 mPas (23°C, ISO 2555) \n  Mixed Viscosity: ~4 mPas (DIN EN ISO 3219)""}",SikaInject® 304 DE is a 3-component polyacrylic with adjustable potlife and extremly high elongation for curtain injection and permanent waterproofing according to EN 1504-5,SikaInject® 304 DE is a 3-component polyacrylic with adjustable potlife and extremly high elongation for curtain injection and permanent waterproofing according to EN 1504-5 Refer to current price list for packaging variations.,,https://gcc.sika.com/dam/dms/gcc/l/pds-sikainjecta-304de.pdf,,,https://gcc.sika.com/en/construction/waterproofing/injection/sikainject-304-de.html
Sika,SikaInject®-107 DE,107,Waterproofing,Injection,"{""expansion start"": ""~20 s"", ""expansion end"": ""~120 s"", ""free foaming factor"": ""~30x"", ""foam density"": ""~38 kg/m3"", ""packaging"": ""21 kg or 10 kg \n  Refer to current price list for packaging variations."", ""colour"": ""transparent reddish"", ""shelf_life"": ""12 months from date of production"", ""storage_conditions"": ""The product must be stored in original, unopened and undamaged sealed packaging in dry conditions at temperature between +15 °C and +25 °C."", ""density"": ""~1.1 kg/l (23° C, ISO 2811-1)"", ""viscosity"": ""~300 mPas (23°C, ISO 2555)""}",SikaInject® 107 DE is a flexible PU-based single component injection resin for permanent ductile waterproofing according to EN 1504-5.,"SikaInject® 107 DE is a flexible PU-based single component injection resin for permanent ductile waterproofing according to EN 1504-5. Refer to current price list for packaging variations. Concrete injection for ductile filling of cracks, voids and interstices (D) according to EN 1504-5:2004.",,https://gcc.sika.com/dam/dms/gcc/8/pds-sikainjecta-107de.pdf,,,https://gcc.sika.com/en/construction/waterproofing/injection/sikainject-107-de.html
Sika,SikaInject®-865,865,Waterproofing,Injection,"{""packaging"": ""20 kg bags 1000 kg big-bags"", ""composition"": ""Fineness (Blaine) &gt; 625 m2/kg  Particle size distribution: &lt; 40 micron 100 %, &lt; 30 micron 99 %, &lt; 20 micron 97 %, &lt; 15 micron 93 %, &lt; 10 micron 80 % ,&lt; 5 micron 50 %, &lt; 2 micron 23 %, d95 16 microns, d50 5 microns d25 2 microns"", ""shelf_life"": ""9 months when stored in original closed bags in ventilated dry areas"", ""storage_conditions"": ""Ventilated dry areas, closed original bags""}","SikaInject®-865 is a well-graded cement with fast setting-time, milled from pure Portland cement clinker with Blaine value ~650 m2/kg. Suitable for use in hot and tropical climatic conditions.","SikaInject®-865 is a well-graded cement with fast setting-time, milled from pure Portland cement clinker with Blaine value ~650 m /kg. Suitable for use in hot and tropical climatic conditions. /kg Particle size distribution: < 40 micron 100 %, < 30 micron 99 %, < 20 micron 97 %, < 15 micron 93 %, < 10 micron 80 % ,< 5 micron 50 %, < 2 micron 23 %, d95 16 microns, d50 5 microns d25 2 microns",,https://gcc.sika.com/dam/dms/gcc/q/pds-sikainject-865.pdf,,,https://gcc.sika.com/en/construction/waterproofing/injection/sikainject-865.html
Sika,SikaInject®-201 DE,201,Waterproofing,Injection,"{""g"": ""(%)"", ""100"": ""0.50%"", ""150"": ""0.75%"", ""200"": ""1.00%"", ""300"": ""1.50%"", ""packaging"": ""SikaInject® 201 DE, part A: 20 kg or 10 kg or 5 kg \n  SikaInject® 201 DE, part B: 24 kg or 12 kg or 6 kg \n  Refer to current price list for packaging variations."", ""colour"": ""Part A: transparent yellowish, liquid \n  Part B: brown, liquid"", ""shelf_life"": ""24 months from date of production"", ""storage_conditions"": ""The product must be stored in original, unopened and undamaged sealed packaging in dry conditions at temperature between +5 °C and +35 °C."", ""density"": ""Part A:  ~1.01 kg/l (23 °C)  Part B:  ~1.21 kg/l (23 °C)"", ""viscosity"": ""Part A:  ~115 mPas (23 °C)  Part B:  ~40 mPas (23 °C)""}","SikaInject® 201 DE is a PU-based 2-component, super-low viscosity injection resin for permanent waterproofing according to EN 1504-5.","SikaInject® 201 DE is a PU-based 2-component, super-low viscosity injection resin for permanent waterproofing according to EN 1504-5. Refer to current price list for packaging variations.",,https://gcc.sika.com/dam/dms/gcc/v/pds-sikainject-201de.pdf,,,https://gcc.sika.com/en/construction/waterproofing/injection/sikainject-201-de.html
Sika,SikaFuko®-909,909,Waterproofing,Injection,"{""inner core"": ""PVC"", ""profile strips"": ""EPDM based cellular rubber"", ""mesh"": ""Polyester"", ""packaging"": ""Two boxes comprising the following: \n       \n   \n   Box 1:  100 meters Yellow re-injectable hose  Box 2:  \n       10 meters green vent hose  10 meters transparent vent hose  2 meters shrink on sleeve  25 Hose connectors  25 closure plugs  500 anchor clips"", ""composition"": ""Inner corePVCProfile stripsEPDM based cellular rubberMeshPolyester"", ""shelf_life"": ""24 months from date of production"", ""storage_conditions"": ""The product must be stored in original, unopened and undamaged sealed packaging in dry conditions at temperatures between +5 °C and +35 °C. Always refer to packaging.""}","SikaFuko®-909 is a re-injectable hose for sealing various construction and connection joints in watertight concrete structures. To seal the joint, SikaFuko®-909 is injected with suitable Sika® Injection materials, such as acrylate and microfine cement suspensions (for multiple injections) or polyurethane and epoxy resins (for single injection). Hose can be used to re-inject multiple times if necessary. Suitable for use in hot and tropical climatic conditions.","SikaFuko®-909 is a re-injectable hose for sealing various construction and connection joints in watertight concrete structures. To seal the joint, SikaFuko®-909 is injected with suitable Sika® Injection materials, such as acrylate and microfine cement suspensions (for multiple injections) or polyurethane and epoxy resins (for single injection). Hose can be used to re-inject multiple times if necessary. Suitable for use in hot and tropical climatic conditions.",,https://gcc.sika.com/dam/dms/gcc/z/pds-sikafuko-909.pdf,,,https://gcc.sika.com/en/construction/waterproofing/injection/sikafuko-909.html
Sika,SikaInject®-630,630,Waterproofing,Injection,"{""part a"": ""~10 mPa.s (20° C)"", ""sikainject-630"": ""~700"", ""sikainject-630 us"": ""~1200"", ""sikainject-630 ap"": ""~65"", ""packaging"": ""Part A: 210 L / 1000 L \n  Catalyst (CAT): 210 L / 1000 L"", ""colour"": ""Part A: whitish, clear \n  CAT: Clear \n  Mix: whitish, clear"", ""shelf_life"": ""18 months from date of production"", ""storage_conditions"": ""Store in unopened, tightly closed original containers. Keep them dry and in a temperature range of +5 to +35 °C. Protect from frost and sunlight."", ""density"": ""Part A: ~1.3 kg/l (20°C) CAT: ~1.07 kg/l (20°C) Mixed: ~1.25 kg/l (20°C)"", ""viscosity"": ""Part A:~10 mPa.s (20° C) CAT: ~1 mPa.s (20° C) Mixed: ~5 mPa.s (20° C)"", ""ph-value"": ""Part A: ~9.5-9.8 (20°C) CAT: ~7 (20°C) Mixed: ~9 (20°C)""}","SikaInject®-630 is a one-component injection system, based on a nanometric colloidal silica suspension of primary, discrete particles. It is a non-foaming product and contains neither solvents nor toxic components.","SikaInject®-630 is a one-component injection system, based on a nanometric colloidal silica suspension of primary, discrete particles. It is a non-foaming product and contains neither solvents nor toxic components.",,https://gcc.sika.com/dam/dms/gcc/3/pds-sikainject-630.pdf,,,https://gcc.sika.com/en/construction/waterproofing/injection/sikainject-630.html
Sika,Sika® Injection-201 CE,201C,Waterproofing,Injection,"{""part a"": ""Part B"", ""part b"": ""brown"", ""100 kgl"": ""~1.07 kg/l"", ""100 mpas mixture 20 c"": ""(ISO 3219)"", ""43 7 days"": ""(EN 868)"", ""2 mpa"": ""(ISO 527-1)"", ""dosage"": ""+5 °C"", ""20"": ""~16 min"", ""30"": ""~13 min"", ""50"": ""~9 min"", ""packaging"": ""Part A10 kg, 20 kgPart B10.6 kg, 21.2 kg"", ""colour"": ""Part AcolourlessPart Bbrown"", ""composition"": ""Water reactive 2-part polyurethane resin, solvent free"", ""shelf_life"": ""36 months from date of production if stored properly in undamaged, unopened, original sealed packaging."", ""storage_conditions"": ""Dry storage at temperatures between +5 °C and +35 °C. Protect from direct sunlight and humidity."", ""density"": ""Part APart B~1.00 kg/l~1.07 kg/l\n  All density values determined at +20 °C"", ""viscosity"": ""~100 mPa·s (mixture, +20 °C)(ISO 3219)""}","Sika® Injection-201 CE is a very low viscous, elastic and solvent-free polyurethane injection resin. In contact with water, a uniform, closed and therefore watertight pore structure forms, which is elastic and flexible. Suitable for use in hot and tropical climatic conditions.","Sika® Injection-201 CE is a very low viscous, elastic and solvent-free polyurethane injection resin. In contact with water, a uniform, closed and therefore watertight pore structure forms, which is elastic and flexible. Suitable for use in hot and tropical climatic conditions.",,,,,https://gcc.sika.com/en/construction/waterproofing/injection/sika-injection-201ce.html
Sika,Sikadur®-52 LP,52,Waterproofing,Injection,"{""30 c"": ""~30 min"", ""40 c"": ""~10 min"", ""packaging"": ""Pre-batched  Part A+B : 4 kg unit  Bulk packaging  On request"", ""composition"": ""Modified solvent-free two-part epoxy resin"", ""shelf_life"": ""24 months from date of production if stored properly in unopened, undamaged and sealed original packaging"", ""storage_conditions"": ""Store in dry conditions in original sealed packaging and at temperatures between +5 °C and +30 °C. Protect from direct sunlight and heat."", ""density"": ""+20 °C Part A+B mixed (2:1)  ~1.06 kg/l"", ""viscosity"": ""Temperature  Part A+B mixed (2:1)  +10 °C  -  +20 °C  ~330 MPa +30 °C~150 MPa+40 °C~95 MPa""}","Sikadur®-52 LP is a two part, solvent free, low viscosity injection liquids, based on high strength epoxy resins. Suitable for use in hot and tropical climatic conditions.","Sikadur®-52 LP is a two part, solvent free, low viscosity injection liquids, based on high strength epoxy resins. Suitable for use in hot and tropical climatic conditions.",,,,,https://gcc.sika.com/en/construction/waterproofing/injection/sikadur-52-lp.html
Sika,SikaInject®-102,102,Waterproofing,Injection,"{""accelerator  catalyst"": ""0% Cat"", ""expansion start"": ""~20 s"", ""expansion end"": ""~130 s"", ""free foaming factor"": ""~55x"", ""foam density"": ""~23 kg/m3"", ""packaging"": ""SikaInject® 102 (Resin) 22 kg or 10 kg \n  SikaInject® 102 Cat (Accelerator) 2.2 kg \n  Refer to current price list for packaging variations"", ""colour"": ""SikaInject® 102 (Resin): dark-brown, liquid \n  SikaInject® 102 Cat (Accelerator): light-yellow, liquid"", ""composition"": ""Water-reactive polyurethane resin"", ""shelf_life"": ""12 months from date of production"", ""storage_conditions"": ""The product must be stored in original, unopened and undamaged sealed packaging in dry conditions at temperature between +15 °C and +25 °C"", ""density"": ""SikaInject® 102 (Resin): ~1.14 kg/l (23° C, ISO 2811-1) \n  SikaInject® 102 Cat (Accelerator): ~0.91 kg/l (23° C, ISO 2811-1)"", ""viscosity"": ""SikaInject® 102 (Resin): ~230 mPas (23°C, ISO 2555) \n  SikaInject® 102 Cat (Accelerator): ~15 mPas (23°C, ISO 2555)""}","SikaInject® 102 is a PU-based single-component, low viscosity, water-reactive injection resin. It cures to form a closed-cell, dense, but slightly flexible foam.","SikaInject® 102 is a PU-based single-component, low viscosity, water-reactive injection resin. It cures to form a closed-cell, dense, but slightly flexible foam. Refer to current price list for packaging variations",,https://gcc.sika.com/dam/dms/gcc/1/pds-sikainjecta-102.pdf,,,https://gcc.sika.com/en/construction/waterproofing/injection/sikainject-102.html
Sika,SikaInject®-471,471,Waterproofing,Injection,"{""105 kgl"": ""(ASTM D1475)"", ""200 mpas"": ""(ASTM D2196)"", ""70 nmm² 7 days"": ""(DIN EN ISO 178)"", ""25 nmm"": ""(ASTM D638)"", ""packaging"": ""0.852 kg (base resin) 0.213 kg (reactor)"", ""colour"": ""water-clear"", ""shelf_life"": ""12 months from date of production"", ""storage_conditions"": ""The product must be stored in original, unopened and undamaged sealed packaging in dry conditions at temperature between +5 °C and +35 °C"", ""density"": ""~1.05 kg/l(ASTM D1475)"", ""viscosity"": ""~200 mPa.s(ASTM D2196)""}","SikaInject®-471 is a 2-component, solvent free, low-viscosity epoxy resin for structural crack repair.","SikaInject®-471 is a 2-component, solvent free, low-viscosity epoxy resin for structural crack repair. The product must be stored in original, unopened and undamaged sealed packaging in dry conditions at temperature between +5 °C and +35 °C",,https://gcc.sika.com/dam/dms/gcc/q/pds-sikainject-471.pdf,,,https://gcc.sika.com/en/construction/waterproofing/injection/sikainject-471.html
Sika,SikaFuko® VT-1,1,Waterproofing,Injection,"{""packaging"": ""Supplied as a Combi-pack in a cardboard box containing: \n  200 m SikaFuko® VT-110 m green PVC-hose (inlet)10 m white PVC-hose (outlet)Accessories (2 m connecting pipe, 4 m heat shrink sleeve , × 50 closure plugs, 1 roll of tape, × 800 fastening clips) \n  Note: All accessories including inlet and outlet PVC-hose are available separately. Refer to current price list for packaging variations."", ""colour"": ""Yellow - PVC hose core with lateral openings along the groove. A compressible neoprene strip is secured by a mesh into the groove."", ""composition"": ""Yellow inner core  PVC  Yellow profile strips  Neoprene based cellular rubber  Mesh  Polyester"", ""shelf_life"": ""48 months from date of production"", ""storage_conditions"": ""The product must be stored in original, unopened and undamaged sealed packaging in dry conditions at temperatures between +5 °C and +35 °C. Always refer to packaging.""}","SikaFuko® VT-1 is a re-injectable hose for sealing various construction and connection joints in watertight concrete structures. To seal the joint, SikaFuko® VT-1 is injected with suitable Sika® Injection materials, such as acrylate and microfine cement suspensions (for multiple injections) or polyurethane and epoxy resins (for single injection). With the integrated ‘valve techniques’ the hose can be used to re-inject multiple times if necessary. Suitable for use in hot and tropical climatic conditions.","SikaFuko® VT-1 is a re-injectable hose for sealing various construction and connection joints in watertight concrete structures. To seal the joint, SikaFuko® VT-1 is injected with suitable Sika® Injection materials, such as acrylate and microfine cement suspensions (for multiple injections) or polyurethane and epoxy resins (for single injection). With the integrated ‘valve techniques’ the hose can be used to re-inject multiple times if necessary. Suitable for use in hot and tropical climatic conditions. Supplied as a Combi-pack in a cardboard box containing: Note: All accessories including inlet and outlet PVC-hose are available separately. Refer to current price list for packaging variations. Yellow - PVC hose core with lateral openings along the groove. A compressible neoprene strip is secured by a mesh into the groove.",,,,,https://gcc.sika.com/en/construction/waterproofing/injection/sikafuko-vt-1.html
Sika,SikaInject®-232,232,Waterproofing,Injection,"{""packaging"": ""1 L bottles (1.15 kg)"", ""colour"": ""Yellowish"", ""composition"": ""Liquid polyurethane"", ""shelf_life"": ""12 months from date of production"", ""storage_conditions"": ""Store in original, unopened and undamaged sealed packaging in dry conditions at temperature between +5 °C and +35 °C. Protect from heat, frost and direct sunlight."", ""density"": ""~1.15 kg/l"", ""viscosity"": ""~300 - 600 cps (25 °C)""}",SikaInject®-232 is a single component hydrophilic injection resin which forms an impermeable flexible seal.,SikaInject®-232 is a single component hydrophilic injection resin which forms an impermeable flexible seal.,,https://gcc.sika.com/dam/dms/gcc/a/pds-sikainject-232.pdf,,,https://gcc.sika.com/en/construction/waterproofing/injection/sikainject-232.html
Sika,SikaInject®-216 DE,216,Waterproofing,Injection,"{""mixed ab"": ""~140 mPas"", ""g"": ""(%)"", ""100"": ""0.50%"", ""200"": ""1.00%"", ""400"": ""2.00%"", ""500"": ""2.50%"", ""packaging"": ""Part A: 20 kg Part B: 24 kg"", ""colour"": ""Part A: transparent yellowish, liquid \n  Part B: brown, liquid"", ""shelf_life"": ""24 months"", ""storage_conditions"": ""In original packaging, stored in dry conditions between 15 - 25 °C, protected from heat, frost and direct sunlight."", ""density"": ""At 23 °C:  Part A:  ~1.03 kg/l  Part B:  ~1.23 kg/l"", ""viscosity"": ""At 23 °C:  Part A:  ~190 mPas  Part B:  ~100 mPas Mixed A+B:~140 mPas""}","SikaInject®-216 DE is a PU-based 2-component, slow-hardening, rigid resin for waterproofing and stabilization works.","-216 DE is a PU-based 2-component, slow-hardening, rigid resin for waterproofing and stabilization works.",,https://gcc.sika.com/dam/dms/gcc/q/pds-sikainjecta-216de.pdf,,,https://gcc.sika.com/en/construction/waterproofing/injection/sikainject-216-de.html
Sika,SikaFuko® VT-2,2,Waterproofing,Injection,"{""packaging"": ""Supplied as a Combi-pack in a cardboard box containing: \n  125 m SikaFuko® VT-28 m green PVC-hose (inlet)8 m white PVC-hose (outlet)Accessories (2 m connecting pipe, 4 m heat shrink sleeve , x 50 closure plugs, 1 roll of tape, × 500 fastening clips)Also available as pre-fabricated, made to measure sections in special packs with accessories to suit for special projects (details on request)."", ""composition"": ""Yellow inner core  PVC  Yellow profile strips  Neoprene based cellular rubber  Mesh  Polyester"", ""shelf_life"": ""48 months from date of production"", ""storage_conditions"": ""The product must be stored in original, unopened and undamaged sealed packaging in dry conditions at temperatures between +5 °C and +35 °C. Always refer to packaging.""}","SikaFuko® VT-2 is a re-injectable hose for sealing various construction and connection joints in watertight concrete structures. To seal the joint, SikaFuko® VT-2 is injected with suitable Sika® Injection materials, such as acrylate and cement suspensions (for multiple injections) or polyurethane and epoxy resins (for single injection). With the integrated ‘valve techniques’ the hose can be used to re-inject multiple times if necessary.","SikaFuko® VT-2 is a re-injectable hose for sealing various construction and connection joints in watertight concrete structures. To seal the joint, SikaFuko® VT-2 is injected with suitable Sika® Injection materials, such as acrylate and cement suspensions (for multiple injections) or polyurethane and epoxy resins (for single injection). With the integrated ‘valve techniques’ the hose can be used to re-inject multiple times if necessary. Supplied as a Combi-pack in a cardboard box containing:",,,,,https://gcc.sika.com/en/construction/waterproofing/injection/sikafuko-vt-2.html
Sika,Sika® Injection-306,306,Waterproofing,Injection,"{""accelerator solution"": ""Accelerator : Water"", ""packaging"": ""Component A (Resin)  2 × 8.0 kg  Accelerator  1 × 1.0 kg  Hardener powder  4 × 40 g  Measuring cup  1 piece  \n  Additional Accelerator 4 x 1 kg - used for faster reaction times"", ""colour"": ""Component A (Resin)  Blue - transparent  Accelerator  Yellow - transparent  Hardener powder  White"", ""composition"": ""3-part polyacylic resin"", ""shelf_life"": ""12 months shelf life from date of production if stored properly in undamaged, unopened, original sealed packaging."", ""storage_conditions"": ""Dry storage at temperatures between +10 °C and +30 °C. Protect from direct sunlight and humidity."", ""viscosity"": ""~3-11 mPa∙s (mixture, at 20 °C)  (acc. ISO 3219)""}","Sika® Injection-306 is a very low viscosity, elastic polyacrylic injection resin with a versatile and adjustable reaction time. Suitable for use in hot and tropical climatic conditions.","Sika® Injection-306 is a very low viscosity, elastic polyacrylic injection resin with a versatile and adjustable reaction time. Suitable for use in hot and tropical climatic conditions.",,,,,https://gcc.sika.com/en/construction/waterproofing/injection/sika-injection-306.html
Sika,SikaInject®-104,104,Waterproofing,Injection,"{""part a"": ""~240 mPas"", ""part b"": ""~240 mPas"", ""packaging"": ""part A: 19 kg \n  part B: 22 kg \n  larger packaging on request \n  Refer to current price list for packaging variations"", ""colour"": ""part A: colorless, liquid \n  part B: brown, liquid"", ""shelf_life"": ""12 months in originally sealed packaging"", ""storage_conditions"": ""Dry, between 15–25 °C, protected from heat, frost and direct sunlight"", ""density"": ""Part A:~1.05 kg/l Part B:~1.23 kg/l"", ""viscosity"": ""Part A:~240 mPasPart B:~240 mPas""}","SikaInject®-104 is a fast reacting polyurethane foam resin, rigid, slight foaming, water-tight and heat-insulating. Suitable for use in hot and tropical climatic conditions.","SikaInject®-104 is a fast reacting polyurethane foam resin, rigid, slight foaming, water-tight and heat-insulating. Suitable for use in hot and tropical climatic conditions. Refer to current price list for packaging variations",,https://gcc.sika.com/dam/dms/gcc/s/pds-sikainject-104.pdf,,,https://gcc.sika.com/en/construction/waterproofing/injection/sikainject-104.html
Sika,SikaInject®-315 PS,315,Waterproofing,Injection,"{""packaging"": ""20 kg \n  Larger packaging on request."", ""colour"": ""white, liquid"", ""shelf_life"": ""12 months in original packaging"", ""storage_conditions"": ""dry, between 15-25°C, protected from heat, frost and direct sunlight"", ""density"": ""~1.01 kg/l (DIN EN ISO 3675)"", ""viscosity"": ""8 - 15 mPas (DIN EN ISO 2555)""}",SikaInject®-315 PS is a polymeric strengthening compound for the acrylate resin SikaInject-304 DE. PS compound is used instead of water for preparation of component B with SikaInject-3** acrylate resins.,SikaInject®-315 PS is a polymeric strengthening compound for the acrylate resin SikaInject-304 DE. PS compound is used instead of water for preparation of component B with SikaInject-3** acrylate resins.,,https://gcc.sika.com/dam/dms/gcc/i/pds-sikainject-315ps.pdf,,,https://gcc.sika.com/en/construction/waterproofing/injection/sikainject-315-ps.html
Sika,SikaInject®-311,311,Waterproofing,Injection,"{""packaging"": ""part A1: 20 kg \n  part A2: 1 kg \n  part B2: 0.3 kg \n  optional PS compound SikaInject®-315 PS: 20 kg"", ""colour"": ""part A1: transparent, liquid \n  part A2: colorless, liquid \n  part B2: white, solid"", ""shelf_life"": ""12 months from date of production in original packaging"", ""storage_conditions"": ""dry, between 15 °C - 25 °C, protected from heat, frost and direct sunlight"", ""density"": ""part A1: ~ 1.06 kg/l (DIN EN ISO 3675) \n  part A2: ~ 0.93 kg/l (DIN EN ISO 3675) \n  part B2: ~ 2.59 kg/l"", ""viscosity"": ""part A1: ~ 15 mPas (DIN EN ISO 2555) \n  part A2: ~ 8 mPas (DIN EN ISO 2555) \n  mix AB: ~ 3 mPas (DIN EN ISO 2555)""}","3-part, acrylate-/methacrylate-based water-expanding hydrogel that hardens to a rubber-like, flexible product.","3-part, acrylate-/methacrylate-based water-expanding hydrogel that hardens to a rubber-like, flexible product.",,https://gcc.sika.com/dam/dms/gcc/4/pds-sikainject-311.pdf,,,https://gcc.sika.com/en/construction/waterproofing/injection/sikainject-311.html
Sika,SikaInject®-313,313,Waterproofing,Injection,"{""temp"": ""Potlife (min:s)"", ""25 c"": ""00:50"", ""20 c"": ""01:00"", ""15 c"": ""01:10"", ""10 c"": ""02:00"", ""5 c"": ""03:00"", ""packaging"": ""Part A1: 20 kg Part A2: 1 kg Part B: 1 kg"", ""colour"": ""Part A1: blue, liquid Part A2: colorless, liquid Part B: white, solid"", ""shelf_life"": ""12 months from date of production in original packaging"", ""storage_conditions"": ""Dry, between 15 °C - 25 °C, protected from heat, frost and direct sunlight"", ""density"": ""Part A1:  ~1.19 kg/l  Part A2:  ~1.12 kg/l  Part B:  ~2.59 kg/l"", ""viscosity"": ""Part A1  ~40 mPas  Part A2  ~280 mPas  Mixed AB:  ~4 mPas""}","SikaInject®-313 is a 3-part, water-swelling hydrogel based on acrylate / methacrylate, that cures to form an elastic product.","SikaInject®-313 is a 3-part, water-swelling hydrogel based on acrylate / methacrylate, that cures to form an elastic product.",,https://gcc.sika.com/dam/dms/gcc/t/pds-sikainjecta-313.pdf,,,https://gcc.sika.com/en/construction/waterproofing/injection/sikainject-313.html
Sika,SikaFix®-210,210,Waterproofing,Injection,"{""part a"": ""20.20 kg (~20 L)"", ""part b"": ""24.80 kg (~20 L)"", ""part a"": ""Part B"", ""101 kgl"": ""~1.23 kg/l"", ""140 c"": ""> 250 °C"", ""300 mpas"": ""~260 mPa∙s"", ""packaging"": ""Part A20.20 kg (~20 L)Part B24.80 kg (~20 L)"", ""colour"": ""Part A Slightly yellow Part B  Black brown"", ""composition"": ""2-component Polyurethane resin, solvent and CFC-free"", ""shelf_life"": ""12 months shelf life from date of production if stored properly in undamaged, unopened, original sealed packaging."", ""storage_conditions"": ""Dry storage at temperatures from +5 °C up to +35 °C. Protect from direct sunlight and humidity."", ""density"": ""At 23 °C  \n  Part APart B~1.01 kg/l~1.23 kg/l"", ""viscosity"": ""At 23 °C  \n  Part APart B~300 mPa∙s~260 mPa∙s""}",SikaFix®-210 is a fast-reacting polyurethane based resin with short gel times and high final strength. Suitable for use in hot and tropical climatic conditions.,SikaFix®-210 is a fast-reacting polyurethane based resin with short gel times and high final strength. Suitable for use in hot and tropical climatic conditions.,,,,,https://gcc.sika.com/en/construction/waterproofing/injection/sikafix-210.html
Sika,SikaInject®-453,453,Waterproofing,Injection,"{""packaging"": ""part A: 20 kg / 10 kg \n  part B: 8.8 kg / 4.4 kg \n  combiset AB: 1.44 kg \n  Refer to current price list for packaging variations."", ""colour"": ""part A: light yellowish, liquid \n  part B: light yellowish, liquid"", ""shelf_life"": ""12 months from date of production"", ""storage_conditions"": ""The product must be stored in original, unopened and undamaged sealed packaging in dry conditions at temperature between +15 °C and +25 °C."", ""density"": ""part A: ~ 1.13 kg/l (DIN EN ISO 2811-1) \n  part B: ~ 0.99 kg/l (DIN EN ISO 2811-1)"", ""viscosity"": ""part A: ~ 700 - 950 mPas (DIN EN ISO 2555) \n  part B: ~ 20 - 40 mPas (DIN EN ISO 2555) \n  mix AB: ~200 mPas (DIN EN ISO 2555)""}","2-Component, low viscosity, epoxy-based injection resin for force transmitting filling of cracks, voids and interstices in concrete according to EN 1504-5.","2-Component, low viscosity, epoxy-based injection resin for force transmitting filling of cracks, voids and interstices in concrete according to EN 1504-5. Refer to current price list for packaging variations.",,https://gcc.sika.com/dam/dms/gcc/x/pds-sikainject-453.pdf,,,https://gcc.sika.com/en/construction/waterproofing/injection/sikainject-453.html
Sika,Sikadur®-52 LP AE,52,Waterproofing,Injection,"{""temperature"": ""Part A+B mixed (2:1)"", ""20 c"": ""~330 MPa"", ""30 c"": ""~30 min"", ""40 c"": ""~10 min"", ""packaging"": ""Pre-batched  Part A+B : 5 kg   Bulk packaging  On request"", ""composition"": ""Modified solvent-free two-part epoxy resin"", ""shelf_life"": ""24 months from date of production if stored properly in unopened, undamaged and sealed original packaging"", ""storage_conditions"": ""Store in dry conditions in original sealed packaging and at temperatures between +5 °C and +30 °C. Protect from direct sunlight and heat."", ""density"": ""+20 °C  Part A+B mixed (2:1) ~1.06 kg/l"", ""viscosity"": ""TemperaturePart A+B mixed (2:1)+20 °C~330 MPa+30 °C~150 MPa+40 °C~95 MPa""}","Sikadur®-52 LP AE is a two parts, solvent free, low viscosity injection liquids, based on high strength epoxy resins. Suitable for use in hot and tropical climatic conditions.","Sikadur®-52 LP AE is a two parts, solvent free, low viscosity injection liquids, based on high strength epoxy resins. Suitable for use in hot and tropical climatic conditions.",,,,,https://gcc.sika.com/en/construction/waterproofing/injection/sikadur-52-lp-ae.html
Sika,Sika® Injection-307,307,Waterproofing,Injection,"{""accelerator component a1"": ""Yellow – transparent"", ""component b"": ""White"", ""ml accelerator"": ""Ambient Temperature"", ""reaction time"": ""5 °C"", ""10 min"": ""1000*"", ""20 min"": ""620*"", ""30 min"": ""545*"", ""40 min"": ""510*"", ""50 min"": ""475"", ""packaging"": ""Sika® Injection-307 SET contains: \n   Component A (Resin)  2 × 9.6 kg  Accelerator Component A1  1 × 1.05 kg  Component B  4 × 0.4 kg  \n   \n  Components available separately: \n   Component A (Resin)  1 × 19.2 kg  Accelerator Component A1  1 × 5.25 kg  Component B  36 × 0.4 kg"", ""colour"": ""Component A (Resin) Blue – transparentAccelerator Component A1Yellow – transparentComponent BWhite"", ""composition"": ""3-part polyacrylic resin"", ""shelf_life"": ""12 months shelf life from date of production if stored properly in undamaged, unopened, original sealed packaging."", ""storage_conditions"": ""Dry storage at temperatures from +10 °C up to +30 °C. Protect from direct sunlight and humidity."", ""density"": ""Component A (Resin) ~1.073 kg/l Accelerator Component A1 ~1.052 kg/l  Component B  ~2.100 kg/l"", ""viscosity"": ""~3.8 mPa∙s (mixture at 20 °C)  (ISO 3219)""}","Sika® Injection-307 is a very low viscous, elastic polyacrylic injection resin with a versatile and adjustable reaction time. Suitable for hot and tropical climatic conditions.","Sika® Injection-307 is a very low viscous, elastic polyacrylic injection resin with a versatile and adjustable reaction time. Suitable for hot and tropical climatic conditions.",,,,,https://gcc.sika.com/en/construction/waterproofing/injection/sika-injection-307.html
Sika,SikaInject®-233,233,Waterproofing,Injection,"{""reaction start sec"": ""130"", ""reaction end sec"": ""350"", ""packaging"": ""1 L kit: \n  1.055 kg (Base resin) 0.105 kg (CAT, 10 %, = maximum recommended) \n  Note: Accelerator (CAT) dosage can be varied to suite site conditions."", ""colour"": ""Yellowish"", ""shelf_life"": ""12 months from date of production"", ""storage_conditions"": ""Store in original, unopened and undamaged sealed packaging in dry conditions at temperature between +5 °C and +35 °C"", ""density"": ""~1.16 kg/l (20 °C)"", ""viscosity"": ""~700 - 900 cps (25 °C)""}","SikaInject®-233 is solvent free, single component polyurethane foam. Suitable for use in hot and tropical climatic conditions.","SikaInject®-233 is solvent free, single component polyurethane foam. Suitable for use in hot and tropical climatic conditions.",,https://gcc.sika.com/dam/dms/gcc/z/pds-sikainject-233.pdf,,,https://gcc.sika.com/en/construction/waterproofing/injection/sikainject-233.html
Sika,SikaHyflex®-105,105,Sealing Bonding,Building Envelopesolution,"{""135 kgl"": ""(ISO 1183-1)"", ""26 after 28 days"": ""(ISO 868)"", ""030 nmm"": ""(ISO 8339)"", ""75"": ""(ISO 7389)"", ""35 nmm"": ""(ISO 34)"", ""35"": ""(ASTM C 719)"", ""1 mm 20 mm profile at 50 c"": ""(ISO 7390)"", ""3 mm24 h 23 c  50  rh"": ""(CQP 049-2)"", ""40 min 23 c  50 rh"": ""(CQP 019-1)"", ""140 min 23 c  50 rh"": ""(CQP 019-1)"", ""packaging"": ""600 mL foil pack, 20 foil packs per box \n  300 mL cartridges, 12 cartridges per box"", ""colour"": ""Black, White, Middle Grey, Dark Grey, Beige and Brown"", ""composition"": ""Neutral cure silicone"", ""shelf_life"": ""SikaHyflex®-105 has a shelf life of 12 months from the date of production, if it is stored in undamaged, original, sealed packaging, and if the storage conditions are met."", ""storage_conditions"": ""SikaHyflex®-105 shall be stored in dry conditions, where it is protected from direct sunlight and at temperatures between +5 °C and +25 °C."", ""density"": ""~1.35 kg/l(ISO 1183-1)""}","SikaHyflex®-105 is a silicone based, 1-component, UV-stable, moisture-curing, elastic weather-sealant. Suitable for use in hot and tropical climatic conditions.","SikaHyflex®-105 is a silicone based, 1-component, UV-stable, moisture-curing, elastic weather-sealant. Suitable for use in hot and tropical climatic conditions. Black, White, Middle Grey, Dark Grey, Beige and Brown",,,,,https://gcc.sika.com/en/construction/sealing-bonding/building-envelopesolution/sikahyflex-105.html
Sika,SikaHyflex®-300 EU,300,Sealing Bonding,Building Envelopesolution,"{""105 kgl"": ""(ISO 1183-1)"", ""20 after 28 d"": ""(ISO 868)"", ""030 nmm"": ""(ISO 8339)"", ""90"": ""(ISO 7389)"", ""35 nmm"": ""(ISO 34)"", ""25"": ""(ASTM C 719)"", ""2 mm 20 mm profile 50 c"": ""(ISO 7390)"", ""2 mm24 h  23 c  50  rh"": ""(CQP 049-2)"", ""40 min  23 c  50  rh"": ""(CQP 019-1)"", ""180 min 23 c  50  rh"": ""(CQP 019-1)"", ""packaging"": ""300 mL cartridge, 25 cartridges per box\n  600 mL foil pack, 20 foil packs per box"", ""colour"": ""Translucent, aluminum and champagne"", ""composition"": ""Neutral cure silicone"", ""shelf_life"": ""SikaHyflex®-300 EU has a shelf life of 12 months for cartridges and 15 months for foil packs from the date of production, if it is stored in undamaged, original, sealed packaging, and if the storage conditions are met."", ""storage_conditions"": ""SikaHyflex®-300 EU shall be stored in dry conditions, where it is protected from direct sunlight and at temperatures between +5 °C and +25 °C."", ""density"": ""~1.05 kg/l(ISO 1183-1)""}","SikaHyflex®-300 EU is a silicone based, 1-component, moisture curing, low-modulus elastic weather sealant. Suitable for use in hot an tropical climatic conditons.","SikaHyflex®-300 EU is a silicone based, 1-component, moisture curing, low-modulus elastic weather sealant. Suitable for use in hot an tropical climatic conditons.",,,,,https://gcc.sika.com/en/construction/sealing-bonding/building-envelopesolution/sikahyflex-300-eu.html
Sika,Sikaflex® NP 2,2,Sealing Bonding,Building Envelopesolution,"{""25"": ""(ASTM C 719)"", ""10"": ""(ASTM C 794)"", ""cracking and chalking after heat aging"": ""None"", ""xenon arc 2000 hours"": ""No surface cracking"", ""passes no visible stain"": ""(ASTM C 510)"", ""rheological flow at 49c"": ""Nonsag"", ""1619"": ""6–10"", ""1925"": ""10–13"", ""no accelerator"": ""2 – 3"", ""2 accelerators"": ""< 1"", ""packaging"": ""5.67 L pails5.7 L pails (with Sikaflex®-900 Color Pack)"", ""colour"": ""Standard pre-tinted colors: Precast Gray and LimestoneSikaflex®-900 Color Pack are available by air freight in 40 standard colors. Refer to color-chart for additional colors."", ""composition"": ""Sikaflex® NP 2 is a multi-component polyurethane product."", ""shelf_life"": ""Parts A and B: 15 months when properly stored \n  Sikaflex®-900 Color Packs: 5.5 years"", ""storage_conditions"": ""Store in unopened containers in a cool, clean, dry area. Do not open containers until ready for use."", ""colour_stability"": ""Passes (no visible stain)(ASTM C 510)""}","Sikaflex® NP 2 is a multi-component, highly flexible, non-priming, high performance polyurethane sealant. It has been successfully tested for joint movement of ±25%. It can be tinted to multiple colors.","Sikaflex® NP 2 is a multi-component, highly flexible, non-priming, high performance polyurethane sealant. It has been successfully tested for joint movement of ±25%. It can be tinted to multiple colors. Sikaflex® NP 2 is a multi-component polyurethane product. Store in unopened containers in a cool, clean, dry area. Do not open containers until ready for use.",,https://gcc.sika.com/dam/dms/gcc/m/pds-sikaflex-np-2.pdf,,,https://gcc.sika.com/en/construction/sealing-bonding/building-envelopesolution/sikaflex-np-2.html
Sika,SikaHyflex®-305 EU,305,Sealing Bonding,Building Envelopesolution,"{""25 after 28 days"": ""(ISO 868)"", ""035 nmm"": ""(ISO 8339)"", ""80"": ""(ISO 7389)"", ""40 nmm"": ""(ISO 34)"", ""25"": ""(ISO 9047)"", ""50"": ""(ASTM C 719)"", ""joint width mm"": ""Joint Depth [mm]"", ""0 mm 20 mm profile 50 c"": ""(ISO 7390)"", ""2 mm24 hours 23 c  50 rh"": ""(CQP 049-2)"", ""25 minutes 23 c  50 rh"": ""(CQP 019-1)"", ""180 minutes 23 c  50 rh"": ""(CQP 019-1)"", ""joint length m per 600 ml foil pack"": ""Joint width [mm]"", ""packaging"": ""300 ml catridge, 25 cartridges per box \n  600 ml foil pack, 20 foil packs per box"", ""colour"": ""Black, white, grey S1, grey S3, grey S4, grey S6, RAL 7024, ivory, beige, champagne, brown and bronze"", ""composition"": ""Neutral cure silicone"", ""shelf_life"": ""SikaHyflex®-305 EU has a shelf life of 12 months for cartridges and 15 months for foil packs from the date of production, if it is stored in undamaged, original, sealed packaging, and if the storage conditions are met."", ""storage_conditions"": ""SikaHyflex®-305 EU shall be stored in dry conditions, where it is protected from direct sunlight and at temperatures between +5 °C and +25 °C."", ""density"": ""~ 1.50 kg/l  (ISO 1183-1)""}","SikaHyflex®-305 EU is a 1-component, moisture curing, low-modulus elastic weather sealant. Suitable for use in hot and tropical climatic conditions.","SikaHyflex®-305 EU is a 1-component, moisture curing, low-modulus elastic weather sealant. Suitable for use in hot and tropical climatic conditions. Black, white, grey S1, grey S3, grey S4, grey S6, RAL 7024, ivory, beige, champagne, brown and bronze",,,,,https://gcc.sika.com/en/construction/sealing-bonding/building-envelopesolution/sikahyflex-305-eu.html
Sika,Sikaflex®-714 WS,714,Sealing Bonding,Building Envelopesolution,"{""joint length m"": ""Joint width [mm]"", ""packaging"": ""300 ml cartridge, 12 cartridges per box 600 ml foil pack, 20 foil packs per box"", ""colour"": ""Black, white, grey, beige, brown and champagne"", ""composition"": ""Silane terminated polymer"", ""shelf_life"": ""Sikaflex®-714 WS has a shelf life of 12 months from the date of production, if it is stored in undamaged, original, sealed packaging, and if the storage conditions are met."", ""storage_conditions"": ""Sikaflex®-714 WS shall be stored in dry conditions, where it is protected from direct sunlight and at temperatures between +5 °C and +25 °C."", ""density"": ""~1.4 kg/l (23°C)""}","Sikaflex®-714 WS is a 1-component, hybrid silicone, UV-stable, moisture curing, elastic weather sealant. Suitable for use in hot and tropical climatic conditions.","Sikaflex®-714 WS is a 1-component, hybrid silicone, UV-stable, moisture curing, elastic weather sealant. Suitable for use in hot and tropical climatic conditions.",,https://gcc.sika.com/dam/dms/gcc/9/pds-sikaflex-714ws.pdf,,,https://gcc.sika.com/en/construction/sealing-bonding/building-envelopesolution/sikaflex-714-ws.html
Sika,Sikaflex®-118 Extreme Grab,118,Sealing Bonding,63559,"{""packaging"": ""290 ml cartridge, 12 cartridges per box"", ""colour"": ""White, concrete grey, black"", ""composition"": ""Silane terminated polymer"", ""shelf_life"": ""12 months from the date of production"", ""storage_conditions"": ""The product must be stored in original, unopened and undamaged sealed packaging in dry conditions at temperatures between +5 °C and +25 °C. Always refer to packaging."", ""density"": ""~1,40 kg/l  (ISO 1183-1)""}",Sikaflex®-118 Extreme Grab is a 1- part construction adhesive with very high initial grab which bonds most construction material substrates. Internal and external use. Suitable for use in hot and tropical climatic conditions.,Sikaflex®-118 Extreme Grab is a 1- part construction adhesive with very high initial grab which bonds most construction material substrates. Internal and external use. Suitable for use in hot and tropical climatic conditions. Conformity with LEED v4 EQc 2: Low-Emitting Materials,,,,,https://gcc.sika.com/en/construction/sealing-bonding/63559/sikaflex-118-extremegrab.html
Sika,SikaBond®-114 Grip Tight,114,Sealing Bonding,63559,"{""125 kgl"": ""(ISO 1183-1)"", ""64 after 28 d"": ""(ISO 868)"", ""yield"": ""Dimension"", ""packaging"": ""290 mL cartridge, 12 cartridges per box"", ""colour"": ""Beige"", ""composition"": ""Rubber resin based"", ""shelf_life"": ""12 months from the date of production"", ""storage_conditions"": ""The product must be stored in original, unopened and undamaged sealed packaging in dry conditions at temperatures between +5 °C and +25 °C. Always refer to packaging."", ""density"": ""~1.25 kg/L(ISO 1183-1)""}","SikaBond®-114 Grip Tight is a 1-part, rubber-resin-based construction adhesive with high final strength which bonds to most construction material substrates. Suitable for use in hot and tropical climatic conditions.","SikaBond®-114 Grip Tight is a 1-part, rubber-resin-based construction adhesive with high final strength which bonds to most construction material substrates. Suitable for use in hot and tropical climatic conditions. SikaBond®-114 Grip Tight is certified according ""Low Emitting Materials (Paints, Coatings, Adhesives and Sealants) as per the 2010 Dubai Green Building Regulations and Specifications"" by Dubai Central Laboratory (DCL) certificate No. CL18020589.",,,,,https://gcc.sika.com/en/construction/sealing-bonding/63559/sikabond-114-griptight.html
Sika,Sikagard® PW AE,,Refurbishment,Concrete Protection,"{""part b"": ""3.75 kg container"", ""part a  b"": ""25 kg ready to mix units"", ""50 mg 14 d  23 c"": ""(CS 10 / 1000 / 1000)"", ""min 4 h"": ""(35 °C)"", ""min 5 h"": ""(25 °C)"", ""max 2 d"": ""(25 °C)"", ""packaging"": ""Please refer to local country price list for available packaging sizes:  \n   Part A  21.25 kg container Part B3.75 kg containerPart A + B25 kg ready to mix units"", ""composition"": ""Epoxy resin with special fillers"", ""shelf_life"": ""12 months from date of production"", ""storage_conditions"": ""Store in unopened, undamaged and sealed original packaging in dry conditions at temperatures between +10 °C and +30 °C. Protect from direct sunlight, heat and moisture."", ""density"": ""~1.60 kg/l (mixed A+B, at +25 °C)""}","Sikagard® PW AE is a two component, total solids epoxy coating with outstanding mechanical and chemical properties. Suitable for use in hot and tropical climatic conditions.","Sikagard® PW AE is a two component, total solids epoxy coating with outstanding mechanical and chemical properties. Suitable for use in hot and tropical climatic conditions. Please refer to local country price list for available packaging sizes:",,https://gcc.sika.com/dam/dms/gcc/7/pds-sikagard-pw-ae.pdf,,,https://gcc.sika.com/en/construction/refurbishment/concrete-protection/sikagard-pw-ae.html
Sika,Sika AnchorFix®-2+ Tropical,2T,Refurbishment,Grouting,"{""25 c - 30 c"": ""7.5 min"", ""20 c - 25 c"": ""10 min"", ""15 c - 20 c"": ""15 min"", ""packaging"": ""300 mL standard cartridge  12 cartridges per box    Pallet: 75 boxes"", ""colour"": ""Coponent A  Grey  Component B  Off-white  Coponent A + B mixed  Light grey"", ""shelf_life"": ""15 months from date of production \n  All Sika AnchorFix®-2+ Tropical cartridges have the expiry date printed on the label."", ""storage_conditions"": ""Stored properly in original, unopened, sealed and undamaged packaging in dry conditions at temperatures between +5 °C and +25 °C. Protect from direct sunlight, heat and moisture."", ""density"": ""~1.60 - 1.75 kg/l (component A) ~1.45 - 1.50 kg/l (component B) ~1.65 - 1.75 kg/l (component A + B mixed)""}","Solvent and styrene free, epoxy acrylate based, 2-component anchoring adhesive for use in hot and tropical climatic conditions.","Solvent and styrene free, epoxy acrylate based, 2-component anchoring adhesive for use in hot and tropical climatic conditions.",,,,,https://gcc.sika.com/en/construction/refurbishment/grouting/anchoring/sika-anchorfix-2tropical.html
Sika,Sika AnchorFix® S,,Refurbishment,Grouting,"{""component a"": ""white"", ""component b"": ""black"", ""component ab mixed"": ""light grey"", ""74 nmm"": ""(ASTM D 695)"", ""3 100 nmm"": ""(ASTM D 695)"", ""24 nmm"": ""(ASTM D 790)"", ""12 nmm"": ""(ASTM D 638)"", ""40 c"": ""1.5 minutes"", ""35 c  40 c"": ""1.5 minutes"", ""30 c  35 c"": ""2 minutes"", ""10 c  20 c"": ""6 minutes"", ""5 c  10c"": ""12 minutes"", ""5 c"": ""18 minutes"", ""packaging"": ""300 ml standard cartridge 12 cartridges per box"", ""colour"": ""Component A:whiteComponent B:blackComponent A+B mixed:light grey"", ""shelf_life"": ""12 months from date of production\n  All Sika AnchorFix® S cartridges have the expiry date printed on the label."", ""storage_conditions"": ""Stored properly in original, unopened, sealed and undamaged packaging in dry conditions at temperatures between +5 °C and +25 °C. Protect from direct sunlight, heat and moisture."", ""density"": ""~1.7 kg/l (component A+B mixed)""}",Styrenated polyester based 2-component anchoring adhesive. Suitable for use in hot and tropical climatic conditions.,"Styrenated polyester based 2-component anchoring adhesive. Suitable for use in hot and tropical climatic conditions. Bonded injection type anchor for non cracked concrete according to ETAG 001 Part 1 and 5, ETA-13/0721, Declaration of Performance 020403010010000003 5034408, certified by notified product certification body 1020, certificate of constancy of performance 1020-CPD-090-029814, and provided with the CE marking.",,,,,https://gcc.sika.com/en/construction/refurbishment/grouting/anchoring/sika-anchorfix-s.html
Sika,Sika AnchorFix®-3001,3001,Refurbishment,Grouting,"{""40 c"": ""3 minutes"", ""35 c to 40 c"": ""4 minutes"", ""30 c to 35 c"": ""6 minutes"", ""15 c to 20 c"": ""15 minutes"", ""10 c to 15c"": ""20 minutes"", ""packaging"": ""400 ml side by side cartridge  12 cartridges per box pallet: 60 boxes  600 ml side by side cartridge  12 cartridges per box pallet: 36 boxes"", ""colour"": ""Part A  off-white  Part B  dark grey / black  A+B mixed  grey"", ""composition"": ""Epoxy"", ""shelf_life"": ""24 months from date of production"", ""storage_conditions"": ""The product must be stored in original, unopened and undamaged sealed packaging in dry conditions at temperatures between +10 °C and +25 °C. Always refer to packaging."", ""density"": ""A+B mixed  ~1,49 kg/l""}","Sika AnchorFix®-3001 is an epoxy resin based, 2-part, thixotropic, 1:1 mixing ratio, high performance anchoring material. It is specifically designed for anchoring threaded rods and reinforcement bars in both cracked and un-cracked dry or damp concrete. Suitable to use in hot and tropical climatic conditions.","Sika AnchorFix®-3001 is an epoxy resin based, 2-part, thixotropic, 1:1 mixing ratio, high performance anchoring material. It is specifically designed for anchoring threaded rods and reinforcement bars in both cracked and un-cracked dry or damp concrete. Suitable to use in hot and tropical climatic conditions.",,,,,https://gcc.sika.com/en/construction/refurbishment/grouting/anchoring/sika-anchorfix-3001.html
Sika,Sika AnchorFix®-1,1,Refurbishment,Grouting,"{""60 nmm"": ""(ASTM D 695)"", ""28 nmm"": ""(ASTM D 790)"", ""12 nmm"": ""(ASTM D 638)"", ""60 c"": ""(DIN EN ISO 6721-1)"", ""30 c"": ""4 minutes"", ""10 c  20 c"": ""6 minutes"", ""5 c  10 c"": ""10 minutes"", ""5 c"": ""18 minutes"", ""10 c"": ""30 minutes"", ""packaging"": ""300 mL standard cartridge 12 cartridges per box  pallet: 75 boxes"", ""colour"": ""Component A:  white  Component B:  black  Component A+B mixed:  light grey  \n  Stone colour: \n   Component A:  white  Component B:  salmon  Component A+B mixed:  beige"", ""shelf_life"": ""12 months from date of production\n  All Sika AnchorFix®-1 cartridges have the expiry date printed on the label."", ""storage_conditions"": ""Stored properly in original, unopened, sealed and undamaged packaging in dry conditions at temperatures between +5 °C and +25 °C. Protect from direct sunlight."", ""density"": ""~1.63 kg/l (component A+B mixed)""}","Solvent and styrene free based, two-component polyester anchoring adhesive. Suitable for use in hot and tropical climatic conditions.","Solvent and styrene free based, two-component polyester anchoring adhesive. Suitable for use in hot and tropical climatic conditions.",,,,,https://gcc.sika.com/en/construction/refurbishment/grouting/anchoring/sika-anchorfix-1.html
Sika,Sika AnchorFix®-3030,3030,Refurbishment,Grouting,"{""packaging"": ""300 ml standard single cartridge 12 cartridges per box Pallet: 75 boxes with 900 cartridges 385 ml dual cartridge 12 cartridges per box Pallet: 70 boxes with 840 cartridges  585 ml dual cartridge  12 cartridges per box Pallet: 56 boxes with 672 cartridges  \n  Refer to current price list for packaging variations."", ""colour"": ""Part A  \n       \n       Off white \n        Part B  \n       \n       Grey \n        A+B mixed  \n       \n       Light grey"", ""composition"": ""Epoxy resin"", ""shelf_life"": ""24 months from date of production"", ""storage_conditions"": ""The product must be stored in original, unopened and undamaged sealed packaging in dry conditions at temperatures between +10 °C and +25 °C. Always refer to packaging."", ""density"": ""A+B mixed  ~1,5 kg/l""}","Sika AnchorFix®-3030 is an epoxy resin based, 2-part, thixotropic, high performance anchoring adhesive for anchoring threaded rods and reinforcing bars in both cracked and un-cracked concrete dry or damp concrete. Suitable for use in tropical and hot climatic conditions.","Sika AnchorFix®-3030 is an epoxy resin based, 2-part, thixotropic, high performance anchoring adhesive for anchoring threaded rods and reinforcing bars in both cracked and un-cracked concrete dry or damp concrete. Suitable for use in tropical and hot climatic conditions.",,,,,https://gcc.sika.com/en/construction/refurbishment/grouting/anchoring/sika-anchorfix-3030.html
Sika,SikaSeal®-450 PG,450,Sealing Bonding,Floor Joints Sealant,"{""a component"": ""~6.9 kg"", ""b component"": ""~0.6 kg"", ""initial cure time for light traffic"": ""Final cure for water immersion"", ""24 h at 23c"": ""14 days (at 23°C)"", ""joint length m per 1 l"": ""Joint width [mm]"", ""packaging"": ""Ready to mix packing  A component~6.9 kgB component~0.6 kg"", ""colour"": ""Grey"", ""shelf_life"": ""12 months from the date of production, if it is stored in undamaged, original, sealed packaging, and if the storage conditions are met."", ""storage_conditions"": ""SikaSeal®-450 PG shall be stored in dry conditions, where it is protected from direct sunlight and at temperatures between +5°C and +30°C."", ""viscosity"": ""Pourable liquid""}","SikaSeal®-450 PG is polysulphide based sealant possessing good resistance to deterioration due to weathering, ozone and UV light.","SikaSeal®-450 PG is polysulphide based sealant possessing good resistance to deterioration due to weathering, ozone and UV light. 12 months from the date of production, if it is stored in undamaged, original, sealed packaging, and if the storage conditions are met. SikaSeal®-450 PG shall be stored in dry conditions, where it is protected from direct sunlight and at temperatures between +5°C and +30°C.",,https://gcc.sika.com/dam/dms/gcc/h/pds-sikaseala-450pg.pdf,,,https://gcc.sika.com/en/construction/sealing-bonding/floor-joints-sealant/sikaseal-450-pg.html
Sika,Sikaflex® PRO-3,3,Sealing Bonding,Floor Joints Sealant,"{""060 nmm"": ""(ISO 8339)"", ""90"": ""(ISO 7389)"", ""80 nmm"": ""(ISO 34)"", ""35"": ""(ASTM C 719)"", ""0 mm 20mm profile 50 c"": ""(ISO 7390)"", ""35 mm  24 h 23 c  50  rh"": ""(CQP 049-2)"", ""60 min 23 c  50  rh"": ""(CQP 019-1)"", ""50 min 23 c  50  rh"": ""(CQP 019-2)"", ""joint length m per 600 ml foil pack"": ""Joint width [mm]"", ""packaging"": ""600 mL foil pack, 20 foil packs per box"", ""colour"": ""Concrete grey (further colours available upon request)"", ""composition"": ""i-Cure® Technology polyurethane"", ""shelf_life"": ""Sikaflex® PRO-3 has a shelf life of 15 months from the date of production, if it is stored in undamaged, original, sealed packaging, and if the storage conditions are met."", ""storage_conditions"": ""Sikaflex® PRO-3 shall be stored in dry conditions, where it is protected from direct sunlight and at temperatures between +5 °C and +25 °C."", ""density"": ""~1.35 kg/l  (ISO 1183-1)""}","Sikaflex® PRO-3 is a 1-component, moisture-curing, elastic joint sealant with high mechanical and chemical resistance. Suitable for use in hot and tropical climatic conditions.","Sikaflex® PRO-3 is a 1-component, moisture-curing, elastic joint sealant with high mechanical and chemical resistance. Suitable for use in hot and tropical climatic conditions. Concrete grey (further colours available upon request)",,,,,https://gcc.sika.com/en/construction/sealing-bonding/floor-joints-sealant/sikaflex-pro-3.html
Sika,Sika® Ucrete® CR 460,460,Sealing Bonding,Floor Joints Sealant,"{""cured 28 days at 20 c"": ""20–23 %"", ""20 mm profile tested at 23 c"": ""< 2 mm"", ""maximum"": ""+40 °C"", ""minimum"": ""+5 °C"", ""joint width"": ""Joint depth"", ""7 mm"": ""5 mm"", ""10 mm"": ""6 mm"", ""15 mm"": ""10 mm"", ""20 mm"": ""10 mm"", ""30 mm"": ""15 mm"", ""packaging"": ""3.0 kg"", ""composition"": ""Polyurethane"", ""shelf_life"": ""12 months from date of production"", ""storage_conditions"": ""The Product must be stored in original, unopened and undamaged sealed packaging in dry conditions at temperatures between +5 °C and +30 °C. Always refer to the packaging.\n  Refer to the current Safety Data Sheet for information on safe handling and storage."", ""density"": ""1.6 kg/L  (ISO 1183-1)""}","Sika® Ucrete® CR 460 is a two-part polyurethane joint filler. It is pourable and self-leveling. The Product is used together with Sika® Ucrete® P 460, a two-part clear polyurethane primer.","Sika® Ucrete® CR 460 is a two-part polyurethane joint filler. It is pourable and self-leveling. The Product is used together with Sika® Ucrete® P 460, a two-part clear polyurethane primer. The Product must be stored in original, unopened and undamaged sealed packaging in dry conditions at temperatures between +5 °C and +30 °C. Always refer to the packaging.",,https://gcc.sika.com/dam/dms/gcc/b/pds-sika-ucrete-cr460.pdf,,,https://gcc.sika.com/en/construction/sealing-bonding/floor-joints-sealant/sika-ucrete-cr-460.html
Sika,Sika® Ucrete® P 460,460,Sealing Bonding,Floor Joints Sealant,"{""container part a"": ""0.474 kg"", ""container part b"": ""0.178 kg"", ""container part a  part b"": ""0.652 kg"", ""maximum"": ""2 hours"", ""minimum"": ""30 minutes"", ""packaging"": ""Container Part A0.474 kgContainer Part B0.178 kgContainer Part A + Part B0.652 kg\n  Refer to the current price list for available packaging variations."", ""colour"": ""Ambre liquid"", ""composition"": ""Polyurethane"", ""shelf_life"": ""12 months from date of production"", ""storage_conditions"": ""The Product must be stored in original, unopened and undamaged sealed packaging in dry conditions at temperatures between +5 °C and +30 °C. Always refer to the packaging. \n  Refer to the current Safety Data Sheet for information on safe handling and storage.""}",Sika® Ucrete® P 460 is a two-part polyurethane primer used to prime porous and non-porous substrates before the application of Sika® Ucrete® CR 460.,Sika® Ucrete® P 460 is a two-part polyurethane primer used to prime porous and non-porous substrates before the application of Sika® Ucrete® CR 460.,,https://gcc.sika.com/dam/dms/gcc/v/pds-sika-ucrete-p460.pdf,,,https://gcc.sika.com/en/construction/sealing-bonding/floor-joints-sealant/sika-ucrete-p-460.html
Sika,Sikaflex®-2c NS EZ Mix,2C,Sealing Bonding,Floor Joints Sealant,"{""peel strength concrete"": ""Adhesion loss"", ""sikaflex-2c ns"": ""4–6"", ""packaging"": ""5.7 L unit and 11.4 L units (1.5 and 3 US gal. units)"", ""colour"": ""A wide range of architectural colors are available. Special colors available on request."", ""shelf_life"": ""12 months in original, unopened containers."", ""storage_conditions"": ""Store dry at 4–35 °C \n  Condition material to 18–24 °C before using.""}","Sikaflex®-2c NS EZ Mix is a 2-component, premium-grade, polyurethane-based, elastomeric sealant. It is principally a chemical cure in a non-sag consistency. Meets ASTM C 920, Type S, Grade NS, Class 25, use T, NT, M, G, A, O, I and Federal specification TT-S-00230 C Type II, Class A. Meets Canada Standard CAN/CGSB 19.24 - M90.","Sikaflex®-2c NS EZ Mix is a 2-component, premium-grade, polyurethane-based, elastomeric sealant. It is principally a chemical cure in a non-sag consistency. Meets ASTM C 920, Type S, Grade NS, Class 25, use T, NT, M, G, A, O, I and Federal specification TT-S-00230 C Type II, Class A. Meets Canada Standard CAN/CGSB 19.24 - M90. 5.7 L unit and 11.4 L units (1.5 and 3 US gal. units) A wide range of architectural colors are available.",,https://gcc.sika.com/dam/dms/gcc/t/pds-sikaflex-2cnsezmix.pdf,,,https://gcc.sika.com/en/construction/sealing-bonding/floor-joints-sealant/sikaflex-2c-ns-ezmix.html
Sika,Sikasil® SL 189,189,Sealing Bonding,Floor Joints Sealant,"{""shore 00"": ""Cured 25 days at +23 °C and 50 % R.H."", ""cured at 50  5  rh measured at 150 elongation at 23 c"": ""0.05 N/mm"", ""loss of volume"": ""< 2 %"", ""75"": ""(EN ISO 7389)"", ""10050"": ""(ASTM C719)"", ""maximum"": ""+40 °C"", ""minimum"": ""+5 °C"", ""750"": ""(ISO 37)"", ""21 days"": ""(CQP049-2)"", ""at 23 c and 50  rh"": ""60 min"", ""5 hours"": ""(EN 14187-2)"", ""packaging"": ""600 mL sausage and 857 mL cartridge. Bulk pack on request."", ""colour"": ""Dark grey"", ""composition"": ""Silicone"", ""shelf_life"": ""12 months from date of production"", ""storage_conditions"": ""The Product must be stored in original, unopened and undamaged sealed packaging in dry conditions at temperatures between +5 °C and +25 °C. Always refer to the packaging.\n  Refer to the current Safety Data Sheet for information on safe handling and storage."", ""density"": ""~1.3 kg/l  (ISO 1183-1)""}","Sikasil® SL 189 is a high performance, one-part, moisture curing silicone construction sealant. The Product offers ultra-low modulus, fuel and UV resistant, elastomeric seal. The ultra-low modulus minimises the strain on the asphaltic joint face, which is necessary due to the low tensile strength of asphaltic paving materials.","Sikasil® SL 189 is a high performance, one-part, moisture curing silicone construction sealant. The Product offers ultra-low modulus, fuel and UV resistant, elastomeric seal. The ultra-low modulus minimises the strain on the asphaltic joint face, which is necessary due to the low tensile strength of asphaltic paving materials. 600 mL sausage and 857 mL cartridge. Bulk pack on request.",,https://gcc.sika.com/dam/dms/gcc/f/pds-sikasil-sl-189.pdf,,,https://gcc.sika.com/en/construction/sealing-bonding/floor-joints-sealant/sikasil-sl-189.html
Sika,SikaSeal®-450 GG,450,Sealing Bonding,Floor Joints Sealant,"{""a component"": ""~5.9 kg"", ""b component"": ""~0.5 kg"", ""initial cure time for light traffic"": ""Final cure for water immersion"", ""24 h at 23c"": ""14 days (at 23°C)"", ""joint length m per 1 l"": ""Joint width [mm]"", ""packaging"": ""Ready to mix packing  A component~5.9 kgB component~0.5 kg"", ""colour"": ""Grey"", ""shelf_life"": ""12 months from the date of production, if it is stored in undamaged, original, sealed packaging, and if the storage conditions are met."", ""storage_conditions"": ""SikaSeal®-450 GG shall be stored in dry conditions, where it is protected from direct sunlight and at temperatures between +5°C and +30°C."", ""viscosity"": ""Thixotropic paste""}","SikaSeal®-450 GG is polysulphide based sealant possessing good resistance to deterioration due to weathering, ozone and UV light.","SikaSeal®-450 GG is polysulphide based sealant possessing good resistance to deterioration due to weathering, ozone and UV light. 12 months from the date of production, if it is stored in undamaged, original, sealed packaging, and if the storage conditions are met. SikaSeal®-450 GG shall be stored in dry conditions, where it is protected from direct sunlight and at temperatures between +5°C and +30°C.",,https://gcc.sika.com/dam/dms/gcc/k/pds-sikaseala-450gg.pdf,,,https://gcc.sika.com/en/construction/sealing-bonding/floor-joints-sealant/sikaseal-450-gg.html
Sika,Sikaflex® PRO-3 SL,3,Sealing Bonding,Floor Joints Sealant,"{""140 kgl"": ""(ISO 1183-1)"", ""045 nmm"": ""(ISO 8339)"", ""90"": ""(ISO 7389)"", ""80 nmm"": ""(ISO 34)"", ""35"": ""(ASTM C 719)"", ""35 mm  24 h 23 c  50  rh"": ""(CQP 049-2)"", ""100 min 23 c  50  rh"": ""(CQP 019-1)"", ""joint length m per 600 ml foil pack"": ""Joint width [mm]"", ""packaging"": ""600 mL foil pack, 20 foil packs per box"", ""colour"": ""Concrete grey (further colours available upon request)"", ""composition"": ""i-Cure® Technology polyurethane"", ""shelf_life"": ""Sikaflex® PRO-3 SL has a shelf life of 15 months from the date of production, if it is stored in undamaged, original, sealed packaging, and if the storage conditions are met."", ""storage_conditions"": ""Sikaflex® PRO-3 SL shall be stored in dry conditions, where it is protected from direct sunlight and at temperatures between +5 °C and +25 °C."", ""density"": ""~1.40 kg/l  (ISO 1183-1)""}","Sikaflex® PRO-3 SL is a 1-component, moisture-curing, self-leveling, elastic joint sealant with high mechanical and chemical resistance. Suitable for use in hot and tropical climatic conditions.","Sikaflex® PRO-3 SL is a 1-component, moisture-curing, self-leveling, elastic joint sealant with high mechanical and chemical resistance. Suitable for use in hot and tropical climatic conditions. Concrete grey (further colours available upon request)",,,,,https://gcc.sika.com/en/construction/sealing-bonding/floor-joints-sealant/sikaflex-pro-3-sl.html
Sika,SikaSeal®-470 PG Plus,470,Sealing Bonding,Floor Joints Sealant,"{""initial cure time for light traffic"": ""Final cure for chemical attack or water immersion"", ""24 h at 25 c"": ""~14 days (at 25 °C)"", ""packaging"": ""Ready to mix 5 L packing (Comp. A + Comp. B)"", ""colour"": ""Pourable liquid available in black or grey colour"", ""shelf_life"": ""12 months from production date"", ""storage_conditions"": ""SikaSeal®-470 PG Plus shall be stored in dry conditions, where it is protected from direct sunlight and at temperatures between +5 °C and +25 °C."", ""density"": ""~1.60 kg/l (at 25 °C)""}","SikaSeal®-470 PG Plus is a high grade, chemically curing, two component polysulphide based sealant that forms a tough, flexible, durable, rubber like material which adheres to most common construction surfaces and provides fully weatherproof seal in joints subject to a high degree of deformation or continuous cyclic movement.","SikaSeal®-470 PG Plus is a high grade, chemically curing, two component polysulphide based sealant that forms a tough, flexible, durable, rubber like material which adheres to most common construction surfaces and provides fully weatherproof seal in joints subject to a high degree of deformation or continuous cyclic movement. SikaSeal®-470 PG Plus shall be stored in dry conditions, where it is protected from direct sunlight and at temperatures between +5 °C and +25 °C.",,https://gcc.sika.com/dam/dms/gcc/f/pds-sikaseal-470pgplus.pdf,,,https://gcc.sika.com/en/construction/sealing-bonding/floor-joints-sealant/sikaseal-470-pgplus.html
Sika,Sikaflex®-2c SL,2C,Sealing Bonding,Floor Joints Sealant,"{""peel strength concrete"": ""Adhesion loss"", ""joint length m"": ""Joint width (mm)"", ""packaging"": ""5.7 L unit and 11.4 L units (1.5 and 3 US gal. units) \n  Color-pak is purchased separately. \n  Limestone Gray color available pre-pigmented."", ""colour"": ""A wide range of architectural colors are available. \n  Special colors available on request."", ""shelf_life"": ""12 months in original, unopened containers."", ""storage_conditions"": ""Store dry at 5–35 °C Condition material to 18–24 °C before using.""}","Sikaflex®-2c SL is a 2-component, premium-grade, polyurethane-based, elastomeric sealant. It is principally a chemical cure in a self-leveling consistency.","Sikaflex®-2c SL is a 2-component, premium-grade, polyurethane-based, elastomeric sealant. It is principally a chemical cure in a self-leveling consistency. 5.7 L unit and 11.4 L units (1.5 and 3 US gal. units) A wide range of architectural colors are available.",,https://gcc.sika.com/dam/dms/gcc/h/pds-sikaflex-2csl.pdf,,,https://gcc.sika.com/en/construction/sealing-bonding/floor-joints-sealant/sikaflex-2c-sl.html
Sika,SikaSeal®-470 GG Plus,470,Sealing Bonding,Floor Joints Sealant,"{""initial cure time for light traffic"": ""Final cure for chemical attack or water immersion"", ""24 h at 25 c"": ""~14 days (at 25 °C)"", ""packaging"": ""Ready to mix 4 L packing (Comp. A + Comp. B)"", ""colour"": ""Thixotropic paste available in black or grey colour"", ""shelf_life"": ""12 months from production date"", ""storage_conditions"": ""SikaSeal®-470 GG Plus shall be stored in dry conditions, where it is protected from direct sunlight and at temperatures between +5 °C and +25 °C."", ""density"": ""~1.60 kg/l (at 25 °C)""}","SikaSeal®-470 GG Plus is a high grade, chemically curing, two component polysulphide based sealant that forms a tough, flexible, durable, rubber like material which adheres to most common construction surfaces and provides weatherproof seal in joints subject to a high degree of deformation or continuous cyclic movement.","SikaSeal®-470 GG Plus is a high grade, chemically curing, two component polysulphide based sealant that forms a tough, flexible, durable, rubber like material which adheres to most common construction surfaces and provides weatherproof seal in joints subject to a high degree of deformation or continuous cyclic movement. Thixotropic paste available in black or grey colour SikaSeal®-470 GG Plus shall be stored in dry conditions, where it is protected from direct sunlight and at temperatures between +5 °C and +25 °C.",,https://gcc.sika.com/dam/dms/gcc/t/pds-sikaseal-470ggplus.pdf,,,https://gcc.sika.com/en/construction/sealing-bonding/floor-joints-sealant/sikaseal-470-ggplus.html
Sika,SikaSeal®-490 SL,490,Sealing Bonding,Floor Joints Sealant,"{""5 l kit"": ""18 L kit"", ""159 gcm³ mixed"": ""(ASTM D 1475)"", ""18 nmm"": ""~1.1 N/mm"", ""pedestrian walking"": ""Vehicle movement"", ""12 - 16 h"": ""24 h"", ""joint length m per 1 l"": ""Joint width (mm)"", ""packaging"": ""5 L kit 18 L kit"", ""colour"": ""Dark grey"", ""shelf_life"": ""SikaSeal®-490 SL has a shelf life of 12 months from the date of production, if it is stored in undamaged, original, sealed packaging, and if the storage conditions are met."", ""storage_conditions"": ""SikaSeal®-490 SL shall be stored in dry conditons, where it is protected from direct sunlight and at temperatures between +5°C and +25°C."", ""density"": ""1.59 g/cm³ (mixed)(ASTM D 1475)""}","SikaSeal®-490 SL is a high performance, two-component specially engineered sealant, based on hybrid polymer chemistry. It has excellent hydrolytic, jet fuel and UV resistant properties.","SikaSeal®-490 SL is a high performance, two-component specially engineered sealant, based on hybrid polymer chemistry. It has excellent hydrolytic, jet fuel and UV resistant properties. SikaSeal®-490 SL has a shelf life of 12 months from the date of production, if it is stored in undamaged, original, sealed packaging, and if the storage conditions are met. SikaSeal®-490 SL shall be stored in dry conditons, where it is protected from direct sunlight and at temperatures between +5°C and +25°C.",,https://gcc.sika.com/dam/dms/gcc/m/pds-sikaseal-490sl.pdf,,,https://gcc.sika.com/en/construction/sealing-bonding/floor-joints-sealant/sikaseal-490-sl.html
Sika,Sikasil®-728 SL,728,Sealing Bonding,Floor Joints Sealant,"{""40 shore oo 21 d"": ""(ASTM C 661, ASTM D 2240, ISO 868)"", ""0 no cracks"": ""(ASTM C 793)"", ""35 mmd"": ""(CQP 049-2)"", ""packaging"": ""858 mL cartridge, 12 cartridges per box \n  600 mL foil pack, 20 foil packs per box \n  17 L pail \n  197 L drum"", ""colour"": ""Limestone"", ""composition"": ""Neutral cure silicone"", ""shelf_life"": ""Sikasil®-728 SL has a shelf life of 12 months from the date of production, if it is stored properly in undamaged, original, sealed packaging, and if the storage conditions are met."", ""storage_conditions"": ""Sikasil®-728 SL shall be stored in dry conditions, where it is protected from direct sunlight and at temperatures between +5 °C and +25 °C."", ""density"": ""~1.25 kg/l  (ISO 1183-1)""}","Sikasil®-728 SL is a self-leveling, 1-component, ultra-low modulus, elastomeric, neutral cure silicone sealant. Suitable for use in hot and tropical climatic conditions.","Sikasil®-728 SL is a self-leveling, 1-component, ultra-low modulus, elastomeric, neutral cure silicone sealant. Suitable for use in hot and tropical climatic conditions.",,,,,https://gcc.sika.com/en/construction/sealing-bonding/floor-joints-sealant/sikasil-728-sl.html
Sika,Sikasil®-670 Fire,670,Sealing Bonding,Floor Joints Sealant,"{""030 nmm"": ""(ISO 8339)"", ""70"": ""(ISO 7389)"", ""40 nmm"": ""(ISO 34)"", ""35"": ""(ASTM C 719)"", ""25"": ""(ISO 9047)"", ""2 mm 20 mm profile 50 c"": ""(ISO 7390)"", ""2 mm24 h 23 c  50  rh"": ""(CQP 049-2)"", ""25 min 23 c  50  rh"": ""(CQP 019-1)"", ""packaging"": ""600 mL foil pack, 12 foil packs per box 300 mL cartridge, 12 cartridges per box"", ""colour"": ""White, grey, black"", ""composition"": ""Neutral cure silicone"", ""shelf_life"": ""Sikasil®-670 Fire has a shelf life of 10 months from the date of production, if it is stored in undamaged, original, sealed packaging, and if the storage conditions are met."", ""storage_conditions"": ""Sikasil®-670 Fire shall be stored in dry conditions, where it is protected from direct sunlight and at temperatures between +5 °C and +25 °C."", ""density"": ""~1.35 kg/l  (ISO 1183-1)""}","Sikasil®-670 Fire is a fire rated, silicone based, 1-component, UV-stable, moisture-curing, low-modulus elastic joint sealant. Suitable for use in hot and tropical climatic conditions.","Sikasil®-670 Fire is a fire rated, silicone based, 1-component, UV-stable, moisture-curing, low-modulus elastic joint sealant. Suitable for use in hot and tropical climatic conditions.",,,,,https://gcc.sika.com/en/construction/sealing-bonding/floor-joints-sealant/sikasil-670-fire.html
Sika,SikaWall® FL 100,100,Refurbishment,Wall Facade System,"{""binders"": ""Fillers"", ""styrene acrylate"": ""Fine precisely graded fillers"", ""packaging"": ""25 kg units"", ""colour"": ""White"", ""composition"": ""BindersFillersStyrene acrylateFine precisely graded fillers"", ""shelf_life"": ""12 months from production date"", ""storage_conditions"": ""Store in undamaged, unopened, original sealed packaging in dry conditions at temperatures between +5°C and +25°C. Protect from direct sunlight, heat and moisture."", ""density"": ""~1.70 kg/l (at 25°C)""}","SikaWall® FL 100 is a ready to use filler for use on all common building surfaces. It gives a high quality, even surface for painting.","SikaWall® FL 100 is a ready to use filler for use on all common building surfaces. It gives a high quality, even surface for painting. Store in undamaged, unopened, original sealed packaging in dry conditions at temperatures between +5°C and +25°C. Protect from direct sunlight, heat and moisture.",,https://gcc.sika.com/dam/dms/gcc/j/pds-sikawall-fl-100.pdf,,,https://gcc.sika.com/en/construction/refurbishment/wall-facade-system/sikawall-fl-100.html
Sika,Sikagard®-1816,1816,Refurbishment,Concrete Protection,"{""packaging"": ""10 L unit (Part A + Part B) \n  Part A - Pigmented base \n  Part B - Hardener"", ""colour"": ""High gloss, heavy bodied, ultra dense surface.Standard colors are window grey and black."", ""composition"": ""Epoxy polysulfide resin"", ""shelf_life"": ""6 months from production date"", ""storage_conditions"": ""Sikagard®-1816 shall be stored in dry conditions, where it is protected from direct sunlight and at temperatures between +5 °C and +25 °C."", ""density"": ""~1.23 kg/l (mixed, at 25 °C)""}","Sikagard®-1816 is a protective, flexible, high build epoxy polysulfide resin coating, specifically developed for applications in areas where contact with potable water storage tanks or foodstuffs is envisaged.","Sikagard®-1816 is a protective, flexible, high build epoxy polysulfide resin coating, specifically developed for applications in areas where contact with potable water storage tanks or foodstuffs is envisaged.",,https://gcc.sika.com/dam/dms/gcc/2/pds-sikagard-1816.pdf,,,https://gcc.sika.com/en/construction/refurbishment/concrete-protection/sikagard-1816.html
Sika,Sikagard® P 770,770,Refurbishment,Concrete Protection,"{""part a"": ""approx. 1140 mPas"", ""part b"": ""approx. 125 mPas"", ""mixed"": ""approx. 650 mPas"", ""on concrete at 5c"": ""≥ 4.0 N/mm²"", ""on concrete at 20c"": ""≥ 4.0 N/mm²"", ""on concrete at 30c"": ""≥ 4.0 N/mm²"", ""on fully vitrified tiles"": ""≥ 2.0 N/mm²"", ""on vitrified tiles"": ""≥ 5.0 N/mm²"", ""on non-vitrified tiles glazed tiles"": ""≥ 2.5 N/mm²"", ""glass transition temperature after 28 days"": ""109 °C"", ""coverage 200 gm²"": ""Class III (S"", ""coverage 400 gm²"": ""Class III (S"", ""mixing ratio part a  part b by weight"": ""approx. 1 : 1.26"", ""mixing ratio part a  part b by volume"": ""approx. 1 : 1.35"", ""at 5 c"": ""approx. 30 min"", ""at 10 c"": ""approx. 11 hours"", ""at 20 c"": ""approx. 5 hours"", ""at 30 c"": ""approx. 2 hours"", ""fully cured at 10 c after"": ""approx. 7 days"", ""fully cured at 20 c after"": ""approx. 5 days"", ""fully cured at 30 c after"": ""approx. 2 days"", ""packaging"": ""Sikagard® P 770 is available in 5 kg Kits consisting of 2.2 kg Part A and 2.8 kg Part B as well as 9 kg Kits consisting of 4 kg Part A and 5 kg Part B."", ""colour"": ""Milky-ivory liquids"", ""shelf_life"": ""12 months in unopened pails if stored under below mentioned storage conditions."", ""storage_conditions"": ""Sikagard® P 770 must be stored in unopened, original containers under dry conditions at temperatures between 10 - 25° C preferably. Protect from frost and no permanent storage over +30 °C."", ""density"": ""Part Aapprox. 1.25 g/cm³Part Bapprox. 1.17 g/cm³Mixedapprox. 1.2 g/cm³"", ""viscosity"": ""Part Aapprox. 1140 mPasPart Bapprox. 125 mPasMixedapprox. 650 mPas""}","Sikagard® P 770 is a two-component primer based on Xolutec® - Technology, providing high substrate penetration and acting as bond promoter for the subsequent systems, e.g. Sikagard®-7000 CR. Xolutec is an innovative and smart way of combining complementary chemistries. When the material is mixed on site a cross linked interpenetrating network (XPN) is formed enhancing the overall material properties. By controlling the cross-linking density, the properties of Xolutec can be adjusted depending on the product performance required, e.g. this allows the formulation of materials with varying degrees of toughness and flexibility. Xolutec is very low in volatile organic components (VOC), is quick and easy to apply with both spray and hand application depending on requirements. It cures rapidly even at low temperature, reducing application time thus enabling fast return to service and minimizing downtime. This technology is not sensitive to moisture and tolerates a wide variety of different site conditions, greatly expanding the application window and reducing the potential for delays and failures. Long maintenance cycles and lower life cycle costs significantly reduce total cost of ownership.","Sikagard® P 770 is a two-component primer based on Xolutec® - Technology, providing high substrate penetration and acting as bond promoter for the subsequent systems, e.g. Sikagard®-7000 CR. Xolutec is an innovative and smart way of combining complementary chemistries. When the material is mixed on site a cross linked interpenetrating network (XPN) is formed enhancing the overall material properties. By controlling the cross-linking density, the properties of Xolutec can be adjusted depending on the product performance required, e.g. this allows the formulation of materials with varying degrees of toughness and flexibility. Xolutec is very low in volatile organic components (VOC), is quick and easy to apply with both spray and hand application depending on requirements. It cures rapidly even at low temperature, reducing application time thus enabling fast return to service and minimizing downtime. This technology is not sensitive to moisture and tolerates a wide variety of different site conditions, greatly expanding the application window and reducing the potential for delays and failures. Long maintenance cycles and lower life cycle costs significantly reduce total cost of ownership. Sikagard® P 770 is available in 5 kg Kits consisting of 2.2 kg Part A and 2.8 kg Part B as well as 9 kg Kits consisting of 4 kg Part A and 5 kg Part B. CE Certification as Primer for Sikagard M 790 in the system Sikagard-7000 CR according to EN 1504-2. Radon tightness certificate according ISO TS 11665-13.",,https://gcc.sika.com/dam/dms/gcc/7/pds-sikagard-p-770.pdf,,,https://gcc.sika.com/en/construction/refurbishment/concrete-protection/sikagard-p-770.html
Sika,Sika® FerroGard®-710 Reba,710R,Refurbishment,Concrete Protection,"{""packaging"": ""25 anodes per box"", ""colour"": ""Zinc anode core surrounded by an activating mortar casing  with two integral conducting tie wires"", ""composition"": ""Zinc alloy compound and mortar casing of pH &gt;14"", ""shelf_life"": ""5 years from date of production"", ""storage_conditions"": ""Product must be stored in original, unopened and undamaged sealed packaging in dry conditions at temperatures between +5 °C and +30 °C. Always refer to packaging. Do not allow contact with oxidizing materials."", ""current_density"": ""&gt;0,2–2 mA/m2* in corrosive environment \n  *Dependent on local conditions, including chloride concentration, concrete properties, humidity and temperature.""}",Sika® FerroGard®-710 Reba is a zinc based discrete sacrificial anode placed inside a concrete repaired area in reinforced concrete structures which are corroding as a result of chloride ingress. Sika® FerroGard®-710 Reba anodes are placed along the perimeter of the repair area and fixed to the reinforcement prior to the application of a concrete repair system. The reinforcement outside the repaired area is at greatest corrosion risk owing to the passive condition of the reinforcement within the repaired area. Sika® FerroGard®-710 Reba anodes corrode preferentially to the surrounding reinforcement offering protection against incipient corrosion damage. Sika® FerroGard®-710 Reba can also be placed at specific positions on steel reinforcement stirrups when used in new construction to prevent corrosion in marine environments.,Sika® FerroGard®-710 Reba is a zinc based discrete sacrificial anode placed inside a concrete repaired area in reinforced concrete structures which are corroding as a result of chloride ingress. Sika® FerroGard®-710 Reba anodes are placed along the perimeter of the repair area and fixed to the reinforcement prior to the application of a concrete repair system. The reinforcement outside the repaired area is at greatest corrosion risk owing to the passive condition of the reinforcement within the repaired area. Sika® FerroGard®-710 Reba anodes corrode preferentially to the surrounding reinforcement offering protection against incipient corrosion damage. Sika® FerroGard®-710 Reba can also be placed at specific positions on steel reinforcement stirrups when used in new construction to prevent corrosion in marine environments. Zinc anode core surrounded by an activating mortar casing with two integral conducting tie wires,,,,,https://gcc.sika.com/en/construction/refurbishment/concrete-protection/sika-ferrogard-710reba.html
Sika,Sikagard®-520 W,520,Refurbishment,Concrete Protection,"{""top coat"": ""Sikagard®-520 W"", ""sikagard-520 w"": ""~0.10 - 0.20 kg/m"", ""packaging"": ""20 kg pail"", ""colour"": ""Coloured liquid, available in many colours. Please refer to Sika's Colour chart."", ""shelf_life"": ""12 months from date of production"", ""storage_conditions"": ""Store in cool, dry conditions in original, undamaged sealed packaging and at temperatures between +5 °C and +35 °C. Protect from direct sunlight, heat and moisture."", ""density"": ""~1.22 kg/l (25 °C)""}","Sikagard®-520 W is a one component, plasto-elastic coating based on acrylic dispersion with crack-bridging properties. It has good resistance against carbonation and ingress of chloride ions, sulphates and oxygen. Suitable for use in hot and tropical climatic conditions.","Sikagard®-520 W is a one component, plasto-elastic coating based on acrylic dispersion with crack-bridging properties. It has good resistance against carbonation and ingress of chloride ions, sulphates and oxygen. Suitable for use in hot and tropical climatic conditions. Coloured liquid, available in many colours. Please refer to Sika's Colour chart. Store in cool, dry conditions in original, undamaged sealed packaging and at temperatures between +5 °C and +35 °C. Protect from direct sunlight, heat and moisture.",,,,,https://gcc.sika.com/en/construction/refurbishment/concrete-protection/sikagard-520-w.html
Sika,Sika® FerroGard®-675,675,Refurbishment,Concrete Protection,"{""packaging"": ""24 anodes per box"", ""colour"": ""Zinc anode core surrounded by a proprietary mortar casing with two integral conducting galvanised tie wires"", ""shelf_life"": ""5 years from date of production"", ""storage_conditions"": ""Product must be stored in original, unopened and undamaged sealed packaging in dry conditions at temperatures between +5 °C and +35 °C. Always refer to packaging""}",Sika® FerroGard®-675 is a zinc based discrete sacrificial anode placed inside a concrete repair area in reinforced concrete structures which are corroding as a result of chloride induced corrosion. Sika® FerroGard®-675 anodes are placed along the perimeter of the repair area and fixed to the reinforcement prior to the application of a concrete repair system. The reinforcement outside the repaired area is at greatest corrosion risk owing to the passive condition of the reinforcement within the repaired area. Sika® FerroGard®-675 anodes corrode preferentially to the surrounding reinforcement offering protection against incipient corrosion damage. Suitable for use in hot and tropical climatic condition.,"Sika® FerroGard®-675 is a zinc based discrete sacrificial anode placed inside a concrete repair area in reinforced concrete structures which are corroding as a result of chloride induced corrosion. Sika® FerroGard®-675 anodes are placed along the perimeter of the repair area and fixed to the reinforcement prior to the application of a concrete repair system. The reinforcement outside the repaired area is at greatest corrosion risk owing to the passive condition of the reinforcement within the repaired area. Sika® FerroGard®-675 anodes corrode preferentially to the surrounding reinforcement offering protection against incipient corrosion damage. Suitable for use in hot and tropical climatic condition. Zinc anode core surrounded by a proprietary mortar casing with two integral conducting galvanised tie wires Product must be stored in original, unopened and undamaged sealed packaging in dry conditions at temperatures between +5 °C and +35 °C. Always refer to packaging",,,,,https://gcc.sika.com/en/construction/refurbishment/concrete-protection/sika-ferrogard-675.html
Sika,Sikagard®-550 W Elastic (G),550,Refurbishment,Concrete Protection,"{""priming"": ""Sikagard®-552 W Aquaprimer (G)"", ""priming optional"": ""Sikagard®-700 S"", ""top coat"": ""Sikagard®-550 W Elastic (G)"", ""class b31"": ""(UNE-EN 1062-7:2004 Method B - B.3.1)"", ""sikagard-552 w aquaprimer g"": ""~0.10 - 0.15 kg/m"", ""sikagard-700 s"": ""~0.15 - 0.30 kg/m"", ""sikagard-550 w elastic g"": ""~0.25 - 0.35 kg/m"", ""packaging"": ""20 kg pail"", ""colour"": ""Thixotropic liquid, available in standard RAL colours: \n  Signal Yellow: RAL 1003, Sky Blue: RAL 5015, Traffic Green: RAL 6024, Light Grey: RAL 7035, Window Grey: RAL 7040 and Pure White: RAL 9010. \n  Other RAL colours subject to minimum product order."", ""composition"": ""Acrylate dispersion"", ""shelf_life"": ""12 months from date of production"", ""storage_conditions"": ""Store in cool, dry conditions in original, undamaged sealed packaging and at temperatures between +5°C and +30°C. Protect from direct sunlight, heat and moisture."", ""density"": ""~1.34 kg/l (20°C)"", ""viscosity"": ""~1200 Cps (25°C)""}","Sikagard®-550 W Elastic (G) is a one component, plasto-elastic coating based on acrylic dispersion with excellent crack-bridging properties. It has excellent resistance against carbonation and ingress of chloride ions, sulphates and oxygen. Suitable for use in hot and tropical climatic conditions.","Sikagard®-550 W Elastic (G) is a one component, plasto-elastic coating based on acrylic dispersion with excellent crack-bridging properties. It has excellent resistance against carbonation and ingress of chloride ions, sulphates and oxygen. Suitable for use in hot and tropical climatic conditions. Thixotropic liquid, available in standard RAL colours: Signal Yellow: RAL 1003, Sky Blue: RAL 5015, Traffic Green: RAL 6024, Light Grey: RAL 7035, Window Grey: RAL 7040 and Pure White: RAL 9010. Other RAL colours subject to minimum product order.",,,,,https://gcc.sika.com/en/construction/refurbishment/concrete-protection/sikagard-550-w-elasticg.html
Sika,Sikagard® P 659,659,Refurbishment,Concrete Protection,"{""packaging"": ""23.25 kg (17.5 L) units (Part A + Part B)"", ""colour"": ""White"", ""shelf_life"": ""12 months from date of production"", ""storage_conditions"": ""Store properly in original, unopened, sealed and undamaged packaging in dry conditions at temperatures between +5°C and +30°C. Protect from direct sunlight, heat and moisture."", ""density"": ""~1.33 kg/l (25°C)""}",A deep penetrating epoxy primer. For use with Sikagard® protective coating systems. Suitable for use in hot and tropical climatic conditions.,"A deep penetrating epoxy primer. For use with Sikagard® protective coating systems. Suitable for use in hot and tropical climatic conditions. Store properly in original, unopened, sealed and undamaged packaging in dry conditions at temperatures between +5°C and +30°C. Protect from direct sunlight, heat and moisture.",,https://gcc.sika.com/dam/dms/gcc/j/pds-sikagard-p-659.pdf,,,https://gcc.sika.com/en/construction/refurbishment/concrete-protection/sikagard-p-659.html
Sika,Sikagard®-1814,1814,Refurbishment,Concrete Protection,"{""packaging"": ""15 L units (Part A + Part B) \n  Part A - Pigmented base  \n  Part B - Hardener"", ""colour"": ""High gloss, heavy bodied, ultra-dense surface.Hygienic and easily cleaned.Standard colours: RAL 7035 and RAL 7040.Other colors available upon request."", ""composition"": ""Epoxy polysulfide resin"", ""shelf_life"": ""12 months from production date"", ""storage_conditions"": ""Sikagard®-1814 shall be stored in dry conditions, where it is protected from direct sunlight and at temperatures between +5°C and +25°C."", ""density"": ""~1.5 kg/l (mixed, at 25°C)""}",Sikagard®-1814 is a protective semi flexible high build epoxy polysulfide resin coating specifically developed for applications in areas where contact with wholesome water storage tanks or foodstuffs is envisaged.,Sikagard®-1814 is a protective semi flexible high build epoxy polysulfide resin coating specifically developed for applications in areas where contact with wholesome water storage tanks or foodstuffs is envisaged.,,https://gcc.sika.com/dam/dms/gcc/7/pds-sikagard-1814.pdf,,,https://gcc.sika.com/en/construction/refurbishment/concrete-protection/sikagard-1814.html
Sika,Sikagard® C Glass,,Refurbishment,Concrete Protection,"{""packaging"": ""Supplied in rolls of different dimensions as per the material density. \n  Packaging specifications may be subject to change from time to time due to practical considerations. Please consult Sika's commercial office for exact packaging specifications."", ""shelf_life"": ""Product does not expire if correctly stored"", ""storage_conditions"": ""Store in a shaded, dry area in original sealed packaging and at temperatures between +5°C and +35°C. Protect from direct sunlight, heat and moisture.""}","A fiberglass product used to reinforce and control thickness of resin rich systems to form a tough glass fiber reinforced composite system. The resulting improvements in surface finish, impact and abrasion resistance, and excellent chemical resistance, ultimately to prevent ingress of corrosive elements, thus enhancing the quality and durability of the finished system. It is available in a range of grades to suit different perofrmance requirements.","A fiberglass product used to reinforce and control thickness of resin rich systems to form a tough glass fiber reinforced composite system. The resulting improvements in surface finish, impact and abrasion resistance, and excellent chemical resistance, ultimately to prevent ingress of corrosive elements, thus enhancing the quality and durability of the finished system. It is available in a range of grades to suit different perofrmance requirements. Store in a shaded, dry area in original sealed packaging and at temperatures between +5°C and +35°C. Protect from direct sunlight, heat and moisture. Cut the Sikagard® C-Glass mesh according to the structural dimensions. Include an overlapping width of approx.10 cm. Put the Sikagard® C-Glass mesh into the embedding layer by hand and embed it with a plastic trowel. Using a solid roller press Sikagard® C-Glass mesh evenly and uniformly to impregnate the resin. Please ensure no air bubbles entrapped within the mesh and coating system. Make sure that the Sikagard® C-Glass mesh overlaps by approx. 10 cm. Sikagard® C-Glass mesh and substrate must be completely wetted with the resin. The consumption of the resin may vary as per the density of the Sikagard® C Glass. Remove any excess resin. After embedding the Sikagard® C-Glass, reroll the whole surface with new mixed resin. This can be done wet-on-wet or on the next day. The applied surface must be free of air voids. Multiple layer application can be carried out using the above sequence of application.",,https://gcc.sika.com/dam/dms/gcc/l/pds-sikagard-c-glass.pdf,,,https://gcc.sika.com/en/construction/refurbishment/concrete-protection/sikagard-c-glass.html
Sika,Sika® FerroGard®-650,650,Refurbishment,Concrete Protection,"{""packaging"": ""30 anodes per box"", ""colour"": ""Zinc anode core surrounded by a proprietary mortar casing with two integral conducting galvanised tie wires"", ""shelf_life"": ""5 years from date of production"", ""storage_conditions"": ""Product must be stored in original, unopened and undamaged packaging in dry conditions at temperatures between +5 °C and +35 °C. Always refer to packaging.""}",Sika® FerroGard®-650 is a zinc based discrete sacrificial anode placed inside a concrete repair area in reinforced concrete structures which are corroding as a result of chloride induced corrosion. Sika® FerroGard®-650 anodes are placed along the perimeter of the repair area and fixed to the reinforcement prior to the application of a concrete repair system. The reinforcement outside the repaired area is at greatest corrosion risk owing to the passive condition of the reinforcement within the repaired area. Sika® FerroGard®-650 anodes corrode preferentially to the surrounding reinforcement offering protection against incipient corrosion damage. Sika® FerroGard®-650 can also be placed at specific positions on steel reinforcement stirrups when used in new construction to prevent corrosion in marine environments. Suitable to use in hot and tropical climatic conditions.,"Sika® FerroGard®-650 is a zinc based discrete sacrificial anode placed inside a concrete repair area in reinforced concrete structures which are corroding as a result of chloride induced corrosion. Sika® FerroGard®-650 anodes are placed along the perimeter of the repair area and fixed to the reinforcement prior to the application of a concrete repair system. The reinforcement outside the repaired area is at greatest corrosion risk owing to the passive condition of the reinforcement within the repaired area. Sika® FerroGard®-650 anodes corrode preferentially to the surrounding reinforcement offering protection against incipient corrosion damage. Sika® FerroGard®-650 can also be placed at specific positions on steel reinforcement stirrups when used in new construction to prevent corrosion in marine environments. Suitable to use in hot and tropical climatic conditions. Zinc anode core surrounded by a proprietary mortar casing with two integral conducting galvanised tie wires Product must be stored in original, unopened and undamaged packaging in dry conditions at temperatures between +5 °C and +35 °C. Always refer to packaging.",,,,,https://gcc.sika.com/en/construction/refurbishment/concrete-protection/sika-ferrogard-650.html
Sika,Sika® FerroGard®-500 Crete,500C,Refurbishment,Concrete Protection,"{""packaging"": ""380 ml cartridge, 20 units per box"", ""colour"": ""Light grey paste"", ""composition"": ""Slaked lime, water, inorganic fillers"", ""shelf_life"": ""12 months from date of production"", ""storage_conditions"": ""Product must be stored in original, unopened and undamaged sealed packaging in dry conditions at temperatures between +5 °C and +30 °C. Protect from heat, direct sunlight and moisture.""}","The Sika® FerroGard®-500 Crete is a 1-part, pre-mixed mortar packaged in a sealant cartridge. The Sika® FerroGard®-500 Crete mortar is used in the installation of the galvanic Sika® FerroGard® Patch and Sika® FerroGard® Patch CC anode units. The cure time and physical properties have been designed to simplify installation and optimise performance. Suitable for tropical and hot climatic conditions.","The Sika® FerroGard®-500 Crete is a 1-part, pre-mixed mortar packaged in a sealant cartridge. The Sika® FerroGard®-500 Crete mortar is used in the installation of the galvanic Sika® FerroGard® Patch and Sika® FerroGard® Patch CC anode units. The cure time and physical properties have been designed to simplify installation and optimise performance. Suitable for tropical and hot climatic conditions.",,,,,https://gcc.sika.com/en/construction/refurbishment/concrete-protection/sika-ferrogard-500crete.html
Sika,Sika® FerroGard®-903 Plus,903P,Refurbishment,Concrete Protection,"{""packaging"": ""20 L cans and 200 L drums"", ""colour"": ""Transparent liquid, colourless to slightly yellowish."", ""composition"": ""Aqueous solution of amino alcohols and salts of amino alcohols"", ""shelf_life"": ""24 months from date of production."", ""storage_conditions"": ""Store in a cool environment. In case of frost (&lt; -5 °C), reversible crystallisation may occur. If this happens, let the product warm up at room temperature (+15 to +25 °C), then stir well to re-dissolve the crystals. Protect from direct sunlight, heat and moisture."", ""density"": ""~1.05 (+20 °C)"", ""ph-value"": ""~10"", ""viscosity"": ""~20 mPa.s s (Brookfield RVT, spindle 2, 100 rpm, 23 °C)""}","Sika® FerroGard®-903 Plus is a surface applied mixed corrosion inhibitor, designed for use as an impregnation of steel reinforced concrete. Sika® FerroGard®-903 Plus is based on organic compounds. Sika® FerroGard®-903 Plus penetrates the concrete and forms a protective monomolecular layer on the surface of the reinforcing steel. Sika® FerroGard®-903 Plus both delays the start of corrosion and reduces the corrosion rate. Corrosion protection with Sika® FerroGard®-903 Plus increases the service and maintenance life cycles by up to 15 years when used as a part of a complete Sika Concrete Repair and Protection System. Suitable for use in hot and tropical climatic conditions.","Sika® FerroGard®-903 Plus is a surface applied mixed corrosion inhibitor, designed for use as an impregnation of steel reinforced concrete. Sika® FerroGard®-903 Plus is based on organic compounds. Sika® FerroGard®-903 Plus penetrates the concrete and forms a protective monomolecular layer on the surface of the reinforcing steel. Sika® FerroGard®-903 Plus both delays the start of corrosion and reduces the corrosion rate. Corrosion protection with Sika® FerroGard®-903 Plus increases the service and maintenance life cycles by up to 15 years when used as a part of a complete Sika Concrete Repair and Protection System. Suitable for use in hot and tropical climatic conditions. Transparent liquid, colourless to slightly yellowish. Aqueous solution of amino alcohols and salts of amino alcohols",,,,,https://gcc.sika.com/en/construction/refurbishment/concrete-protection/sika-ferrogard-903plus.html
Sika,Sikagard®-552 W Aquaprimer (G),552,Refurbishment,Concrete Protection,"{""substrate temperature"": ""Time"", ""8 c"": ""12 h"", ""35 c"": ""2.5 h"", ""packaging"": ""20 L plastic pail"", ""colour"": ""Liquid / milky white"", ""composition"": ""Acrylate dispersion"", ""shelf_life"": ""12 months from date of production."", ""storage_conditions"": ""Store in original unopened packaging in cool and dry conditions between 5 °C and 35 °C. Protect from direct sunlight, heat and moisture."", ""density"": ""~1.0 kg/l (at +20 °C)""}",Sikagard®-552 W Aquaprimer (G) is a one part water dispersed adhesion promoting primer for water dispersed polymer paint coatings. Suitable for use in hot and tropical climatic conditions.,Sikagard®-552 W Aquaprimer (G) is a one part water dispersed adhesion promoting primer for water dispersed polymer paint coatings. Suitable for use in hot and tropical climatic conditions. Sikagard®-552 W Aquaprimer (G) follows the requirements of EN 1504-2,,,,,https://gcc.sika.com/en/construction/refurbishment/concrete-protection/sikagard-552-w-aquaprimerg.html
Sika,Sikagard® M 790,790,Refurbishment,Concrete Protection,"{""part a"": ""approx. 1.27 g/cm³"", ""part b"": ""approx. 1.15 g/cm³"", ""mixed"": ""approx. 1.2 g/cm³"", ""mixed product"": ""approx. 2800 mPas"", ""taber test mass loss"": ""194 mg"", ""bca test thickness loss"": ""< 10 µm (= class AR 0,5)"", ""dynamic friction test for rubber wheel traffic stuttgarter gerät"": ""Assessment"", ""20000 cycles dry"": ""no abrasion of material"", ""20000 cycles wet"": ""no abrasion of material"", ""at 23 c"": ""class B3.1"", ""at 70 c dry curing"": ""> 0.25 mm (class A2)"", ""at -10 c"": ""class B2"", ""dry concrete after 28d"": ""2.9 N/mm²"", ""wet concrete after 28d"": ""2.2 N/mm²"", ""steel without primer after 7d"": ""≥ 7.0 N/mm²"", ""service temperature dry"": ""- 20 to +80 ºC"", ""service temperature wet"": ""up to +60 °C"", ""00005 kgm"": ""(EN 1062-3)"", ""resistance to positive water pressure"": ""5 bar"", ""resistance to negative water pressure"": ""2.5 bar"", ""class iii s"": ""(EN ISO 7783)"", ""resistance to osmotic pressure with sikagard p 770 and sikagard-385 epocem as primers"": ""No adhesion loss and no bubble formation"", ""after 2000 h"": ""no blistering, cracking or flaking; colour change"", ""adhesion to concrete after cycling with de-icing salt immersion  thunder shower cycling"": ""2.7 N/mm²"", ""class e"": ""(EN 13501-1)"", ""at 10 c"": ""approx. 25 min"", ""at 20 c"": ""approx. 8 hours"", ""at 30 c"": ""approx. 4 hours"", ""at 5 c"": ""approx. 24 hours"", ""exposure to water pressure at 20 c after"": ""24 hours"", ""fully cured at 20 c after"": ""7 days"", ""packaging"": ""Sikagard® M 790 is available in\n  5 kg Kits consisting of 1.5 kg Part A and 3.5 kg Part B10 kg Kits consisting of 3 kg Part A and 7 kg Part B30 kg Kits consisting of 9 kg Part A and 21 kg Part B"", ""colour"": ""Part A: grey or red liquid\n  Part B: yellowish liquid"", ""shelf_life"": ""12 months in unopened pails if stored under below mentioned storage conditions."", ""storage_conditions"": ""Sikagard® M 790 must be stored in unopened, original containers under dry conditions at temperatures between 10 - 25° C preferably. Protect from frost and no permanent storage over +30 °C."", ""density"": ""Part Aapprox. 1.27 g/cm³Part Bapprox. 1.15 g/cm³Mixedapprox. 1.2 g/cm³"", ""viscosity"": ""Mixed Productapprox. 2800 mPas\n  (EN ISO 3219)""}","Sikagard® M 790 is a two-component crack-bridging membrane based on Xolutec® - Technology providing high chemical and mechanical resistance. Xolutec is an innovative and smart way of combining complementary chemistries. When the material is mixed on site a cross linked interpenetrating network (XPN) is formed enhancing the overall material properties. By controlling the cross-linking density, the properties of Xolutec can be adjusted depending on the product performance required, e.g. this allows the formulation of materials with varying degrees of toughness and flexibility. Xolutec is very low in volatile organic components (VOC), is quick and easy to apply with both spray and hand application depending on requirements. It cures rapidly even at low temperature, reducing application time thus enabling fast return to service and minimizing downtime. This technology is not sensitive to moisture and tolerates a wide variety of different site conditions, greatly expanding the application window and reducing the potential for delays and failures. Long maintenance cycles and lower life cycle costs significantly reduce total cost of ownership.","Sikagard® M 790 is a two-component crack-bridging membrane based on Xolutec® - Technology providing high chemical and mechanical resistance. Xolutec is an innovative and smart way of combining complementary chemistries. When the material is mixed on site a cross linked interpenetrating network (XPN) is formed enhancing the overall material properties. By controlling the cross-linking density, the properties of Xolutec can be adjusted depending on the product performance required, e.g. this allows the formulation of materials with varying degrees of toughness and flexibility. Xolutec is very low in volatile organic components (VOC), is quick and easy to apply with both spray and hand application depending on requirements. It cures rapidly even at low temperature, reducing application time thus enabling fast return to service and minimizing downtime. This technology is not sensitive to moisture and tolerates a wide variety of different site conditions, greatly expanding the application window and reducing the potential for delays and failures. Long maintenance cycles and lower life cycle costs significantly reduce total cost of ownership. 5 kg Kits consisting of 1.5 kg Part A and 3.5 kg Part B 10 kg Kits consisting of 3 kg Part A and 7 kg Part B 30 kg Kits consisting of 9 kg Part A and 21 kg Part B",,https://gcc.sika.com/dam/dms/gcc/z/pds-sikagard-m-790.pdf,,,https://gcc.sika.com/en/construction/refurbishment/concrete-protection/sikagard-m-790.html
Sika,Sikagard®-1812,1812,Refurbishment,Concrete Protection,"{""25c"": ""40°C"", ""4 h"": ""~1 h and 40 min"", ""8 h"": ""~4 h"", ""primer"": ""Sikagard® P 659"", ""top coat"": ""Sikagard®-1812"", ""immersion"": ""Total DFT"", ""skim coat"": ""Sikadur® ADH 2200"", ""body coat 1"": ""Sikagard®-1812"", ""body coat 2"": ""Sikagard®-1812"", ""abrasive"": ""Total DFT"", ""body coat 3"": ""Sikagard®-1812"", ""body coat 4"": ""Sikagard®-1812"", ""packaging"": ""Supplied in 27 kg (18 L) units"", ""colour"": ""Available in the following standard colours:  Black, Concrete Grey, Light Grey and White"", ""shelf_life"": ""12 months from date of production"", ""storage_conditions"": ""Store in a dry area in original sealed packaging at temperatures between +5°C and +30°C. Protect from direct sunlight, heat and moisture."", ""density"": ""~1.5 kg/l (mixed, at 23°C) (ASTM D1475)""}","Sikagard®-1812 is a two component, solvent free, highly chemical resistant, pitch free epoxy coating. Suitable for use in hot and tropical climatic conditions.","Sikagard®-1812 is a two component, solvent free, highly chemical resistant, pitch free epoxy coating. Suitable for use in hot and tropical climatic conditions.",,https://gcc.sika.com/dam/dms/gcc/b/pds-sikagard-1812.pdf,,,https://gcc.sika.com/en/construction/refurbishment/concrete-protection/sikagard-1812.html
Sika,Sikagard® PW,,Refurbishment,Concrete Protection,"{""packaging"": ""Please refer to local country price list for available packaging sizes: \n   Part A   5.6 kg containers  Part B  1.4 kg containers  Part A + B  7 kg ready to mix units  \n    \n   Part A   11.2 kg containers  Part B   2.8 kg containers  Part A + B  14 kg ready to mix units  \n    \n   Part A  16 kg containers  Part B  4 kg containers  Part A + B  20 kg ready to mix units  \n    \n   Part A  20 kg containers  Part B  5 kg containers  Part A + B  25 kg ready to mix units"", ""colour"": ""Grey and white (mixed A + B), further colours upon request"", ""composition"": ""Epoxy resin"", ""shelf_life"": ""12 months from date of production."", ""storage_conditions"": ""Store in unopened, undamaged and sealed original packaging in dry conditions at temperatures between +5 °C and +30 °C. Protect from direct sunlight, heat and moisture."", ""density"": ""~1.48 kg/l (25 °C)""}","Sikagard® PW is a two component, solvent free epoxy coating with outstanding mechanical and chemical properties. Suitable for use in hot and tropical climatic conditions.","Sikagard® PW is a two component, solvent free epoxy coating with outstanding mechanical and chemical properties. Suitable for use in hot and tropical climatic conditions. Please refer to local country price list for available packaging sizes:",,,,,https://gcc.sika.com/en/construction/refurbishment/concrete-protection/sikagard-pw.html
Sika,Sika® FerroGard®-510 Patch,510P,Refurbishment,Concrete Protection,"{""packaging"": ""25 anodes per box, vacuum packed in 5 separate pouches"", ""colour"": ""Cylindrical zinc core covered in an activated coating, separate white spacers and an integral titanium connecting wire."", ""composition"": ""Zinc compound"", ""shelf_life"": ""5 years from date of production."", ""storage_conditions"": ""Product must be stored in original, unopened and undamaged packaging in dry conditions at temperatures between +5 °C and +30 °C. Always refer to packaging. Do not allow contact with oxidizing materials. Pouches should only be opened when product is required. Any part used pouches should be re-sealed."", ""current_density"": ""&gt;0,2–2 mA/m2* in corrosive environment \n  *  Dependent on local conditions, including chloride concentration, concrete properties, humidity and temperature.""}","Sika® FerroGard®-510 Patch is a zinc based discrete sacrificial anode placed inside a concrete repaired area in reinforced concrete structures which are corroding as a result of chloride ingress and / or carbonation. Sika® FerroGard®-510 Patch anodes are placed along the perimeter of the repair area and fixed to the reinforcement prior to the application of a concrete repair system. The reinforcement outside the repaired area is at greatest corrosion risk owing to the passive condition of the reinforcement within the repaired area. Sika® FerroGard®-510 Patch anodes corrode preferentially to the surrounding reinforcement offering protection against incipient corrosion damage. In addition, standard repair mortars, bonding primers and reinforcement corrosion protection coatings can be used as Sika® FerroGard®-510 Patch is placed in the parent concrete and not within the repair mortar. Suitable for use in hot and tropical climatic conditions.","Sika® FerroGard®-510 Patch is a zinc based discrete sacrificial anode placed inside a concrete repaired area in reinforced concrete structures which are corroding as a result of chloride ingress and / or carbonation. Sika® FerroGard®-510 Patch anodes are placed along the perimeter of the repair area and fixed to the reinforcement prior to the application of a concrete repair system. The reinforcement outside the repaired area is at greatest corrosion risk owing to the passive condition of the reinforcement within the repaired area. Sika® FerroGard®-510 Patch anodes corrode preferentially to the surrounding reinforcement offering protection against incipient corrosion damage. In addition, standard repair mortars, bonding primers and reinforcement corrosion protection coatings can be used as Sika® FerroGard®-510 Patch is placed in the parent concrete and not within the repair mortar. Suitable for use in hot and tropical climatic conditions. 25 anodes per box, vacuum packed in 5 separate pouches Cylindrical zinc core covered in an activated coating, separate white spacers and an integral titanium connecting wire.",,,,,https://gcc.sika.com/en/construction/refurbishment/concrete-protection/sika-ferrogard-510patch.html
Sika,Sikagard®-700 S,700,Refurbishment,Concrete Protection,"{""packaging"": ""20 L cans and 200 L drums"", ""colour"": ""Colourless liquid"", ""composition"": ""Silanes / Siloxanes blend in organic solvent"", ""shelf_life"": ""12 months from date of production"", ""storage_conditions"": ""Store in original, unopened, sealed and undamaged packaging in dry condition at temperatures between +5 °C and +30 °C. Protect from moisture and direct sunlight."", ""density"": ""~0.800 kg/l (at +20 °C)""}","Sikagard®-700 S is a one part water repellent impregnation for absorbent cementitious substrates. It penetrates well into the open pores of the substrate, providing durable water repellency, while still allowing water vapour diffusion in both directions. Sikagard®-700 S complies with the requirements of EN 1504-2 for hydrophobic Impregnation (penetration depth class I). Suitable for use in hot and tropical climatic conditions.","Sikagard®-700 S is a one part water repellent impregnation for absorbent cementitious substrates. It penetrates well into the open pores of the substrate, providing durable water repellency, while still allowing water vapour diffusion in both directions. Sikagard®-700 S complies with the requirements of EN 1504-2 for hydrophobic Impregnation (penetration depth class I). Suitable for use in hot and tropical climatic conditions. Sikagard®-700 S is certified according ""Low Emitting Materials as per Al Sa'fat - Dubai Green Building Evaluation System"" by Dubai Central Laboratory (DCL) certificate No. CL17020432",,,,,https://gcc.sika.com/en/construction/refurbishment/concrete-protection/sikagard-700-s.html
Sika,Sikagard®-1855,1855,Refurbishment,Concrete Protection,"{""acetic acid 20"": ""Resistant"", ""nitric acid 5"": ""Resistant"", ""ethylene glycol 40"": ""Resistant"", ""copper sulphate soln 25"": ""Resistant"", ""zinc sulphate soln 25"": ""Resistant"", ""magnesium sulphate soln 25"": ""Resistant"", ""tap water"": ""Resistant"", ""sea water"": ""Resistant"", ""ground water"": ""Resistant"", ""high sulphate water"": ""Resistant"", ""distilled water"": ""Resistant"", ""packaging"": ""19 L unit"", ""colour"": ""Grey"", ""shelf_life"": ""12 months from date of production"", ""storage_conditions"": ""Store in original, unopened, sealed and undamaged packaging in dry conditions at temperatures between +15°C and +25°C. Protect from direct sunlight, heat and moisture."", ""density"": ""~1.27 kg/l (25°C) (ASTM D1475)""}","Sikagard®-1855 is a single component, water based, protective coating formulated from high performance ester/acrylic polymers, able to be applied even upon green concrete at 24 hours after placing. When cured, Sikagard®-1855 provides excellent abrasion and chemical, including acid, resistance. Suitable for use in hot and tropical climatic conditions.","Sikagard®-1855 is a single component, water based, protective coating formulated from high performance ester/acrylic polymers, able to be applied even upon green concrete at 24 hours after placing. When cured, Sikagard®-1855 provides excellent abrasion and chemical, including acid, resistance. Suitable for use in hot and tropical climatic conditions.",,https://gcc.sika.com/dam/dms/gcc/a/pds-sikagard-1855.pdf,,,https://gcc.sika.com/en/construction/refurbishment/concrete-protection/sikagard-1855.html
Sika,Sika® FerroGard®-670,670,Refurbishment,Concrete Protection,"{""packaging"": ""24 anodes per box"", ""colour"": ""Zinc anode core surrounded by a cementitious mortar casing with two integral conducting galvanised tie wires"", ""shelf_life"": ""5 years from date of production"", ""storage_conditions"": ""Product must be stored in original, unopened and undamaged sealed packaging in dry conditions at temperatures between +5 °C and +35 °C. Always refer to packaging""}",Sika® FerroGard®-670 is a zinc based discrete sacrificial anode placed inside a concrete repair area in reinforced concrete structures which are corroding as a result of chloride induced corrosion. Sika® FerroGard®-670 anodes are placed along the perimeter of the repair area and fixed to the reinforcement prior to the application of a concrete repair system. The reinforcement outside the repaired area is at greatest corrosion risk owing to the passive condition of the reinforcement within the repaired area. Sika® FerroGard®-670 anodes corrode preferentially to the surrounding reinforcement offering protection against incipient corrosion damage. Suitable for use in hot and tropical climatic conditions.,"Sika® FerroGard®-670 is a zinc based discrete sacrificial anode placed inside a concrete repair area in reinforced concrete structures which are corroding as a result of chloride induced corrosion. Sika® FerroGard®-670 anodes are placed along the perimeter of the repair area and fixed to the reinforcement prior to the application of a concrete repair system. The reinforcement outside the repaired area is at greatest corrosion risk owing to the passive condition of the reinforcement within the repaired area. Sika® FerroGard®-670 anodes corrode preferentially to the surrounding reinforcement offering protection against incipient corrosion damage. Suitable for use in hot and tropical climatic conditions. Zinc anode core surrounded by a cementitious mortar casing with two integral conducting galvanised tie wires Product must be stored in original, unopened and undamaged sealed packaging in dry conditions at temperatures between +5 °C and +35 °C. Always refer to packaging",,,,,https://gcc.sika.com/en/construction/refurbishment/concrete-protection/sika-ferrogard-670.html
Sika,Sikagard®-1815,1815,Refurbishment,Concrete Protection,"{""tensile strength"": ""Elongation:"", ""4 mpa"": ""≥ 25 %"", ""packaging"": ""15 L unit (Part A + Part B) \n  Part A - Pigmented base \n  Part B - Hardener"", ""colour"": ""High gloss, heavy bodied, ultra-dense surface.Standard colours are silver grey and window grey."", ""composition"": ""Epoxy polysulfide resin"", ""shelf_life"": ""12 months from production date"", ""storage_conditions"": ""Sikagard®-1815 shall be stored in dry conditions, where it is protected from direct sunlight and at temperatures between +5°C and +25°C."", ""density"": ""~1.55 kg/l (mixed, at 25°C)""}","Sikagard®-1815 is a protective flexible high build epoxy polysulfide resin coating specifically developed to protect concrete and steel from contact with aggressive chemicals, oils, mild acids, solvents and has a broad spectrum of chemical resistance.","Sikagard®-1815 is a protective flexible high build epoxy polysulfide resin coating specifically developed to protect concrete and steel from contact with aggressive chemicals, oils, mild acids, solvents and has a broad spectrum of chemical resistance.",,https://gcc.sika.com/dam/dms/gcc/l/pds-sikagard-1815.pdf,,,https://gcc.sika.com/en/construction/refurbishment/concrete-protection/sikagard-1815.html
Sika,Sikagard®-705 L,705,Refurbishment,Concrete Protection,"{""comply"": ""(EN 13581)"", ""control cem iia-ll 425 n wc  053"": ""13.1 x 10"", ""treated with sikagard"": ""0.6 x 10"", ""control cem iiib 425 n wc  045"": ""0.9 x 10"", ""packaging"": ""25 L pail and 200 L drum."", ""colour"": ""Water like liquid, colourless."", ""composition"": ""Alkoxy silanes (99 % active ingredient)"", ""shelf_life"": ""24 months from date of production"", ""storage_conditions"": ""Store in original, unopened, sealed and undamaged packaging in dry condition at temperatures between +5°C and +30°C. Protect from moisture and direct sunlight."", ""density"": ""~0.900 kg/l (+25 °C)"", ""viscosity"": ""~9 mm²/s (25 °C)""}","Sikagard®-705 L is a one-component low viscosity, solvent free, reactive impregnation for concrete and cementitious substrates based on silane with 99 % active ingredient. Sikagard®-705 L complies with the highest requirements of EN 1504-2 for hydrophobic Impregnation (penetration depth class II &amp; resistance to freeze and thaw salt stresses). Suitable for use in hot and tropical climatic conditions.","Sikagard®-705 L is a one-component low viscosity, solvent free, reactive impregnation for concrete and cementitious substrates based on silane with 99 % active ingredient. Sikagard®-705 L complies with the highest requirements of EN 1504-2 for hydrophobic Impregnation (penetration depth class II & resistance to freeze and thaw salt stresses). Suitable for use in hot and tropical climatic conditions.",,,,,https://gcc.sika.com/en/construction/refurbishment/concrete-protection/sikagard-705-l.html
Sika,Sikagard®-185,185,Refurbishment,Concrete Protection,"{""initial cure"": ""Final cure"", ""24 hours"": ""7 days"", ""packaging"": ""400 L units, supplied in two pre-weighed components, base and reactor"", ""colour"": ""High gloss, heavy bodied, ultra dense surface. Hygienic and easily cleaned.Available in dark grey and black colour."", ""shelf_life"": ""3 months"", ""storage_conditions"": ""Sikagard®-185 shall be stored in dry conditions, where it is protected from direct sunlight and at temperatures between +5 °C and +30 °C."", ""density"": ""~1.35 g/l (mixed, at 25°C)""}",Sikagard®-185 is a protective high build epoxy resin coating specifically developed to protect concrete. Supplied as a two-component system comprising pigmented base and a hardener in 1:1 by volume to produce an easily sprayable and chemical resistant finish. It is solvent free and can be used with safety in small rooms or tanks without the need to provide special ventilation. Sikagard®-185 coatings will not support the growth of bacteria.,"Sikagard®-185 is a protective high build epoxy resin coating specifically developed to protect concrete. Supplied as a two-component system comprising pigmented base and a hardener in 1:1 by volume to produce an easily sprayable and chemical resistant finish. It is solvent free and can be used with safety in small rooms or tanks without the need to provide special ventilation. Sikagard®-185 coatings will not support the growth of bacteria. 400 L units, supplied in two pre-weighed components, base and reactor Sikagard®-185 shall be stored in dry conditions, where it is protected from direct sunlight and at temperatures between +5 °C and +30 °C.",,https://gcc.sika.com/dam/dms/gcc/k/pds-sikagard-185.pdf,,,https://gcc.sika.com/en/construction/refurbishment/concrete-protection/sikagard-185.html
Sika,SikaBond®-115 Strong Fix,115,Sealing Bonding,63559,"{""140 kgl"": ""(ISO 1183-1)"", ""94 after 28 d"": ""(ISO 868)"", ""60 nmm"": ""(ISO 37)"", ""packaging"": ""290 mL cartridge, 12 cartridges per box"", ""colour"": ""White"", ""composition"": ""Acrylic dispersion"", ""shelf_life"": ""18 months from the date of production."", ""storage_conditions"": ""The product must be stored in original, unopened and undamaged sealed packaging in dry conditions at temperatures between +5 °C and +25 °C. Always refer to packaging."", ""density"": ""~1,40 kg/L(ISO 1183-1)""}","SikaBond®-115 Strong Fix is a 1-part, water-based construction adhesive with high final strength which bonds to most construction material substrates. Suitable for use in hot and tropical climatic conditions.","SikaBond®-115 Strong Fix is a 1-part, water-based construction adhesive with high final strength which bonds to most construction material substrates. Suitable for use in hot and tropical climatic conditions.",,,,,https://gcc.sika.com/en/construction/sealing-bonding/63559/sikabond-115-strongfix.html
